"../../../Engine/Plugins/Animation/ACLPlugin/Content/ACLAnimBoneCompressionSettings.uasset" 0
"../../../Engine/Plugins/Animation/ACLPlugin/Content/ACLAnimBoneCompressionSettings.uexp" 1
"../../../Engine/Plugins/2D/Paper2D/Content/PlaceholderTextures/DummySpriteTexture.ubulk" 2
"../../../Engine/Plugins/2D/Paper2D/Content/PlaceholderTextures/DummySpriteTexture.uasset" 3
"../../../Engine/Plugins/2D/Paper2D/Content/PlaceholderTextures/DummySpriteTexture.uexp" 4
"../../../Engine/Plugins/2D/Paper2D/Content/DummySprite.uasset" 5
"../../../Engine/Plugins/2D/Paper2D/Content/DummySprite.uexp" 6
"../../../Engine/Plugins/2D/Paper2D/Content/DefaultPaperTerrainMaterial.uasset" 7
"../../../Engine/Plugins/2D/Paper2D/Content/DefaultPaperTerrainMaterial.uexp" 8
"../../../Engine/Content/EngineMaterials/DefaultPhysicalMaterial.uasset" 9
"../../../Engine/Content/EngineMaterials/DefaultPhysicalMaterial.uexp" 10
"../../../Engine/Content/EngineMaterials/DefaultDestructiblePhysicalMaterial.uasset" 11
"../../../Engine/Content/EngineMaterials/DefaultDestructiblePhysicalMaterial.uexp" 12
"../../../Engine/Content/EngineFonts/Faces/DroidSansFallback.uexp" 13
"../../../Engine/Content/EngineFonts/Faces/DroidSansFallback.uasset" 14
"../../../Engine/Content/EngineFonts/Faces/DroidSansFallback.ufont" 15
"../../../Engine/Content/EngineFonts/Faces/RobotoBold.uexp" 16
"../../../Engine/Content/EngineFonts/Faces/RobotoBold.uasset" 17
"../../../Engine/Content/EngineFonts/Faces/RobotoBold.ufont" 18
"../../../Engine/Content/EngineFonts/Faces/RobotoBoldItalic.uexp" 19
"../../../Engine/Content/EngineFonts/Faces/RobotoBoldItalic.uasset" 20
"../../../Engine/Content/EngineFonts/Faces/RobotoBoldItalic.ufont" 21
"../../../Engine/Content/EngineFonts/Faces/RobotoItalic.uexp" 22
"../../../Engine/Content/EngineFonts/Faces/RobotoItalic.uasset" 23
"../../../Engine/Content/EngineFonts/Faces/RobotoItalic.ufont" 24
"../../../Engine/Content/EngineFonts/Faces/RobotoLight.uexp" 25
"../../../Engine/Content/EngineFonts/Faces/RobotoLight.uasset" 26
"../../../Engine/Content/EngineFonts/Faces/RobotoLight.ufont" 27
"../../../Engine/Content/EngineFonts/Faces/RobotoRegular.uexp" 28
"../../../Engine/Content/EngineFonts/Faces/RobotoRegular.uasset" 29
"../../../Engine/Content/EngineFonts/Faces/RobotoRegular.ufont" 30
"../../../Engine/Content/EngineFonts/Roboto.uasset" 31
"../../../Engine/Content/EngineFonts/Roboto.uexp" 32
"../../../Engine/Content/EngineFonts/Faces/DroidSansMono.uexp" 33
"../../../Engine/Content/EngineFonts/Faces/DroidSansMono.uasset" 34
"../../../Engine/Content/EngineFonts/Faces/DroidSansMono.ufont" 35
"../../../Engine/Content/EngineFonts/DroidSansMono.uasset" 36
"../../../Engine/Content/EngineFonts/DroidSansMono.uexp" 37
"../../../Engine/Plugins/Interchange/Runtime/Content/Pipelines/DefaultTexturePipeline.uasset" 38
"../../../Engine/Plugins/Interchange/Runtime/Content/Pipelines/DefaultTexturePipeline.uexp" 39
"../../../Engine/Plugins/Interchange/Runtime/Content/Pipelines/DefaultSceneLevelPipeline.uasset" 40
"../../../Engine/Plugins/Interchange/Runtime/Content/Pipelines/DefaultSceneLevelPipeline.uexp" 41
"../../../Engine/Plugins/Interchange/Runtime/Content/Pipelines/DefaultSceneAssetsPipeline.uasset" 42
"../../../Engine/Plugins/Interchange/Runtime/Content/Pipelines/DefaultSceneAssetsPipeline.uexp" 43
"../../../Engine/Plugins/Interchange/Runtime/Content/Pipelines/DefaultMaterialXPipeline.uasset" 44
"../../../Engine/Plugins/Interchange/Runtime/Content/Pipelines/DefaultMaterialXPipeline.uexp" 45
"../../../Engine/Plugins/Interchange/Runtime/Content/Pipelines/DefaultMaterialPipeline.uasset" 46
"../../../Engine/Plugins/Interchange/Runtime/Content/Pipelines/DefaultMaterialPipeline.uexp" 47
"../../../Engine/Plugins/Interchange/Runtime/Content/Pipelines/DefaultGLTFSceneAssetsPipeline.uasset" 48
"../../../Engine/Plugins/Interchange/Runtime/Content/Pipelines/DefaultGLTFSceneAssetsPipeline.uexp" 49
"../../../Engine/Plugins/Interchange/Runtime/Content/Pipelines/DefaultGLTFPipeline.uasset" 50
"../../../Engine/Plugins/Interchange/Runtime/Content/Pipelines/DefaultGLTFPipeline.uexp" 51
"../../../Engine/Plugins/Interchange/Runtime/Content/Pipelines/DefaultGLTFAssetsPipeline.uasset" 52
"../../../Engine/Plugins/Interchange/Runtime/Content/Pipelines/DefaultGLTFAssetsPipeline.uexp" 53
"../../../Engine/Plugins/Interchange/Runtime/Content/Pipelines/DefaultAssetsPipeline.uasset" 54
"../../../Engine/Plugins/Interchange/Runtime/Content/Pipelines/DefaultAssetsPipeline.uexp" 55
"../../../Engine/Content/EngineSounds/Master.uasset" 56
"../../../Engine/Content/EngineSounds/Master.uexp" 57
"../../../Engine/Content/EngineResources/GradientTexture0.uasset" 58
"../../../Engine/Content/EngineResources/GradientTexture0.uexp" 59
"../../../Engine/Content/EngineResources/Black.uasset" 60
"../../../Engine/Content/EngineResources/Black.uexp" 61
"../../../Engine/Content/EditorResources/S_Actor.ubulk" 62
"../../../Engine/Content/EditorResources/S_Actor.uasset" 63
"../../../Engine/Content/EditorResources/S_Actor.uexp" 64
"../../../Engine/Plugins/NNE/NNEDenoiser/Content/NNEDTOM_Output_Default.uasset" 65
"../../../Engine/Plugins/NNE/NNEDenoiser/Content/NNEDTOM_Output_Default.uexp" 66
"../../../Engine/Plugins/NNE/NNEDenoiser/Content/NNEDTOM_Output_Alpha.uasset" 67
"../../../Engine/Plugins/NNE/NNEDenoiser/Content/NNEDTOM_Output_Alpha.uexp" 68
"../../../Engine/Plugins/NNE/NNEDenoiser/Content/NNEDTIM_ColorAlbedoNormal_Default.uasset" 69
"../../../Engine/Plugins/NNE/NNEDenoiser/Content/NNEDTIM_ColorAlbedoNormal_Default.uexp" 70
"../../../Engine/Plugins/NNE/NNEDenoiser/Content/NNEDTIM_ColorAlbedoNormal_Alpha.uasset" 71
"../../../Engine/Plugins/NNE/NNEDenoiser/Content/NNEDTIM_ColorAlbedoNormal_Alpha.uexp" 72
"../../../Engine/Plugins/NNE/NNEDenoiser/Content/NNEDOM_Output_Default.uasset" 73
"../../../Engine/Plugins/NNE/NNEDenoiser/Content/NNEDOM_Output_Default.uexp" 74
"../../../Engine/Plugins/NNE/NNEDenoiser/Content/NNEDOM_Output_Alpha.uasset" 75
"../../../Engine/Plugins/NNE/NNEDenoiser/Content/NNEDOM_Output_Alpha.uexp" 76
"../../../Engine/Plugins/NNE/NNEDenoiser/Content/NNEDIM_HighQuality_Default.uasset" 77
"../../../Engine/Plugins/NNE/NNEDenoiser/Content/NNEDIM_HighQuality_Default.uexp" 78
"../../../Engine/Plugins/NNE/NNEDenoiser/Content/NNEDIM_HighQuality_Alpha.uasset" 79
"../../../Engine/Plugins/NNE/NNEDenoiser/Content/NNEDIM_HighQuality_Alpha.uexp" 80
"../../../Engine/Plugins/NNE/NNEDenoiser/Content/NNEDIM_ColorAlbedoNormal_Default.uasset" 81
"../../../Engine/Plugins/NNE/NNEDenoiser/Content/NNEDIM_ColorAlbedoNormal_Default.uexp" 82
"../../../Engine/Plugins/NNE/NNEDenoiser/Content/NNEDIM_ColorAlbedoNormal_Alpha.uasset" 83
"../../../Engine/Plugins/NNE/NNEDenoiser/Content/NNEDIM_ColorAlbedoNormal_Alpha.uexp" 84
"../../../Engine/Content/Functions/Engine_MaterialFunctions02/WorldPositionOffset/CameraOffset.uasset" 85
"../../../Engine/Content/Functions/Engine_MaterialFunctions02/WorldPositionOffset/CameraOffset.uexp" 86
"../../../Engine/Plugins/Animation/ControlRig/Content/M_Manip.uasset" 87
"../../../Engine/Plugins/Animation/ControlRig/Content/M_Manip.uexp" 88
"../../../Engine/Content/EditorLandscapeResources/WhiteSquareTexture.uasset" 89
"../../../Engine/Content/EditorLandscapeResources/WhiteSquareTexture.uexp" 90
"../../../Engine/Content/EditorLandscapeResources/LayerVisMaterial.uasset" 91
"../../../Engine/Content/EditorLandscapeResources/LayerVisMaterial.uexp" 92
"../../../Engine/Content/Functions/Engine_MaterialFunctions02/Utility/BreakOutFloat2Components.uasset" 93
"../../../Engine/Content/Functions/Engine_MaterialFunctions02/Utility/BreakOutFloat2Components.uexp" 94
"../../../Engine/Content/Functions/Engine_MaterialFunctions01/Texturing/ScaleUVsByCenter.uasset" 95
"../../../Engine/Content/Functions/Engine_MaterialFunctions01/Texturing/ScaleUVsByCenter.uexp" 96
"../../../Engine/Content/Functions/Engine_MaterialFunctions02/WorldPositionOffset/LocalPosition.uasset" 97
"../../../Engine/Content/Functions/Engine_MaterialFunctions02/WorldPositionOffset/LocalPosition.uexp" 98
"../../../Engine/Content/EngineMaterials/DefaultDiffuse.ubulk" 99
"../../../Engine/Content/EngineMaterials/DefaultDiffuse.uasset" 100
"../../../Engine/Content/EngineMaterials/DefaultDiffuse.uexp" 101
"../../../Engine/Content/Functions/Engine_MaterialFunctions01/Texturing/TextureCropping.uasset" 102
"../../../Engine/Content/Functions/Engine_MaterialFunctions01/Texturing/TextureCropping.uexp" 103
"../../../Engine/Content/Functions/Engine_MaterialFunctions02/ExampleContent/DebugNumberStrip.uasset" 104
"../../../Engine/Content/Functions/Engine_MaterialFunctions02/ExampleContent/DebugNumberStrip.uexp" 105
"../../../Engine/Content/Functions/Engine_MaterialFunctions01/Debug/DebugIntValues.uasset" 106
"../../../Engine/Content/Functions/Engine_MaterialFunctions01/Debug/DebugIntValues.uexp" 107
"../../../Engine/Content/EditorLandscapeResources/LandscapeLayerUsageMaterial.uasset" 108
"../../../Engine/Content/EditorLandscapeResources/LandscapeLayerUsageMaterial.uexp" 109
"../../../Engine/Content/EditorLandscapeResources/DefaultAlphaTexture.uasset" 110
"../../../Engine/Content/EditorLandscapeResources/DefaultAlphaTexture.uexp" 111
"../../../Engine/Content/EditorLandscapeResources/LandscapeDirtyMaterial.uasset" 112
"../../../Engine/Content/EditorLandscapeResources/LandscapeDirtyMaterial.uexp" 113
"../../../Engine/Content/EngineMaterials/RemoveSurfaceMaterial.uasset" 114
"../../../Engine/Content/EngineMaterials/RemoveSurfaceMaterial.uexp" 115
"../../../Engine/Content/EngineMaterials/PreintegratedSkinBRDF.uasset" 116
"../../../Engine/Content/EngineMaterials/PreintegratedSkinBRDF.uexp" 117
"../../../Engine/Content/EngineMaterials/DefaultCalibrationGrayscale.uasset" 118
"../../../Engine/Content/EngineMaterials/DefaultCalibrationGrayscale.uexp" 119
"../../../Engine/Content/EngineMaterials/PPM_DefaultCalibrationGrayscale.uasset" 120
"../../../Engine/Content/EngineMaterials/PPM_DefaultCalibrationGrayscale.uexp" 121
"../../../Engine/Content/EngineMaterials/DefaultCalibrationColor.uasset" 122
"../../../Engine/Content/EngineMaterials/DefaultCalibrationColor.uexp" 123
"../../../Engine/Content/EngineMaterials/PPM_DefaultCalibrationColor.uasset" 124
"../../../Engine/Content/EngineMaterials/PPM_DefaultCalibrationColor.uexp" 125
"../../../Engine/Content/EngineMaterials/PhAT_JointLimitMaterial.uasset" 126
"../../../Engine/Content/EngineMaterials/PhAT_JointLimitMaterial.uexp" 127
"../../../Engine/Content/EngineMaterials/NaniteHiddenSectionMaterial.uasset" 128
"../../../Engine/Content/EngineMaterials/NaniteHiddenSectionMaterial.uexp" 129
"../../../Engine/Content/EngineMaterials/InvalidLightmapSettings.ubulk" 130
"../../../Engine/Content/EngineMaterials/InvalidLightmapSettings.uasset" 131
"../../../Engine/Content/EngineMaterials/InvalidLightmapSettings.uexp" 132
"../../../Engine/Content/EngineMaterials/M_InvalidLightmapSettings.uasset" 133
"../../../Engine/Content/EngineMaterials/M_InvalidLightmapSettings.uexp" 134
"../../../Engine/Content/EngineMaterials/MiniFont.uasset" 135
"../../../Engine/Content/EngineMaterials/MiniFont.uexp" 136
"../../../Engine/Content/EngineMaterials/GizmoMaterial.uasset" 137
"../../../Engine/Content/EngineMaterials/GizmoMaterial.uexp" 138
"../../../Engine/Content/EngineMaterials/BaseFlattenDiffuseMap_VT.ubulk" 139
"../../../Engine/Content/EngineMaterials/BaseFlattenDiffuseMap_VT.uasset" 140
"../../../Engine/Content/EngineMaterials/BaseFlattenDiffuseMap_VT.uexp" 141
"../../../Engine/Content/EngineMaterials/BaseFlattenEmissiveMap_VT.ubulk" 142
"../../../Engine/Content/EngineMaterials/BaseFlattenEmissiveMap_VT.uasset" 143
"../../../Engine/Content/EngineMaterials/BaseFlattenEmissiveMap_VT.uexp" 144
"../../../Engine/Content/EngineMaterials/BaseFlattenGrayscaleMap_VT.ubulk" 145
"../../../Engine/Content/EngineMaterials/BaseFlattenGrayscaleMap_VT.uasset" 146
"../../../Engine/Content/EngineMaterials/BaseFlattenGrayscaleMap_VT.uexp" 147
"../../../Engine/Content/EngineMaterials/BaseFlattenLinearColor_VT.ubulk" 148
"../../../Engine/Content/EngineMaterials/BaseFlattenLinearColor_VT.uasset" 149
"../../../Engine/Content/EngineMaterials/BaseFlattenLinearColor_VT.uexp" 150
"../../../Engine/Content/EngineMaterials/BaseFlattenNormalMap_VT.ubulk" 151
"../../../Engine/Content/EngineMaterials/BaseFlattenNormalMap_VT.uasset" 152
"../../../Engine/Content/EngineMaterials/BaseFlattenNormalMap_VT.uexp" 153
"../../../Engine/Content/EngineMaterials/Black_1x1_EXR_Texture_VT.ubulk" 154
"../../../Engine/Content/EngineMaterials/Black_1x1_EXR_Texture_VT.uasset" 155
"../../../Engine/Content/EngineMaterials/Black_1x1_EXR_Texture_VT.uexp" 156
"../../../Engine/Content/EngineMaterials/FlattenMaterial_WS_Normal_VT.uasset" 157
"../../../Engine/Content/EngineMaterials/FlattenMaterial_WS_Normal_VT.uexp" 158
"../../../Engine/Content/EngineMaterials/FlattenMaterial_VT.uasset" 159
"../../../Engine/Content/EngineMaterials/FlattenMaterial_VT.uexp" 160
"../../../Engine/Content/EngineMaterials/BaseFlattenLinearColor.uasset" 161
"../../../Engine/Content/EngineMaterials/BaseFlattenLinearColor.uexp" 162
"../../../Engine/Content/EngineMaterials/BaseFlattenNormalMap.uasset" 163
"../../../Engine/Content/EngineMaterials/BaseFlattenNormalMap.uexp" 164
"../../../Engine/Content/EngineMaterials/BaseFlattenDiffuseMap.uasset" 165
"../../../Engine/Content/EngineMaterials/BaseFlattenDiffuseMap.uexp" 166
"../../../Engine/Content/EngineMaterials/BaseFlattenEmissiveMap.uasset" 167
"../../../Engine/Content/EngineMaterials/BaseFlattenEmissiveMap.uexp" 168
"../../../Engine/Content/EngineMaterials/BaseFlattenGrayscaleMap.uasset" 169
"../../../Engine/Content/EngineMaterials/BaseFlattenGrayscaleMap.uexp" 170
"../../../Engine/Content/Functions/Engine_MaterialFunctions02/PivotPainter2/Black_1x1_EXR_Texture.uasset" 171
"../../../Engine/Content/Functions/Engine_MaterialFunctions02/PivotPainter2/Black_1x1_EXR_Texture.uexp" 172
"../../../Engine/Content/EngineMaterials/FlattenMaterial.uasset" 173
"../../../Engine/Content/EngineMaterials/FlattenMaterial.uexp" 174
"../../../Engine/Content/EngineMaterials/FastBlueNoise_vec2_128x128x64.uasset" 175
"../../../Engine/Content/EngineMaterials/FastBlueNoise_vec2_128x128x64.uexp" 176
"../../../Engine/Content/EngineMaterials/FastBlueNoise_scalar_128x128x8.uasset" 177
"../../../Engine/Content/EngineMaterials/FastBlueNoise_scalar_128x128x8.uexp" 178
"../../../Engine/Content/EngineMaterials/FastBlueNoise_scalar_128x128x64.uasset" 179
"../../../Engine/Content/EngineMaterials/FastBlueNoise_scalar_128x128x64.uexp" 180
"../../../Engine/Content/EngineMaterials/DefaultWhiteGrid_Low.uasset" 181
"../../../Engine/Content/EngineMaterials/DefaultWhiteGrid_Low.uexp" 182
"../../../Engine/Content/EngineMaterials/EmissiveMeshMaterial.uasset" 183
"../../../Engine/Content/EngineMaterials/EmissiveMeshMaterial.uexp" 184
"../../../Engine/Content/EngineMaterials/DefaultWhiteGrid.ubulk" 185
"../../../Engine/Content/EngineMaterials/DefaultWhiteGrid.uasset" 186
"../../../Engine/Content/EngineMaterials/DefaultWhiteGrid.uexp" 187
"../../../Engine/Content/EngineFonts/RobotoDistanceField.uasset" 188
"../../../Engine/Content/EngineFonts/RobotoDistanceField.uexp" 189
"../../../Engine/Content/EngineMaterials/DefaultTextMaterialOpaque.uasset" 190
"../../../Engine/Content/EngineMaterials/DefaultTextMaterialOpaque.uexp" 191
"../../../Engine/Content/EngineMaterials/DefaultPostProcessMaterial.uasset" 192
"../../../Engine/Content/EngineMaterials/DefaultPostProcessMaterial.uexp" 193
"../../../Engine/Content/EngineMaterials/DefaultLightFunctionMaterial.uasset" 194
"../../../Engine/Content/EngineMaterials/DefaultLightFunctionMaterial.uexp" 195
"../../../Engine/Content/EngineMaterials/DefaultDeferredDecalMaterial.uasset" 196
"../../../Engine/Content/EngineMaterials/DefaultDeferredDecalMaterial.uexp" 197
"../../../Engine/Content/EngineMaterials/DefaultBokeh.uasset" 198
"../../../Engine/Content/EngineMaterials/DefaultBokeh.uexp" 199
"../../../Engine/Content/EngineMaterials/DefaultBloomKernel.uasset" 200
"../../../Engine/Content/EngineMaterials/DefaultBloomKernel.uexp" 201
"../../../Engine/Content/Functions/Engine_MaterialFunctions02/Utility/CameraDirectionVector.uasset" 202
"../../../Engine/Content/Functions/Engine_MaterialFunctions02/Utility/CameraDirectionVector.uexp" 203
"../../../Engine/Content/EngineDebugMaterials/VolumeToRender.uasset" 204
"../../../Engine/Content/EngineDebugMaterials/VolumeToRender.uexp" 205
"../../../Engine/Content/EngineDebugMaterials/M_VolumeRenderSphereTracePP.uasset" 206
"../../../Engine/Content/EngineDebugMaterials/M_VolumeRenderSphereTracePP.uexp" 207
"../../../Engine/Content/EngineDebugMaterials/M_SimpleUnlitTranslucent.uasset" 208
"../../../Engine/Content/EngineDebugMaterials/M_SimpleUnlitTranslucent.uexp" 209
"../../../Engine/Content/EngineDebugMaterials/DebugMeshMaterial.uasset" 210
"../../../Engine/Content/EngineDebugMaterials/DebugMeshMaterial.uexp" 211
"../../../Engine/Content/EngineDebugMaterials/DebugEditorMaterial.uasset" 212
"../../../Engine/Content/EngineDebugMaterials/DebugEditorMaterial.uexp" 213
"../../../Engine/Content/EngineDamageTypes/DmgTypeBP_Environmental.uasset" 214
"../../../Engine/Content/EngineDamageTypes/DmgTypeBP_Environmental.uexp" 215
"../../../Engine/Content/EditorResources/S_TriggerSphere.uasset" 216
"../../../Engine/Content/EditorResources/S_TriggerSphere.uexp" 217
"../../../Engine/Content/EditorResources/S_TriggerCapsule.uasset" 218
"../../../Engine/Content/EditorResources/S_TriggerCapsule.uexp" 219
"../../../Engine/Content/EditorResources/S_TriggerBox.uasset" 220
"../../../Engine/Content/EditorResources/S_TriggerBox.uexp" 221
"../../../Engine/Content/EditorResources/S_Trigger.ubulk" 222
"../../../Engine/Content/EditorResources/S_Trigger.uasset" 223
"../../../Engine/Content/EditorResources/S_Trigger.uexp" 224
"../../../Engine/Content/EditorResources/S_Terrain.ubulk" 225
"../../../Engine/Content/EditorResources/S_Terrain.uasset" 226
"../../../Engine/Content/EditorResources/S_Terrain.uexp" 227
"../../../Engine/Content/EditorResources/S_Solver.ubulk" 228
"../../../Engine/Content/EditorResources/S_Solver.uasset" 229
"../../../Engine/Content/EditorResources/S_Solver.uexp" 230
"../../../Engine/Content/EditorResources/S_BoxReflectionCapture.uasset" 231
"../../../Engine/Content/EditorResources/S_BoxReflectionCapture.uexp" 232
"../../../Engine/Content/EditorResources/BSPVertex.uasset" 233
"../../../Engine/Content/EditorResources/BSPVertex.uexp" 234
"../../../Engine/Content/EditorMaterials/PreviewShadowIndicator.ubulk" 235
"../../../Engine/Content/EditorMaterials/PreviewShadowIndicator.uasset" 236
"../../../Engine/Content/EditorMaterials/PreviewShadowIndicator.uexp" 237
"../../../Engine/Content/EditorMaterials/PreviewShadowIndicatorMaterial.uasset" 238
"../../../Engine/Content/EditorMaterials/PreviewShadowIndicatorMaterial.uexp" 239
"../../../Engine/Content/EditorMaterials/PhAT_UnselectedMaterial.uasset" 240
"../../../Engine/Content/EditorMaterials/PhAT_UnselectedMaterial.uexp" 241
"../../../Engine/Content/EditorMaterials/PhAT_NoCollisionMaterial.uasset" 242
"../../../Engine/Content/EditorMaterials/PhAT_NoCollisionMaterial.uexp" 243
"../../../Engine/Plugins/VirtualProduction/CameraCalibrationCore/Content/Materials/M_DefaultOddSquare.uasset" 244
"../../../Engine/Plugins/VirtualProduction/CameraCalibrationCore/Content/Materials/M_DefaultOddSquare.uexp" 245
"../../../Engine/Plugins/VirtualProduction/CameraCalibrationCore/Content/Materials/M_DefaultEvenSquare.uasset" 246
"../../../Engine/Plugins/VirtualProduction/CameraCalibrationCore/Content/Materials/M_DefaultEvenSquare.uexp" 247
"../../../Engine/Plugins/Runtime/HairStrands/Content/Materials/HairMeshesDefaultMaterial.uasset" 248
"../../../Engine/Plugins/Runtime/HairStrands/Content/Materials/HairMeshesDefaultMaterial.uexp" 249
"../../../Engine/Plugins/Runtime/HairStrands/Content/Materials/HairDefaultMaterial.uasset" 250
"../../../Engine/Plugins/Runtime/HairStrands/Content/Materials/HairDefaultMaterial.uexp" 251
"../../../Engine/Content/Functions/Engine_MaterialFunctions02/Utility/MakeFloat2.uasset" 252
"../../../Engine/Content/Functions/Engine_MaterialFunctions02/Utility/MakeFloat2.uexp" 253
"../../../Engine/Content/Functions/Engine_MaterialFunctions02/Utility/MakeFloat3.uasset" 254
"../../../Engine/Content/Functions/Engine_MaterialFunctions02/Utility/MakeFloat3.uexp" 255
"../../../Engine/Plugins/Runtime/HairStrands/Content/Materials/HairGroupColors.uasset" 256
"../../../Engine/Plugins/Runtime/HairStrands/Content/Materials/HairGroupColors.uexp" 257
"../../../Engine/Content/EngineMaterials/HairColorMap.uasset" 258
"../../../Engine/Content/EngineMaterials/HairColorMap.uexp" 259
"../../../Engine/Content/EngineMaterials/HairDebugColor.uasset" 260
"../../../Engine/Content/EngineMaterials/HairDebugColor.uexp" 261
"../../../Engine/Plugins/Runtime/HairStrands/Content/Materials/HairDebugMaterial.uasset" 262
"../../../Engine/Plugins/Runtime/HairStrands/Content/Materials/HairDebugMaterial.uexp" 263
"../../../Engine/Plugins/Runtime/HairStrands/Content/Materials/HairCardsDefaultMaterial.uasset" 264
"../../../Engine/Plugins/Runtime/HairStrands/Content/Materials/HairCardsDefaultMaterial.uexp" 265
"../../../Engine/Plugins/Runtime/AudioWidgets/Content/Resources/ScrubHandleDown_Clamped.uasset" 266
"../../../Engine/Plugins/Runtime/AudioWidgets/Content/Resources/ScrubHandleDown_Clamped.uexp" 267
"../../../Engine/Plugins/Interchange/Assets/Content/Functions/MX_UsdPreviewSurface.uasset" 268
"../../../Engine/Plugins/Interchange/Assets/Content/Functions/MX_UsdPreviewSurface.uexp" 269
"../../../Engine/Plugins/Interchange/Assets/Content/Functions/MX_UniformEDF.uasset" 270
"../../../Engine/Plugins/Interchange/Assets/Content/Functions/MX_UniformEDF.uexp" 271
"../../../Engine/Plugins/Interchange/Assets/Content/Functions/MX_TranslucentBSDF.uasset" 272
"../../../Engine/Plugins/Interchange/Assets/Content/Functions/MX_TranslucentBSDF.uexp" 273
"../../../Engine/Plugins/Interchange/Assets/Content/Functions/MX_ThinFilmBSDF.uasset" 274
"../../../Engine/Plugins/Interchange/Assets/Content/Functions/MX_ThinFilmBSDF.uexp" 275
"../../../Engine/Plugins/Interchange/Assets/Content/Functions/MX_SurfaceUnlit.uasset" 276
"../../../Engine/Plugins/Interchange/Assets/Content/Functions/MX_SurfaceUnlit.uexp" 277
"../../../Engine/Plugins/Interchange/Assets/Content/Functions/MX_Surface.uasset" 278
"../../../Engine/Plugins/Interchange/Assets/Content/Functions/MX_Surface.uexp" 279
"../../../Engine/Plugins/Interchange/Assets/Content/Functions/MX_SubsurfaceBSDF.uasset" 280
"../../../Engine/Plugins/Interchange/Assets/Content/Functions/MX_SubsurfaceBSDF.uexp" 281
"../../../Engine/Plugins/Interchange/Assets/Content/Functions/MX_SheenBSDF.uasset" 282
"../../../Engine/Plugins/Interchange/Assets/Content/Functions/MX_SheenBSDF.uexp" 283
"../../../Engine/Plugins/Interchange/Assets/Content/Functions/MX_OrenNayarBSDF.uasset" 284
"../../../Engine/Plugins/Interchange/Assets/Content/Functions/MX_OrenNayarBSDF.uexp" 285
"../../../Engine/Plugins/Interchange/Assets/Content/Functions/MF_IridescenceNoLUT.uasset" 286
"../../../Engine/Plugins/Interchange/Assets/Content/Functions/MF_IridescenceNoLUT.uexp" 287
"../../../Engine/Plugins/Interchange/Assets/Content/Functions/MX_StandardSurface.uasset" 288
"../../../Engine/Plugins/Interchange/Assets/Content/Functions/MX_StandardSurface.uexp" 289
"../../../Engine/Plugins/Interchange/Assets/Content/Functions/MX_TransmissionSurface.uasset" 290
"../../../Engine/Plugins/Interchange/Assets/Content/Functions/MX_TransmissionSurface.uexp" 291
"../../../Engine/Plugins/Interchange/Assets/Content/Functions/MX_OpenPBR_Translucent.uasset" 292
"../../../Engine/Plugins/Interchange/Assets/Content/Functions/MX_OpenPBR_Translucent.uexp" 293
"../../../Engine/Plugins/Interchange/Assets/Content/Functions/MX_OpenPBR_Opaque.uasset" 294
"../../../Engine/Plugins/Interchange/Assets/Content/Functions/MX_OpenPBR_Opaque.uexp" 295
"../../../Engine/Plugins/Interchange/Assets/Content/Functions/MX_MeasuredEDF.uasset" 296
"../../../Engine/Plugins/Interchange/Assets/Content/Functions/MX_MeasuredEDF.uexp" 297
"../../../Engine/Plugins/Interchange/Assets/Content/Functions/MX_GeneralizedSchlickBSDF.uasset" 298
"../../../Engine/Plugins/Interchange/Assets/Content/Functions/MX_GeneralizedSchlickBSDF.uexp" 299
"../../../Engine/Plugins/Interchange/Assets/Content/Functions/MX_Displacement.uasset" 300
"../../../Engine/Plugins/Interchange/Assets/Content/Functions/MX_Displacement.uexp" 301
"../../../Engine/Plugins/Interchange/Assets/Content/Functions/MX_DielectricBSDF.uasset" 302
"../../../Engine/Plugins/Interchange/Assets/Content/Functions/MX_DielectricBSDF.uexp" 303
"../../../Engine/Plugins/Interchange/Assets/Content/Functions/MX_ConicalEDF.uasset" 304
"../../../Engine/Plugins/Interchange/Assets/Content/Functions/MX_ConicalEDF.uexp" 305
"../../../Engine/Plugins/Interchange/Assets/Content/Functions/MX_ConductorBSDF.uasset" 306
"../../../Engine/Plugins/Interchange/Assets/Content/Functions/MX_ConductorBSDF.uexp" 307
"../../../Engine/Plugins/Interchange/Assets/Content/Functions/MX_BurleyDiffuseBSDF.uasset" 308
"../../../Engine/Plugins/Interchange/Assets/Content/Functions/MX_BurleyDiffuseBSDF.uexp" 309
"../../../Engine/Plugins/Interchange/Assets/Content/Functions/MX_AnisotropicVDF.uasset" 310
"../../../Engine/Plugins/Interchange/Assets/Content/Functions/MX_AnisotropicVDF.uexp" 311
"../../../Engine/Plugins/Interchange/Assets/Content/Functions/MX_AbsorptionVDF.uasset" 312
"../../../Engine/Plugins/Interchange/Assets/Content/Functions/MX_AbsorptionVDF.uexp" 313
"../../../Engine/Content/Functions/Engine_MaterialFunctions02/Utility/VectorLength.uasset" 314
"../../../Engine/Content/Functions/Engine_MaterialFunctions02/Utility/VectorLength.uexp" 315
"../../../Engine/Content/Functions/Engine_MaterialFunctions02/Utility/BreakOutFloat3Components.uasset" 316
"../../../Engine/Content/Functions/Engine_MaterialFunctions02/Utility/BreakOutFloat3Components.uexp" 317
"../../../Engine/Content/Functions/Engine_MaterialFunctions02/WorldPositionOffset/ObjectScale.uasset" 318
"../../../Engine/Content/Functions/Engine_MaterialFunctions02/WorldPositionOffset/ObjectScale.uexp" 319
"../../../Engine/Content/Functions/Engine_MaterialFunctions02/SafeNormalize.uasset" 320
"../../../Engine/Content/Functions/Engine_MaterialFunctions02/SafeNormalize.uexp" 321
"../../../Engine/Plugins/Editor/SpeedTreeImporter/Content/SpeedTree9/UnpackInteger3.uasset" 322
"../../../Engine/Plugins/Editor/SpeedTreeImporter/Content/SpeedTree9/UnpackInteger3.uexp" 323
"../../../Engine/Plugins/Editor/SpeedTreeImporter/Content/SpeedTree9/UnpackDirection.uasset" 324
"../../../Engine/Plugins/Editor/SpeedTreeImporter/Content/SpeedTree9/UnpackDirection.uexp" 325
"../../../Engine/Plugins/Editor/SpeedTreeImporter/Content/SpeedTree9/game_wind_noise.ubulk" 326
"../../../Engine/Plugins/Editor/SpeedTreeImporter/Content/SpeedTree9/game_wind_noise.uasset" 327
"../../../Engine/Plugins/Editor/SpeedTreeImporter/Content/SpeedTree9/game_wind_noise.uexp" 328
"../../../Engine/Plugins/Editor/SpeedTreeImporter/Content/SpeedTree9/SpeedTreeWindMotion.uasset" 329
"../../../Engine/Plugins/Editor/SpeedTreeImporter/Content/SpeedTree9/SpeedTreeWindMotion.uexp" 330
"../../../Engine/Plugins/Editor/SpeedTreeImporter/Content/SpeedTree9/SpeedTreeBranchMotion.uasset" 331
"../../../Engine/Plugins/Editor/SpeedTreeImporter/Content/SpeedTree9/SpeedTreeBranchMotion.uexp" 332
"../../../Engine/Content/Functions/Engine_MaterialFunctions02/ObjectLocalBounds.uasset" 333
"../../../Engine/Content/Functions/Engine_MaterialFunctions02/ObjectLocalBounds.uexp" 334
"../../../Engine/Content/Functions/Engine_MaterialFunctions02/UVs/BoundingBoxBased_0-1_UVW.uasset" 335
"../../../Engine/Content/Functions/Engine_MaterialFunctions02/UVs/BoundingBoxBased_0-1_UVW.uexp" 336
"../../../Engine/Plugins/Editor/SpeedTreeImporter/Content/SpeedTree9/SpeedTreeWind.uasset" 337
"../../../Engine/Plugins/Editor/SpeedTreeImporter/Content/SpeedTree9/SpeedTreeWind.uexp" 338
"../../../Engine/Plugins/Editor/SpeedTreeImporter/Content/SpeedTree9/SpeedTreeCameraFacing.uasset" 339
"../../../Engine/Plugins/Editor/SpeedTreeImporter/Content/SpeedTree9/SpeedTreeCameraFacing.uexp" 340
"../../../Engine/Plugins/Editor/SpeedTreeImporter/Content/SpeedTree9/EmptyNormal.uasset" 341
"../../../Engine/Plugins/Editor/SpeedTreeImporter/Content/SpeedTree9/EmptyNormal.uexp" 342
"../../../Engine/Plugins/Editor/SpeedTreeImporter/Content/SpeedTree9/Empty.uasset" 343
"../../../Engine/Plugins/Editor/SpeedTreeImporter/Content/SpeedTree9/Empty.uexp" 344
"../../../Engine/Plugins/Editor/SpeedTreeImporter/Content/SpeedTree9/SpeedTreeMaster.uasset" 345
"../../../Engine/Plugins/Editor/SpeedTreeImporter/Content/SpeedTree9/SpeedTreeMaster.uexp" 346
"../../../Engine/Plugins/Editor/SpeedTreeImporter/Content/SpeedTree9/SpeedTreeBillboard.uasset" 347
"../../../Engine/Plugins/Editor/SpeedTreeImporter/Content/SpeedTree9/SpeedTreeBillboard.uexp" 348
"../../../Engine/Plugins/Editor/SpeedTreeImporter/Content/SpeedTree9/SpeedTreeBillboardMaster.uasset" 349
"../../../Engine/Plugins/Editor/SpeedTreeImporter/Content/SpeedTree9/SpeedTreeBillboardMaster.uexp" 350
"../../../Engine/Plugins/Animation/ControlRig/Content/Controls/ControlRigXRayMaterial.uasset" 351
"../../../Engine/Plugins/Animation/ControlRig/Content/Controls/ControlRigXRayMaterial.uexp" 352
"../../../Engine/Plugins/Animation/ControlRig/Content/Controls/ControlRigGizmoMaterial.uasset" 353
"../../../Engine/Plugins/Animation/ControlRig/Content/Controls/ControlRigGizmoMaterial.uexp" 354
"../../../Engine/Content/EngineResources/FilmGrains/Marcie_Grain_v3_128_M2_000.uasset" 355
"../../../Engine/Content/EngineResources/FilmGrains/Marcie_Grain_v3_128_M2_000.uexp" 356
"../../../Engine/Content/EngineResources/Development/ZenLogo_64.uasset" 357
"../../../Engine/Content/EngineResources/Development/ZenLogo_64.uexp" 358
"../../../Engine/Content/EngineMaterials/LTC/Sheen_LTC.uasset" 359
"../../../Engine/Content/EngineMaterials/LTC/Sheen_LTC.uexp" 360
"../../../Engine/Content/EngineMaterials/LTC/GGX_LTCMat.uasset" 361
"../../../Engine/Content/EngineMaterials/LTC/GGX_LTCMat.uexp" 362
"../../../Engine/Content/EngineMaterials/LTC/GGX_LTCAmp.uasset" 363
"../../../Engine/Content/EngineMaterials/LTC/GGX_LTCAmp.uexp" 364
"../../../Engine/Content/EngineMaterials/EnergyConservation/Sheen_Energy.uasset" 365
"../../../Engine/Content/EngineMaterials/EnergyConservation/Sheen_Energy.uexp" 366
"../../../Engine/Content/EngineMaterials/EnergyConservation/SheenLegacy_Energy.uasset" 367
"../../../Engine/Content/EngineMaterials/EnergyConservation/SheenLegacy_Energy.uexp" 368
"../../../Engine/Content/EngineMaterials/EnergyConservation/GGX_TransmissionEnergyArray.uasset" 369
"../../../Engine/Content/EngineMaterials/EnergyConservation/GGX_TransmissionEnergyArray.uexp" 370
"../../../Engine/Content/EngineMaterials/EnergyConservation/GGX_ReflectionEnergy.uasset" 371
"../../../Engine/Content/EngineMaterials/EnergyConservation/GGX_ReflectionEnergy.uexp" 372
"../../../Engine/Content/EngineMaterials/EnergyConservation/Diffuse_Energy.uasset" 373
"../../../Engine/Content/EngineMaterials/EnergyConservation/Diffuse_Energy.uexp" 374
"../../../Engine/Content/EditorResources/SequenceRecorder/RecordingIndicator.uasset" 375
"../../../Engine/Content/EditorResources/SequenceRecorder/RecordingIndicator.uexp" 376
"../../../Engine/Content/EditorResources/SequenceRecorder/Countdown.uasset" 377
"../../../Engine/Content/EditorResources/SequenceRecorder/Countdown.uexp" 378
"../../../Engine/Content/EditorMaterials/ParticleSystems/PSysThumbnail_OOD.ubulk" 379
"../../../Engine/Content/EditorMaterials/ParticleSystems/PSysThumbnail_OOD.uasset" 380
"../../../Engine/Content/EditorMaterials/ParticleSystems/PSysThumbnail_OOD.uexp" 381
"../../../Engine/Content/EditorMaterials/ParticleSystems/PSysThumbnail_NoImage.ubulk" 382
"../../../Engine/Content/EditorMaterials/ParticleSystems/PSysThumbnail_NoImage.uasset" 383
"../../../Engine/Content/EditorMaterials/ParticleSystems/PSysThumbnail_NoImage.uexp" 384
"../../../Engine/Content/EditorMaterials/Dataflow/DataflowVertexMaterial.uasset" 385
"../../../Engine/Content/EditorMaterials/Dataflow/DataflowVertexMaterial.uexp" 386
"../../../Engine/Content/EditorMaterials/Dataflow/DataflowTwoSidedVertexMaterial.uasset" 387
"../../../Engine/Content/EditorMaterials/Dataflow/DataflowTwoSidedVertexMaterial.uexp" 388
"../../../Engine/Content/Functions/Engine_MaterialFunctions01/Shading/PowerToRoughness.uasset" 389
"../../../Engine/Content/Functions/Engine_MaterialFunctions01/Shading/PowerToRoughness.uexp" 390
"../../../Engine/Content/Functions/Engine_MaterialFunctions01/Shading/ConvertFromDiffSpec.uasset" 391
"../../../Engine/Content/Functions/Engine_MaterialFunctions01/Shading/ConvertFromDiffSpec.uexp" 392
"C:/Users/symbi/Documents/School Stuff/LvlDesign2/Project2/Emily/LvlDesign02_TeamLuminous_Project02/Content/Weapons/Rifle/Textures/T_Rifle_N.ubulk" 393
"C:/Users/symbi/Documents/School Stuff/LvlDesign2/Project2/Emily/LvlDesign02_TeamLuminous_Project02/Content/Weapons/Rifle/Textures/T_Rifle_N.uasset" 394
"C:/Users/symbi/Documents/School Stuff/LvlDesign2/Project2/Emily/LvlDesign02_TeamLuminous_Project02/Content/Weapons/Rifle/Textures/T_Rifle_N.uexp" 395
"C:/Users/symbi/Documents/School Stuff/LvlDesign2/Project2/Emily/LvlDesign02_TeamLuminous_Project02/Content/Weapons/Rifle/Textures/T_Rifle_BC.ubulk" 396
"C:/Users/symbi/Documents/School Stuff/LvlDesign2/Project2/Emily/LvlDesign02_TeamLuminous_Project02/Content/Weapons/Rifle/Textures/T_Rifle_BC.uasset" 397
"C:/Users/symbi/Documents/School Stuff/LvlDesign2/Project2/Emily/LvlDesign02_TeamLuminous_Project02/Content/Weapons/Rifle/Textures/T_Rifle_BC.uexp" 398
"C:/Users/symbi/Documents/School Stuff/LvlDesign2/Project2/Emily/LvlDesign02_TeamLuminous_Project02/Content/Weapons/Rifle/Materials/M_Rifle.uasset" 399
"C:/Users/symbi/Documents/School Stuff/LvlDesign2/Project2/Emily/LvlDesign02_TeamLuminous_Project02/Content/Weapons/Rifle/Materials/M_Rifle.uexp" 400
"C:/Users/symbi/Documents/School Stuff/LvlDesign2/Project2/Emily/LvlDesign02_TeamLuminous_Project02/Content/Weapons/Rifle/Meshes/SK_Rifle.uasset" 401
"C:/Users/symbi/Documents/School Stuff/LvlDesign2/Project2/Emily/LvlDesign02_TeamLuminous_Project02/Content/Weapons/Rifle/Meshes/SK_Rifle.uexp" 402
"C:/Users/symbi/Documents/School Stuff/LvlDesign2/Project2/Emily/LvlDesign02_TeamLuminous_Project02/Content/Weapons/Rifle/Meshes/PA_Rifle.uasset" 403
"C:/Users/symbi/Documents/School Stuff/LvlDesign2/Project2/Emily/LvlDesign02_TeamLuminous_Project02/Content/Weapons/Rifle/Meshes/PA_Rifle.uexp" 404
"C:/Users/symbi/Documents/School Stuff/LvlDesign2/Project2/Emily/LvlDesign02_TeamLuminous_Project02/Content/Weapons/Rifle/Meshes/SKM_Rifle.uasset" 405
"C:/Users/symbi/Documents/School Stuff/LvlDesign2/Project2/Emily/LvlDesign02_TeamLuminous_Project02/Content/Weapons/Rifle/Meshes/SKM_Rifle.uexp" 406
"C:/Users/symbi/Documents/School Stuff/LvlDesign2/Project2/Emily/LvlDesign02_TeamLuminous_Project02/Content/Input/Touch/BPI_TouchInterface.uasset" 407
"C:/Users/symbi/Documents/School Stuff/LvlDesign2/Project2/Emily/LvlDesign02_TeamLuminous_Project02/Content/Input/Touch/BPI_TouchInterface.uexp" 408
"C:/Users/symbi/Documents/School Stuff/LvlDesign2/Project2/Emily/LvlDesign02_TeamLuminous_Project02/Content/Characters/Mannequins/Meshes/SK_Mannequin.uasset" 409
"C:/Users/symbi/Documents/School Stuff/LvlDesign2/Project2/Emily/LvlDesign02_TeamLuminous_Project02/Content/Characters/Mannequins/Meshes/SK_Mannequin.uexp" 410
"C:/Users/symbi/Documents/School Stuff/LvlDesign2/Project2/Emily/LvlDesign02_TeamLuminous_Project02/Content/Characters/Mannequins/Rigs/PA_Mannequin.uasset" 411
"C:/Users/symbi/Documents/School Stuff/LvlDesign2/Project2/Emily/LvlDesign02_TeamLuminous_Project02/Content/Characters/Mannequins/Rigs/PA_Mannequin.uexp" 412
"C:/Users/symbi/Documents/School Stuff/LvlDesign2/Project2/Emily/LvlDesign02_TeamLuminous_Project02/Content/Characters/Mannequins/Textures/Manny/T_Manny_02_MRA.ubulk" 413
"C:/Users/symbi/Documents/School Stuff/LvlDesign2/Project2/Emily/LvlDesign02_TeamLuminous_Project02/Content/Characters/Mannequins/Textures/Manny/T_Manny_02_MRA.uasset" 414
"C:/Users/symbi/Documents/School Stuff/LvlDesign2/Project2/Emily/LvlDesign02_TeamLuminous_Project02/Content/Characters/Mannequins/Textures/Manny/T_Manny_02_MRA.uexp" 415
"C:/Users/symbi/Documents/School Stuff/LvlDesign2/Project2/Emily/LvlDesign02_TeamLuminous_Project02/Content/Characters/Mannequins/Textures/Manny/T_Manny_02_D.ubulk" 416
"C:/Users/symbi/Documents/School Stuff/LvlDesign2/Project2/Emily/LvlDesign02_TeamLuminous_Project02/Content/Characters/Mannequins/Textures/Manny/T_Manny_02_D.uasset" 417
"C:/Users/symbi/Documents/School Stuff/LvlDesign2/Project2/Emily/LvlDesign02_TeamLuminous_Project02/Content/Characters/Mannequins/Textures/Manny/T_Manny_02_D.uexp" 418
"C:/Users/symbi/Documents/School Stuff/LvlDesign2/Project2/Emily/LvlDesign02_TeamLuminous_Project02/Content/Characters/Mannequins/Textures/Manny/T_Manny_02_BN.ubulk" 419
"C:/Users/symbi/Documents/School Stuff/LvlDesign2/Project2/Emily/LvlDesign02_TeamLuminous_Project02/Content/Characters/Mannequins/Textures/Manny/T_Manny_02_BN.uasset" 420
"C:/Users/symbi/Documents/School Stuff/LvlDesign2/Project2/Emily/LvlDesign02_TeamLuminous_Project02/Content/Characters/Mannequins/Textures/Manny/T_Manny_02_BN.uexp" 421
"C:/Users/symbi/Documents/School Stuff/LvlDesign2/Project2/Emily/LvlDesign02_TeamLuminous_Project02/Content/Characters/Mannequins/Textures/Manny/T_Manny_01_MRA.ubulk" 422
"C:/Users/symbi/Documents/School Stuff/LvlDesign2/Project2/Emily/LvlDesign02_TeamLuminous_Project02/Content/Characters/Mannequins/Textures/Manny/T_Manny_01_MRA.uasset" 423
"C:/Users/symbi/Documents/School Stuff/LvlDesign2/Project2/Emily/LvlDesign02_TeamLuminous_Project02/Content/Characters/Mannequins/Textures/Manny/T_Manny_01_MRA.uexp" 424
"C:/Users/symbi/Documents/School Stuff/LvlDesign2/Project2/Emily/LvlDesign02_TeamLuminous_Project02/Content/Characters/Mannequins/Textures/Manny/T_Manny_01_D.ubulk" 425
"C:/Users/symbi/Documents/School Stuff/LvlDesign2/Project2/Emily/LvlDesign02_TeamLuminous_Project02/Content/Characters/Mannequins/Textures/Manny/T_Manny_01_D.uasset" 426
"C:/Users/symbi/Documents/School Stuff/LvlDesign2/Project2/Emily/LvlDesign02_TeamLuminous_Project02/Content/Characters/Mannequins/Textures/Manny/T_Manny_01_D.uexp" 427
"C:/Users/symbi/Documents/School Stuff/LvlDesign2/Project2/Emily/LvlDesign02_TeamLuminous_Project02/Content/Characters/Mannequins/Textures/Manny/T_Manny_01_BN.ubulk" 428
"C:/Users/symbi/Documents/School Stuff/LvlDesign2/Project2/Emily/LvlDesign02_TeamLuminous_Project02/Content/Characters/Mannequins/Textures/Manny/T_Manny_01_BN.uasset" 429
"C:/Users/symbi/Documents/School Stuff/LvlDesign2/Project2/Emily/LvlDesign02_TeamLuminous_Project02/Content/Characters/Mannequins/Textures/Manny/T_Manny_01_BN.uexp" 430
"../../../Engine/Content/Functions/Engine_MaterialFunctions01/Opacity/CameraDepthFade.uasset" 431
"../../../Engine/Content/Functions/Engine_MaterialFunctions01/Opacity/CameraDepthFade.uexp" 432
"C:/Users/symbi/Documents/School Stuff/LvlDesign2/Project2/Emily/LvlDesign02_TeamLuminous_Project02/Content/Characters/Mannequins/Textures/Shared/T_UE_Logo_M.uasset" 433
"C:/Users/symbi/Documents/School Stuff/LvlDesign2/Project2/Emily/LvlDesign02_TeamLuminous_Project02/Content/Characters/Mannequins/Textures/Shared/T_UE_Logo_M.uexp" 434
"C:/Users/symbi/Documents/School Stuff/LvlDesign2/Project2/Emily/LvlDesign02_TeamLuminous_Project02/Content/Characters/Mannequins/Materials/M_Mannequin.uasset" 435
"C:/Users/symbi/Documents/School Stuff/LvlDesign2/Project2/Emily/LvlDesign02_TeamLuminous_Project02/Content/Characters/Mannequins/Materials/M_Mannequin.uexp" 436
"C:/Users/symbi/Documents/School Stuff/LvlDesign2/Project2/Emily/LvlDesign02_TeamLuminous_Project02/Content/Characters/Mannequins/Materials/Manny/MI_Manny_01_New.uasset" 437
"C:/Users/symbi/Documents/School Stuff/LvlDesign2/Project2/Emily/LvlDesign02_TeamLuminous_Project02/Content/Characters/Mannequins/Materials/Manny/MI_Manny_01_New.uexp" 438
"C:/Users/symbi/Documents/School Stuff/LvlDesign2/Project2/Emily/LvlDesign02_TeamLuminous_Project02/Content/Characters/Mannequins/Materials/Manny/MI_Manny_02_New.uasset" 439
"C:/Users/symbi/Documents/School Stuff/LvlDesign2/Project2/Emily/LvlDesign02_TeamLuminous_Project02/Content/Characters/Mannequins/Materials/Manny/MI_Manny_02_New.uexp" 440
"C:/Users/symbi/Documents/School Stuff/LvlDesign2/Project2/Emily/LvlDesign02_TeamLuminous_Project02/Content/Characters/Mannequins/Meshes/SKM_Manny_Simple.uasset" 441
"C:/Users/symbi/Documents/School Stuff/LvlDesign2/Project2/Emily/LvlDesign02_TeamLuminous_Project02/Content/Characters/Mannequins/Meshes/SKM_Manny_Simple.uexp" 442
"C:/Users/symbi/Documents/School Stuff/LvlDesign2/Project2/Emily/LvlDesign02_TeamLuminous_Project02/Content/Input/Actions/IA_MouseLook.uasset" 443
"C:/Users/symbi/Documents/School Stuff/LvlDesign2/Project2/Emily/LvlDesign02_TeamLuminous_Project02/Content/Input/Actions/IA_MouseLook.uexp" 444
"C:/Users/symbi/Documents/School Stuff/LvlDesign2/Project2/Emily/LvlDesign02_TeamLuminous_Project02/Content/Input/Actions/IA_Move.uasset" 445
"C:/Users/symbi/Documents/School Stuff/LvlDesign2/Project2/Emily/LvlDesign02_TeamLuminous_Project02/Content/Input/Actions/IA_Move.uexp" 446
"C:/Users/symbi/Documents/School Stuff/LvlDesign2/Project2/Emily/LvlDesign02_TeamLuminous_Project02/Content/Input/Actions/IA_Look.uasset" 447
"C:/Users/symbi/Documents/School Stuff/LvlDesign2/Project2/Emily/LvlDesign02_TeamLuminous_Project02/Content/Input/Actions/IA_Look.uexp" 448
"C:/Users/symbi/Documents/School Stuff/LvlDesign2/Project2/Emily/LvlDesign02_TeamLuminous_Project02/Content/Input/Actions/IA_Jump.uasset" 449
"C:/Users/symbi/Documents/School Stuff/LvlDesign2/Project2/Emily/LvlDesign02_TeamLuminous_Project02/Content/Input/Actions/IA_Jump.uexp" 450
"C:/Users/symbi/Documents/School Stuff/LvlDesign2/Project2/Emily/LvlDesign02_TeamLuminous_Project02/Content/Input/Actions/IA_Sprint.uasset" 451
"C:/Users/symbi/Documents/School Stuff/LvlDesign2/Project2/Emily/LvlDesign02_TeamLuminous_Project02/Content/Input/Actions/IA_Sprint.uexp" 452
"../../../Engine/Content/MobileResources/HUD/VirtualJoystick_Thumb.uasset" 453
"../../../Engine/Content/MobileResources/HUD/VirtualJoystick_Thumb.uexp" 454
"../../../Engine/Content/MobileResources/HUD/VirtualJoystick_Background.uasset" 455
"../../../Engine/Content/MobileResources/HUD/VirtualJoystick_Background.uexp" 456
"C:/Users/symbi/Documents/School Stuff/LvlDesign2/Project2/Emily/LvlDesign02_TeamLuminous_Project02/Content/Input/Touch/UI_Thumbstick.uasset" 457
"C:/Users/symbi/Documents/School Stuff/LvlDesign2/Project2/Emily/LvlDesign02_TeamLuminous_Project02/Content/Input/Touch/UI_Thumbstick.uexp" 458
"C:/Users/symbi/Documents/School Stuff/LvlDesign2/Project2/Emily/LvlDesign02_TeamLuminous_Project02/Content/Input/Touch/UI_TouchSimple.uasset" 459
"C:/Users/symbi/Documents/School Stuff/LvlDesign2/Project2/Emily/LvlDesign02_TeamLuminous_Project02/Content/Input/Touch/UI_TouchSimple.uexp" 460
"../../../Engine/Plugins/Animation/ControlRig/Content/Controls/DefaultGizmoLibraryNormalized.uasset" 461
"../../../Engine/Plugins/Animation/ControlRig/Content/Controls/DefaultGizmoLibraryNormalized.uexp" 462
"C:/Users/symbi/Documents/School Stuff/LvlDesign2/Project2/Emily/LvlDesign02_TeamLuminous_Project02/Content/FirstPerson/Anims/CtrlRig_FPWarp.uasset" 463
"C:/Users/symbi/Documents/School Stuff/LvlDesign2/Project2/Emily/LvlDesign02_TeamLuminous_Project02/Content/FirstPerson/Anims/CtrlRig_FPWarp.uexp" 464
"C:/Users/symbi/Documents/School Stuff/LvlDesign2/Project2/Emily/LvlDesign02_TeamLuminous_Project02/Content/FirstPerson/Anims/ABP_FP_Copy.uasset" 465
"C:/Users/symbi/Documents/School Stuff/LvlDesign2/Project2/Emily/LvlDesign02_TeamLuminous_Project02/Content/FirstPerson/Anims/ABP_FP_Copy.uexp" 466
"../../../Engine/Content/Animation/DefaultVariableFrameStrippingSettings.uasset" 467
"../../../Engine/Content/Animation/DefaultVariableFrameStrippingSettings.uexp" 468
"../../../Engine/Content/Animation/DefaultAnimCurveCompressionSettings.uasset" 469
"../../../Engine/Content/Animation/DefaultAnimCurveCompressionSettings.uexp" 470
"../../../Engine/Content/Animation/DefaultAnimBoneCompressionSettings.uasset" 471
"../../../Engine/Content/Animation/DefaultAnimBoneCompressionSettings.uexp" 472
"C:/Users/symbi/Documents/School Stuff/LvlDesign2/Project2/Emily/LvlDesign02_TeamLuminous_Project02/Content/Characters/Mannequins/Anims/Unarmed/MM_Idle.uasset" 473
"C:/Users/symbi/Documents/School Stuff/LvlDesign2/Project2/Emily/LvlDesign02_TeamLuminous_Project02/Content/Characters/Mannequins/Anims/Unarmed/MM_Idle.uexp" 474
"../../../Engine/Plugins/Animation/ACLPlugin/Content/ACLAnimCurveCompressionSettings.uasset" 475
"../../../Engine/Plugins/Animation/ACLPlugin/Content/ACLAnimCurveCompressionSettings.uexp" 476
"C:/Users/symbi/Documents/School Stuff/LvlDesign2/Project2/Emily/LvlDesign02_TeamLuminous_Project02/Content/Characters/Mannequins/Anims/Unarmed/Walk/MF_Unarmed_Walk_Right.uasset" 477
"C:/Users/symbi/Documents/School Stuff/LvlDesign2/Project2/Emily/LvlDesign02_TeamLuminous_Project02/Content/Characters/Mannequins/Anims/Unarmed/Walk/MF_Unarmed_Walk_Right.uexp" 478
"C:/Users/symbi/Documents/School Stuff/LvlDesign2/Project2/Emily/LvlDesign02_TeamLuminous_Project02/Content/Characters/Mannequins/Anims/Unarmed/Walk/MF_Unarmed_Walk_Left.uasset" 479
"C:/Users/symbi/Documents/School Stuff/LvlDesign2/Project2/Emily/LvlDesign02_TeamLuminous_Project02/Content/Characters/Mannequins/Anims/Unarmed/Walk/MF_Unarmed_Walk_Left.uexp" 480
"../../../Engine/Content/Animation/DefaultRecorderBoneCompression.uasset" 481
"../../../Engine/Content/Animation/DefaultRecorderBoneCompression.uexp" 482
"C:/Users/symbi/Documents/School Stuff/LvlDesign2/Project2/Emily/LvlDesign02_TeamLuminous_Project02/Content/Characters/Mannequins/Anims/Unarmed/Walk/MF_Unarmed_Walk_Fwd_Right.uasset" 483
"C:/Users/symbi/Documents/School Stuff/LvlDesign2/Project2/Emily/LvlDesign02_TeamLuminous_Project02/Content/Characters/Mannequins/Anims/Unarmed/Walk/MF_Unarmed_Walk_Fwd_Right.uexp" 484
"C:/Users/symbi/Documents/School Stuff/LvlDesign2/Project2/Emily/LvlDesign02_TeamLuminous_Project02/Content/Characters/Mannequins/Anims/Unarmed/Walk/MF_Unarmed_Walk_Fwd_Left.uasset" 485
"C:/Users/symbi/Documents/School Stuff/LvlDesign2/Project2/Emily/LvlDesign02_TeamLuminous_Project02/Content/Characters/Mannequins/Anims/Unarmed/Walk/MF_Unarmed_Walk_Fwd_Left.uexp" 486
"C:/Users/symbi/Documents/School Stuff/LvlDesign2/Project2/Emily/LvlDesign02_TeamLuminous_Project02/Content/Characters/Mannequins/Anims/Unarmed/Walk/MF_Unarmed_Walk_Fwd.uasset" 487
"C:/Users/symbi/Documents/School Stuff/LvlDesign2/Project2/Emily/LvlDesign02_TeamLuminous_Project02/Content/Characters/Mannequins/Anims/Unarmed/Walk/MF_Unarmed_Walk_Fwd.uexp" 488
"C:/Users/symbi/Documents/School Stuff/LvlDesign2/Project2/Emily/LvlDesign02_TeamLuminous_Project02/Content/Characters/Mannequins/Anims/Unarmed/Walk/MF_Unarmed_Walk_Bwd_Right.uasset" 489
"C:/Users/symbi/Documents/School Stuff/LvlDesign2/Project2/Emily/LvlDesign02_TeamLuminous_Project02/Content/Characters/Mannequins/Anims/Unarmed/Walk/MF_Unarmed_Walk_Bwd_Right.uexp" 490
"C:/Users/symbi/Documents/School Stuff/LvlDesign2/Project2/Emily/LvlDesign02_TeamLuminous_Project02/Content/Characters/Mannequins/Anims/Unarmed/Walk/MF_Unarmed_Walk_Bwd_Left.uasset" 491
"C:/Users/symbi/Documents/School Stuff/LvlDesign2/Project2/Emily/LvlDesign02_TeamLuminous_Project02/Content/Characters/Mannequins/Anims/Unarmed/Walk/MF_Unarmed_Walk_Bwd_Left.uexp" 492
"C:/Users/symbi/Documents/School Stuff/LvlDesign2/Project2/Emily/LvlDesign02_TeamLuminous_Project02/Content/Characters/Mannequins/Anims/Unarmed/Walk/MF_Unarmed_Walk_Bwd.uasset" 493
"C:/Users/symbi/Documents/School Stuff/LvlDesign2/Project2/Emily/LvlDesign02_TeamLuminous_Project02/Content/Characters/Mannequins/Anims/Unarmed/Walk/MF_Unarmed_Walk_Bwd.uexp" 494
"C:/Users/symbi/Documents/School Stuff/LvlDesign2/Project2/Emily/LvlDesign02_TeamLuminous_Project02/Content/Characters/Mannequins/Anims/Unarmed/Jog/MF_Unarmed_Jog_Right.uasset" 495
"C:/Users/symbi/Documents/School Stuff/LvlDesign2/Project2/Emily/LvlDesign02_TeamLuminous_Project02/Content/Characters/Mannequins/Anims/Unarmed/Jog/MF_Unarmed_Jog_Right.uexp" 496
"C:/Users/symbi/Documents/School Stuff/LvlDesign2/Project2/Emily/LvlDesign02_TeamLuminous_Project02/Content/Characters/Mannequins/Anims/Unarmed/Jog/MF_Unarmed_Jog_Left.uasset" 497
"C:/Users/symbi/Documents/School Stuff/LvlDesign2/Project2/Emily/LvlDesign02_TeamLuminous_Project02/Content/Characters/Mannequins/Anims/Unarmed/Jog/MF_Unarmed_Jog_Left.uexp" 498
"C:/Users/symbi/Documents/School Stuff/LvlDesign2/Project2/Emily/LvlDesign02_TeamLuminous_Project02/Content/Characters/Mannequins/Anims/Unarmed/Jog/MF_Unarmed_Jog_Fwd_Right.uasset" 499
"C:/Users/symbi/Documents/School Stuff/LvlDesign2/Project2/Emily/LvlDesign02_TeamLuminous_Project02/Content/Characters/Mannequins/Anims/Unarmed/Jog/MF_Unarmed_Jog_Fwd_Right.uexp" 500
"C:/Users/symbi/Documents/School Stuff/LvlDesign2/Project2/Emily/LvlDesign02_TeamLuminous_Project02/Content/Characters/Mannequins/Anims/Unarmed/Jog/MF_Unarmed_Jog_Fwd_Left.uasset" 501
"C:/Users/symbi/Documents/School Stuff/LvlDesign2/Project2/Emily/LvlDesign02_TeamLuminous_Project02/Content/Characters/Mannequins/Anims/Unarmed/Jog/MF_Unarmed_Jog_Fwd_Left.uexp" 502
"C:/Users/symbi/Documents/School Stuff/LvlDesign2/Project2/Emily/LvlDesign02_TeamLuminous_Project02/Content/Characters/Mannequins/Anims/Unarmed/Jog/MF_Unarmed_Jog_Fwd.uasset" 503
"C:/Users/symbi/Documents/School Stuff/LvlDesign2/Project2/Emily/LvlDesign02_TeamLuminous_Project02/Content/Characters/Mannequins/Anims/Unarmed/Jog/MF_Unarmed_Jog_Fwd.uexp" 504
"C:/Users/symbi/Documents/School Stuff/LvlDesign2/Project2/Emily/LvlDesign02_TeamLuminous_Project02/Content/Characters/Mannequins/Anims/Unarmed/Jog/MF_Unarmed_Jog_Bwd_Right.uasset" 505
"C:/Users/symbi/Documents/School Stuff/LvlDesign2/Project2/Emily/LvlDesign02_TeamLuminous_Project02/Content/Characters/Mannequins/Anims/Unarmed/Jog/MF_Unarmed_Jog_Bwd_Right.uexp" 506
"C:/Users/symbi/Documents/School Stuff/LvlDesign2/Project2/Emily/LvlDesign02_TeamLuminous_Project02/Content/Characters/Mannequins/Anims/Unarmed/Jog/MF_Unarmed_Jog_Bwd_Left.uasset" 507
"C:/Users/symbi/Documents/School Stuff/LvlDesign2/Project2/Emily/LvlDesign02_TeamLuminous_Project02/Content/Characters/Mannequins/Anims/Unarmed/Jog/MF_Unarmed_Jog_Bwd_Left.uexp" 508
"C:/Users/symbi/Documents/School Stuff/LvlDesign2/Project2/Emily/LvlDesign02_TeamLuminous_Project02/Content/Characters/Mannequins/Anims/Unarmed/Jog/MF_Unarmed_Jog_Bwd.uasset" 509
"C:/Users/symbi/Documents/School Stuff/LvlDesign2/Project2/Emily/LvlDesign02_TeamLuminous_Project02/Content/Characters/Mannequins/Anims/Unarmed/Jog/MF_Unarmed_Jog_Bwd.uexp" 510
"C:/Users/symbi/Documents/School Stuff/LvlDesign2/Project2/Emily/LvlDesign02_TeamLuminous_Project02/Content/Characters/Mannequins/Anims/Unarmed/BS_Idle_Walk_Run.uasset" 511
"C:/Users/symbi/Documents/School Stuff/LvlDesign2/Project2/Emily/LvlDesign02_TeamLuminous_Project02/Content/Characters/Mannequins/Anims/Unarmed/BS_Idle_Walk_Run.uexp" 512
"C:/Users/symbi/Documents/School Stuff/LvlDesign2/Project2/Emily/LvlDesign02_TeamLuminous_Project02/Content/Characters/Mannequins/Anims/Unarmed/Jump/MM_Fall_Loop.uasset" 513
"C:/Users/symbi/Documents/School Stuff/LvlDesign2/Project2/Emily/LvlDesign02_TeamLuminous_Project02/Content/Characters/Mannequins/Anims/Unarmed/Jump/MM_Fall_Loop.uexp" 514
"C:/Users/symbi/Documents/School Stuff/LvlDesign2/Project2/Emily/LvlDesign02_TeamLuminous_Project02/Content/Characters/Mannequins/Anims/Unarmed/Jump/MM_Jump.uasset" 515
"C:/Users/symbi/Documents/School Stuff/LvlDesign2/Project2/Emily/LvlDesign02_TeamLuminous_Project02/Content/Characters/Mannequins/Anims/Unarmed/Jump/MM_Jump.uexp" 516
"C:/Users/symbi/Documents/School Stuff/LvlDesign2/Project2/Emily/LvlDesign02_TeamLuminous_Project02/Content/Characters/Mannequins/Anims/Unarmed/Jump/MM_Land.uasset" 517
"C:/Users/symbi/Documents/School Stuff/LvlDesign2/Project2/Emily/LvlDesign02_TeamLuminous_Project02/Content/Characters/Mannequins/Anims/Unarmed/Jump/MM_Land.uexp" 518
"C:/Users/symbi/Documents/School Stuff/LvlDesign2/Project2/Emily/LvlDesign02_TeamLuminous_Project02/Content/Characters/Mannequins/Rigs/CR_Mannequin_FootIK.uasset" 519
"C:/Users/symbi/Documents/School Stuff/LvlDesign2/Project2/Emily/LvlDesign02_TeamLuminous_Project02/Content/Characters/Mannequins/Rigs/CR_Mannequin_FootIK.uexp" 520
"C:/Users/symbi/Documents/School Stuff/LvlDesign2/Project2/Emily/LvlDesign02_TeamLuminous_Project02/Content/Characters/Mannequins/Anims/Unarmed/ABP_Unarmed.uasset" 521
"C:/Users/symbi/Documents/School Stuff/LvlDesign2/Project2/Emily/LvlDesign02_TeamLuminous_Project02/Content/Characters/Mannequins/Anims/Unarmed/ABP_Unarmed.uexp" 522
"C:/Users/symbi/Documents/School Stuff/LvlDesign2/Project2/Emily/LvlDesign02_TeamLuminous_Project02/Content/FirstPerson/Blueprints/BP_FirstPersonCharacter.uasset" 523
"C:/Users/symbi/Documents/School Stuff/LvlDesign2/Project2/Emily/LvlDesign02_TeamLuminous_Project02/Content/FirstPerson/Blueprints/BP_FirstPersonCharacter.uexp" 524
"C:/Users/symbi/Documents/School Stuff/LvlDesign2/Project2/Emily/LvlDesign02_TeamLuminous_Project02/Content/Variant_Shooter/Blueprints/BPI_Shooter.uasset" 525
"C:/Users/symbi/Documents/School Stuff/LvlDesign2/Project2/Emily/LvlDesign02_TeamLuminous_Project02/Content/Variant_Shooter/Blueprints/BPI_Shooter.uexp" 526
"C:/Users/symbi/Documents/School Stuff/LvlDesign2/Project2/Emily/LvlDesign02_TeamLuminous_Project02/Content/Variant_Shooter/Input/BPI_Touch_Shooter.uasset" 527
"C:/Users/symbi/Documents/School Stuff/LvlDesign2/Project2/Emily/LvlDesign02_TeamLuminous_Project02/Content/Variant_Shooter/Input/BPI_Touch_Shooter.uexp" 528
"C:/Users/symbi/Documents/School Stuff/LvlDesign2/Project2/Emily/LvlDesign02_TeamLuminous_Project02/Content/Variant_Shooter/Input/UI_TouchInterface_Shooter.uasset" 529
"C:/Users/symbi/Documents/School Stuff/LvlDesign2/Project2/Emily/LvlDesign02_TeamLuminous_Project02/Content/Variant_Shooter/Input/UI_TouchInterface_Shooter.uexp" 530
"C:/Users/symbi/Documents/School Stuff/LvlDesign2/Project2/Emily/LvlDesign02_TeamLuminous_Project02/Content/Variant_Shooter/Input/Actions/IA_SwapWeapon.uasset" 531
"C:/Users/symbi/Documents/School Stuff/LvlDesign2/Project2/Emily/LvlDesign02_TeamLuminous_Project02/Content/Variant_Shooter/Input/Actions/IA_SwapWeapon.uexp" 532
"C:/Users/symbi/Documents/School Stuff/LvlDesign2/Project2/Emily/LvlDesign02_TeamLuminous_Project02/Content/Variant_Shooter/Input/Actions/IA_Shoot.uasset" 533
"C:/Users/symbi/Documents/School Stuff/LvlDesign2/Project2/Emily/LvlDesign02_TeamLuminous_Project02/Content/Variant_Shooter/Input/Actions/IA_Shoot.uexp" 534
"C:/Users/symbi/Documents/School Stuff/LvlDesign2/Project2/Emily/LvlDesign02_TeamLuminous_Project02/Content/Variant_Shooter/Input/Actions/IA_Reload.uasset" 535
"C:/Users/symbi/Documents/School Stuff/LvlDesign2/Project2/Emily/LvlDesign02_TeamLuminous_Project02/Content/Variant_Shooter/Input/Actions/IA_Reload.uexp" 536
"C:/Users/symbi/Documents/School Stuff/LvlDesign2/Project2/Emily/LvlDesign02_TeamLuminous_Project02/Content/Variant_Shooter/Input/Actions/IA_ADS.uasset" 537
"C:/Users/symbi/Documents/School Stuff/LvlDesign2/Project2/Emily/LvlDesign02_TeamLuminous_Project02/Content/Variant_Shooter/Input/Actions/IA_ADS.uexp" 538
"C:/Users/symbi/Documents/School Stuff/LvlDesign2/Project2/Emily/LvlDesign02_TeamLuminous_Project02/Content/Characters/Mannequins/Materials/Manny/MI_HitGlow_Test.uasset" 539
"C:/Users/symbi/Documents/School Stuff/LvlDesign2/Project2/Emily/LvlDesign02_TeamLuminous_Project02/Content/Characters/Mannequins/Materials/Manny/MI_HitGlow_Test.uexp" 540
"C:/Users/symbi/Documents/School Stuff/LvlDesign2/Project2/Emily/LvlDesign02_TeamLuminous_Project02/Content/Variant_Shooter/Sounds/Luminous_Custom/Death_Sound.ubulk" 541
"C:/Users/symbi/Documents/School Stuff/LvlDesign2/Project2/Emily/LvlDesign02_TeamLuminous_Project02/Content/Variant_Shooter/Sounds/Luminous_Custom/Death_Sound.uasset" 542
"C:/Users/symbi/Documents/School Stuff/LvlDesign2/Project2/Emily/LvlDesign02_TeamLuminous_Project02/Content/Variant_Shooter/Sounds/Luminous_Custom/Death_Sound.uexp" 543
"C:/Users/symbi/Documents/School Stuff/LvlDesign2/Project2/Emily/LvlDesign02_TeamLuminous_Project02/Content/Variant_Shooter/Blueprints/Pickups/BPI_WeaponHolder.uasset" 544
"C:/Users/symbi/Documents/School Stuff/LvlDesign2/Project2/Emily/LvlDesign02_TeamLuminous_Project02/Content/Variant_Shooter/Blueprints/Pickups/BPI_WeaponHolder.uexp" 545
"C:/Users/symbi/Documents/School Stuff/LvlDesign2/Project2/Emily/LvlDesign02_TeamLuminous_Project02/Content/Variant_Shooter/Blueprints/Pickups/BPI_Pickups.uasset" 546
"C:/Users/symbi/Documents/School Stuff/LvlDesign2/Project2/Emily/LvlDesign02_TeamLuminous_Project02/Content/Variant_Shooter/Blueprints/Pickups/BPI_Pickups.uexp" 547
"../../../Engine/Content/Engine_MI_Shaders/T_Normal.uasset" 548
"../../../Engine/Content/Engine_MI_Shaders/T_Normal.uexp" 549
"../../../Engine/Content/EngineResources/WhiteSquareTexture.uasset" 550
"../../../Engine/Content/EngineResources/WhiteSquareTexture.uexp" 551
"../../../Engine/Content/MaterialTemplates/LayerBlends/T_DefaultMaskTexture.uasset" 552
"../../../Engine/Content/MaterialTemplates/LayerBlends/T_DefaultMaskTexture.uexp" 553
"C:/Users/symbi/Documents/School Stuff/LvlDesign2/Project2/Emily/LvlDesign02_TeamLuminous_Project02/Content/Weapons/Rifle/Materials/M_Weapon.uasset" 554
"C:/Users/symbi/Documents/School Stuff/LvlDesign2/Project2/Emily/LvlDesign02_TeamLuminous_Project02/Content/Weapons/Rifle/Materials/M_Weapon.uexp" 555
"C:/Users/symbi/Documents/School Stuff/LvlDesign2/Project2/Emily/LvlDesign02_TeamLuminous_Project02/Content/Weapons/Pistol/Textures/T_Pistol_N.ubulk" 556
"C:/Users/symbi/Documents/School Stuff/LvlDesign2/Project2/Emily/LvlDesign02_TeamLuminous_Project02/Content/Weapons/Pistol/Textures/T_Pistol_N.uasset" 557
"C:/Users/symbi/Documents/School Stuff/LvlDesign2/Project2/Emily/LvlDesign02_TeamLuminous_Project02/Content/Weapons/Pistol/Textures/T_Pistol_N.uexp" 558
"C:/Users/symbi/Documents/School Stuff/LvlDesign2/Project2/Emily/LvlDesign02_TeamLuminous_Project02/Content/Weapons/Pistol/Textures/T_Pistol_Masks.ubulk" 559
"C:/Users/symbi/Documents/School Stuff/LvlDesign2/Project2/Emily/LvlDesign02_TeamLuminous_Project02/Content/Weapons/Pistol/Textures/T_Pistol_Masks.uasset" 560
"C:/Users/symbi/Documents/School Stuff/LvlDesign2/Project2/Emily/LvlDesign02_TeamLuminous_Project02/Content/Weapons/Pistol/Textures/T_Pistol_Masks.uexp" 561
"C:/Users/symbi/Documents/School Stuff/LvlDesign2/Project2/Emily/LvlDesign02_TeamLuminous_Project02/Content/Weapons/Pistol/Textures/T_Pistol_D.ubulk" 562
"C:/Users/symbi/Documents/School Stuff/LvlDesign2/Project2/Emily/LvlDesign02_TeamLuminous_Project02/Content/Weapons/Pistol/Textures/T_Pistol_D.uasset" 563
"C:/Users/symbi/Documents/School Stuff/LvlDesign2/Project2/Emily/LvlDesign02_TeamLuminous_Project02/Content/Weapons/Pistol/Textures/T_Pistol_D.uexp" 564
"C:/Users/symbi/Documents/School Stuff/LvlDesign2/Project2/Emily/LvlDesign02_TeamLuminous_Project02/Content/Weapons/Pistol/Textures/T_Pistol_AORM.ubulk" 565
"C:/Users/symbi/Documents/School Stuff/LvlDesign2/Project2/Emily/LvlDesign02_TeamLuminous_Project02/Content/Weapons/Pistol/Textures/T_Pistol_AORM.uasset" 566
"C:/Users/symbi/Documents/School Stuff/LvlDesign2/Project2/Emily/LvlDesign02_TeamLuminous_Project02/Content/Weapons/Pistol/Textures/T_Pistol_AORM.uexp" 567
"C:/Users/symbi/Documents/School Stuff/LvlDesign2/Project2/Emily/LvlDesign02_TeamLuminous_Project02/Content/Weapons/Pistol/Materials/MI_Weapon_Pistol.uasset" 568
"C:/Users/symbi/Documents/School Stuff/LvlDesign2/Project2/Emily/LvlDesign02_TeamLuminous_Project02/Content/Weapons/Pistol/Materials/MI_Weapon_Pistol.uexp" 569
"C:/Users/symbi/Documents/School Stuff/LvlDesign2/Project2/Emily/LvlDesign02_TeamLuminous_Project02/Content/Weapons/Pistol/Meshes/SK_Pistol.uasset" 570
"C:/Users/symbi/Documents/School Stuff/LvlDesign2/Project2/Emily/LvlDesign02_TeamLuminous_Project02/Content/Weapons/Pistol/Meshes/SK_Pistol.uexp" 571
"C:/Users/symbi/Documents/School Stuff/LvlDesign2/Project2/Emily/LvlDesign02_TeamLuminous_Project02/Content/Weapons/Pistol/Meshes/PA_Pistol.uasset" 572
"C:/Users/symbi/Documents/School Stuff/LvlDesign2/Project2/Emily/LvlDesign02_TeamLuminous_Project02/Content/Weapons/Pistol/Meshes/PA_Pistol.uexp" 573
"C:/Users/symbi/Documents/School Stuff/LvlDesign2/Project2/Emily/LvlDesign02_TeamLuminous_Project02/Content/Weapons/Pistol/Meshes/SKM_Pistol.uasset" 574
"C:/Users/symbi/Documents/School Stuff/LvlDesign2/Project2/Emily/LvlDesign02_TeamLuminous_Project02/Content/Weapons/Pistol/Meshes/SKM_Pistol.uexp" 575
"C:/Users/symbi/Documents/School Stuff/LvlDesign2/Project2/Emily/LvlDesign02_TeamLuminous_Project02/Content/Characters/Mannequins/Anims/Pistol/MF_Pistol_Idle_ADS.uasset" 576
"C:/Users/symbi/Documents/School Stuff/LvlDesign2/Project2/Emily/LvlDesign02_TeamLuminous_Project02/Content/Characters/Mannequins/Anims/Pistol/MF_Pistol_Idle_ADS.uexp" 577
"C:/Users/symbi/Documents/School Stuff/LvlDesign2/Project2/Emily/LvlDesign02_TeamLuminous_Project02/Content/Characters/Mannequins/Anims/Pistol/Aim/MF_Pistol_Idle_ADS_AO_CU.uasset" 578
"C:/Users/symbi/Documents/School Stuff/LvlDesign2/Project2/Emily/LvlDesign02_TeamLuminous_Project02/Content/Characters/Mannequins/Anims/Pistol/Aim/MF_Pistol_Idle_ADS_AO_CU.uexp" 579
"C:/Users/symbi/Documents/School Stuff/LvlDesign2/Project2/Emily/LvlDesign02_TeamLuminous_Project02/Content/Characters/Mannequins/Anims/Pistol/Aim/MF_Pistol_Idle_ADS_AO_CD.uasset" 580
"C:/Users/symbi/Documents/School Stuff/LvlDesign2/Project2/Emily/LvlDesign02_TeamLuminous_Project02/Content/Characters/Mannequins/Anims/Pistol/Aim/MF_Pistol_Idle_ADS_AO_CD.uexp" 581
"C:/Users/symbi/Documents/School Stuff/LvlDesign2/Project2/Emily/LvlDesign02_TeamLuminous_Project02/Content/Characters/Mannequins/Anims/Pistol/Aim/MF_Pistol_Idle_ADS1.uasset" 582
"C:/Users/symbi/Documents/School Stuff/LvlDesign2/Project2/Emily/LvlDesign02_TeamLuminous_Project02/Content/Characters/Mannequins/Anims/Pistol/Aim/MF_Pistol_Idle_ADS1.uexp" 583
"C:/Users/symbi/Documents/School Stuff/LvlDesign2/Project2/Emily/LvlDesign02_TeamLuminous_Project02/Content/Characters/Mannequins/Anims/Pistol/Aim/AO_Pistol.uasset" 584
"C:/Users/symbi/Documents/School Stuff/LvlDesign2/Project2/Emily/LvlDesign02_TeamLuminous_Project02/Content/Characters/Mannequins/Anims/Pistol/Aim/AO_Pistol.uexp" 585
"C:/Users/symbi/Documents/School Stuff/LvlDesign2/Project2/Emily/LvlDesign02_TeamLuminous_Project02/Content/Variant_Shooter/Anims/ABP_TP_Pistol.uasset" 586
"C:/Users/symbi/Documents/School Stuff/LvlDesign2/Project2/Emily/LvlDesign02_TeamLuminous_Project02/Content/Variant_Shooter/Anims/ABP_TP_Pistol.uexp" 587
"C:/Users/symbi/Documents/School Stuff/LvlDesign2/Project2/Emily/LvlDesign02_TeamLuminous_Project02/Content/Variant_Shooter/Anims/Ctrl_HandAdjusment_Pistol.uasset" 588
"C:/Users/symbi/Documents/School Stuff/LvlDesign2/Project2/Emily/LvlDesign02_TeamLuminous_Project02/Content/Variant_Shooter/Anims/Ctrl_HandAdjusment_Pistol.uexp" 589
"C:/Users/symbi/Documents/School Stuff/LvlDesign2/Project2/Emily/LvlDesign02_TeamLuminous_Project02/Content/Variant_Shooter/Anims/ABP_FP_Pistol.uasset" 590
"C:/Users/symbi/Documents/School Stuff/LvlDesign2/Project2/Emily/LvlDesign02_TeamLuminous_Project02/Content/Variant_Shooter/Anims/ABP_FP_Pistol.uexp" 591
"C:/Users/symbi/Documents/School Stuff/LvlDesign2/Project2/Emily/LvlDesign02_TeamLuminous_Project02/Content/Characters/Mannequins/Anims/Pistol/MM_Pistol_Fire.uasset" 592
"C:/Users/symbi/Documents/School Stuff/LvlDesign2/Project2/Emily/LvlDesign02_TeamLuminous_Project02/Content/Characters/Mannequins/Anims/Pistol/MM_Pistol_Fire.uexp" 593
"C:/Users/symbi/Documents/School Stuff/LvlDesign2/Project2/Emily/LvlDesign02_TeamLuminous_Project02/Content/Characters/Mannequins/Anims/Pistol/MM_Pistol_Fire_Montage.uasset" 594
"C:/Users/symbi/Documents/School Stuff/LvlDesign2/Project2/Emily/LvlDesign02_TeamLuminous_Project02/Content/Characters/Mannequins/Anims/Pistol/MM_Pistol_Fire_Montage.uexp" 595
"C:/Users/symbi/Documents/School Stuff/LvlDesign2/Project2/Emily/LvlDesign02_TeamLuminous_Project02/Content/Variant_Shooter/Sounds/Luminous_Custom/PistolShot_Sound.ubulk" 596
"C:/Users/symbi/Documents/School Stuff/LvlDesign2/Project2/Emily/LvlDesign02_TeamLuminous_Project02/Content/Variant_Shooter/Sounds/Luminous_Custom/PistolShot_Sound.uasset" 597
"C:/Users/symbi/Documents/School Stuff/LvlDesign2/Project2/Emily/LvlDesign02_TeamLuminous_Project02/Content/Variant_Shooter/Sounds/Luminous_Custom/PistolShot_Sound.uexp" 598
"C:/Users/symbi/Documents/School Stuff/LvlDesign2/Project2/Emily/LvlDesign02_TeamLuminous_Project02/Content/LevelPrototyping/Materials/M_FlatCol.uasset" 599
"C:/Users/symbi/Documents/School Stuff/LvlDesign2/Project2/Emily/LvlDesign02_TeamLuminous_Project02/Content/LevelPrototyping/Materials/M_FlatCol.uexp" 600
"C:/Users/symbi/Documents/School Stuff/LvlDesign2/Project2/Emily/LvlDesign02_TeamLuminous_Project02/Content/LevelPrototyping/Materials/MI_DefaultColorway.uasset" 601
"C:/Users/symbi/Documents/School Stuff/LvlDesign2/Project2/Emily/LvlDesign02_TeamLuminous_Project02/Content/LevelPrototyping/Materials/MI_DefaultColorway.uexp" 602
"C:/Users/symbi/Documents/School Stuff/LvlDesign2/Project2/Emily/LvlDesign02_TeamLuminous_Project02/Content/FirstPerson/MI_FirstPersonColorway.uasset" 603
"C:/Users/symbi/Documents/School Stuff/LvlDesign2/Project2/Emily/LvlDesign02_TeamLuminous_Project02/Content/FirstPerson/MI_FirstPersonColorway.uexp" 604
"C:/Users/symbi/Documents/School Stuff/LvlDesign2/Project2/Emily/LvlDesign02_TeamLuminous_Project02/Content/Weapons/GrenadeLauncher/Materials/M_ProjectileBullet.uasset" 605
"C:/Users/symbi/Documents/School Stuff/LvlDesign2/Project2/Emily/LvlDesign02_TeamLuminous_Project02/Content/Weapons/GrenadeLauncher/Materials/M_ProjectileBullet.uexp" 606
"C:/Users/symbi/Documents/School Stuff/LvlDesign2/Project2/Emily/LvlDesign02_TeamLuminous_Project02/Content/Weapons/GrenadeLauncher/Meshes/FirstPersonProjectileMesh.ubulk" 607
"C:/Users/symbi/Documents/School Stuff/LvlDesign2/Project2/Emily/LvlDesign02_TeamLuminous_Project02/Content/Weapons/GrenadeLauncher/Meshes/FirstPersonProjectileMesh.uasset" 608
"C:/Users/symbi/Documents/School Stuff/LvlDesign2/Project2/Emily/LvlDesign02_TeamLuminous_Project02/Content/Weapons/GrenadeLauncher/Meshes/FirstPersonProjectileMesh.uexp" 609
"../../../Engine/Plugins/FX/Niagara/Content/DefaultAssets/DefaultRIbbonMaterial.uasset" 610
"../../../Engine/Plugins/FX/Niagara/Content/DefaultAssets/DefaultRIbbonMaterial.uexp" 611
"C:/Users/symbi/Documents/School Stuff/LvlDesign2/Project2/Emily/LvlDesign02_TeamLuminous_Project02/Content/Variant_Shooter/Blueprints/Pickups/Projectiles/FX/NSTrail_B.uasset" 612
"C:/Users/symbi/Documents/School Stuff/LvlDesign2/Project2/Emily/LvlDesign02_TeamLuminous_Project02/Content/Variant_Shooter/Blueprints/Pickups/Projectiles/FX/NSTrail_B.uexp" 613
"C:/Users/symbi/Documents/School Stuff/LvlDesign2/Project2/Emily/LvlDesign02_TeamLuminous_Project02/Content/Variant_Shooter/Blueprints/Pickups/Projectiles/BP_ShooterProjectileBase.uasset" 614
"C:/Users/symbi/Documents/School Stuff/LvlDesign2/Project2/Emily/LvlDesign02_TeamLuminous_Project02/Content/Variant_Shooter/Blueprints/Pickups/Projectiles/BP_ShooterProjectileBase.uexp" 615
"C:/Users/symbi/Documents/School Stuff/LvlDesign2/Project2/Emily/LvlDesign02_TeamLuminous_Project02/Content/Variant_Shooter/Blueprints/Pickups/Projectiles/Meshes/SM_FoamBullet.ubulk" 616
"C:/Users/symbi/Documents/School Stuff/LvlDesign2/Project2/Emily/LvlDesign02_TeamLuminous_Project02/Content/Variant_Shooter/Blueprints/Pickups/Projectiles/Meshes/SM_FoamBullet.uasset" 617
"C:/Users/symbi/Documents/School Stuff/LvlDesign2/Project2/Emily/LvlDesign02_TeamLuminous_Project02/Content/Variant_Shooter/Blueprints/Pickups/Projectiles/Meshes/SM_FoamBullet.uexp" 618
"C:/Users/symbi/Documents/School Stuff/LvlDesign2/Project2/Emily/LvlDesign02_TeamLuminous_Project02/Content/Variant_Shooter/Blueprints/Pickups/Projectiles/BP_Pistol_Bullet_B.uasset" 619
"C:/Users/symbi/Documents/School Stuff/LvlDesign2/Project2/Emily/LvlDesign02_TeamLuminous_Project02/Content/Variant_Shooter/Blueprints/Pickups/Projectiles/BP_Pistol_Bullet_B.uexp" 620
"C:/Users/symbi/Documents/School Stuff/LvlDesign2/Project2/Emily/LvlDesign02_TeamLuminous_Project02/Content/Variant_Shooter/Blueprints/Pickups/Weapons/BP_ShooterWeapon_Pistol.uasset" 621
"C:/Users/symbi/Documents/School Stuff/LvlDesign2/Project2/Emily/LvlDesign02_TeamLuminous_Project02/Content/Variant_Shooter/Blueprints/Pickups/Weapons/BP_ShooterWeapon_Pistol.uexp" 622
"C:/Users/symbi/Documents/School Stuff/LvlDesign2/Project2/Emily/LvlDesign02_TeamLuminous_Project02/Content/Variant_Shooter/Blueprints/BP_ShooterCharacter.uasset" 623
"C:/Users/symbi/Documents/School Stuff/LvlDesign2/Project2/Emily/LvlDesign02_TeamLuminous_Project02/Content/Variant_Shooter/Blueprints/BP_ShooterCharacter.uexp" 624
"C:/Users/symbi/Documents/School Stuff/LvlDesign2/Project2/Emily/LvlDesign02_TeamLuminous_Project02/Content/Characters/Mannequins/Anims/Rifle/MF_Rifle_Idle_ADS.uasset" 625
"C:/Users/symbi/Documents/School Stuff/LvlDesign2/Project2/Emily/LvlDesign02_TeamLuminous_Project02/Content/Characters/Mannequins/Anims/Rifle/MF_Rifle_Idle_ADS.uexp" 626
"C:/Users/symbi/Documents/School Stuff/LvlDesign2/Project2/Emily/LvlDesign02_TeamLuminous_Project02/Content/Characters/Mannequins/Anims/Rifle/AIM/MM_Rifle_Idle_ADS_AO_CU.uasset" 627
"C:/Users/symbi/Documents/School Stuff/LvlDesign2/Project2/Emily/LvlDesign02_TeamLuminous_Project02/Content/Characters/Mannequins/Anims/Rifle/AIM/MM_Rifle_Idle_ADS_AO_CU.uexp" 628
"C:/Users/symbi/Documents/School Stuff/LvlDesign2/Project2/Emily/LvlDesign02_TeamLuminous_Project02/Content/Characters/Mannequins/Anims/Rifle/AIM/MM_Rifle_Idle_ADS_AO_CD.uasset" 629
"C:/Users/symbi/Documents/School Stuff/LvlDesign2/Project2/Emily/LvlDesign02_TeamLuminous_Project02/Content/Characters/Mannequins/Anims/Rifle/AIM/MM_Rifle_Idle_ADS_AO_CD.uexp" 630
"C:/Users/symbi/Documents/School Stuff/LvlDesign2/Project2/Emily/LvlDesign02_TeamLuminous_Project02/Content/Characters/Mannequins/Anims/Rifle/AIM/MM_Rifle_Idle_ADS_AO_CC.uasset" 631
"C:/Users/symbi/Documents/School Stuff/LvlDesign2/Project2/Emily/LvlDesign02_TeamLuminous_Project02/Content/Characters/Mannequins/Anims/Rifle/AIM/MM_Rifle_Idle_ADS_AO_CC.uexp" 632
"C:/Users/symbi/Documents/School Stuff/LvlDesign2/Project2/Emily/LvlDesign02_TeamLuminous_Project02/Content/Characters/Mannequins/Anims/Rifle/AIM/AO_Rifle.uasset" 633
"C:/Users/symbi/Documents/School Stuff/LvlDesign2/Project2/Emily/LvlDesign02_TeamLuminous_Project02/Content/Characters/Mannequins/Anims/Rifle/AIM/AO_Rifle.uexp" 634
"C:/Users/symbi/Documents/School Stuff/LvlDesign2/Project2/Emily/LvlDesign02_TeamLuminous_Project02/Content/Variant_Shooter/Anims/ABP_TP_Rifle.uasset" 635
"C:/Users/symbi/Documents/School Stuff/LvlDesign2/Project2/Emily/LvlDesign02_TeamLuminous_Project02/Content/Variant_Shooter/Anims/ABP_TP_Rifle.uexp" 636
"C:/Users/symbi/Documents/School Stuff/LvlDesign2/Project2/Emily/LvlDesign02_TeamLuminous_Project02/Content/Variant_Shooter/Anims/Ctrl_HandAdjusment.uasset" 637
"C:/Users/symbi/Documents/School Stuff/LvlDesign2/Project2/Emily/LvlDesign02_TeamLuminous_Project02/Content/Variant_Shooter/Anims/Ctrl_HandAdjusment.uexp" 638
"C:/Users/symbi/Documents/School Stuff/LvlDesign2/Project2/Emily/LvlDesign02_TeamLuminous_Project02/Content/Variant_Shooter/Anims/ABP_FP_Weapon.uasset" 639
"C:/Users/symbi/Documents/School Stuff/LvlDesign2/Project2/Emily/LvlDesign02_TeamLuminous_Project02/Content/Variant_Shooter/Anims/ABP_FP_Weapon.uexp" 640
"C:/Users/symbi/Documents/School Stuff/LvlDesign2/Project2/Emily/LvlDesign02_TeamLuminous_Project02/Content/Variant_Shooter/Sounds/WeaponSwap_Sound_B.ubulk" 641
"C:/Users/symbi/Documents/School Stuff/LvlDesign2/Project2/Emily/LvlDesign02_TeamLuminous_Project02/Content/Variant_Shooter/Sounds/WeaponSwap_Sound_B.uasset" 642
"C:/Users/symbi/Documents/School Stuff/LvlDesign2/Project2/Emily/LvlDesign02_TeamLuminous_Project02/Content/Variant_Shooter/Sounds/WeaponSwap_Sound_B.uexp" 643
"C:/Users/symbi/Documents/School Stuff/LvlDesign2/Project2/Emily/LvlDesign02_TeamLuminous_Project02/Content/Variant_Shooter/Sounds/Reload_Sound.ubulk" 644
"C:/Users/symbi/Documents/School Stuff/LvlDesign2/Project2/Emily/LvlDesign02_TeamLuminous_Project02/Content/Variant_Shooter/Sounds/Reload_Sound.uasset" 645
"C:/Users/symbi/Documents/School Stuff/LvlDesign2/Project2/Emily/LvlDesign02_TeamLuminous_Project02/Content/Variant_Shooter/Sounds/Reload_Sound.uexp" 646
"C:/Users/symbi/Documents/School Stuff/LvlDesign2/Project2/Emily/LvlDesign02_TeamLuminous_Project02/Content/Variant_Shooter/Sounds/PistoShot_Sound.ubulk" 647
"C:/Users/symbi/Documents/School Stuff/LvlDesign2/Project2/Emily/LvlDesign02_TeamLuminous_Project02/Content/Variant_Shooter/Sounds/PistoShot_Sound.uasset" 648
"C:/Users/symbi/Documents/School Stuff/LvlDesign2/Project2/Emily/LvlDesign02_TeamLuminous_Project02/Content/Variant_Shooter/Sounds/PistoShot_Sound.uexp" 649
"C:/Users/symbi/Documents/School Stuff/LvlDesign2/Project2/Emily/LvlDesign02_TeamLuminous_Project02/Content/Variant_Shooter/Sounds/DryFire_Sound.ubulk" 650
"C:/Users/symbi/Documents/School Stuff/LvlDesign2/Project2/Emily/LvlDesign02_TeamLuminous_Project02/Content/Variant_Shooter/Sounds/DryFire_Sound.uasset" 651
"C:/Users/symbi/Documents/School Stuff/LvlDesign2/Project2/Emily/LvlDesign02_TeamLuminous_Project02/Content/Variant_Shooter/Sounds/DryFire_Sound.uexp" 652
"C:/Users/symbi/Documents/School Stuff/LvlDesign2/Project2/Emily/LvlDesign02_TeamLuminous_Project02/Content/Variant_Shooter/Blueprints/Pickups/Projectiles/BP_ShooterProjectile_Bullet.uasset" 653
"C:/Users/symbi/Documents/School Stuff/LvlDesign2/Project2/Emily/LvlDesign02_TeamLuminous_Project02/Content/Variant_Shooter/Blueprints/Pickups/Projectiles/BP_ShooterProjectile_Bullet.uexp" 654
"C:/Users/symbi/Documents/School Stuff/LvlDesign2/Project2/Emily/LvlDesign02_TeamLuminous_Project02/Content/Variant_Shooter/Blueprints/Pickups/BP_ShooterWeaponBase.uasset" 655
"C:/Users/symbi/Documents/School Stuff/LvlDesign2/Project2/Emily/LvlDesign02_TeamLuminous_Project02/Content/Variant_Shooter/Blueprints/Pickups/BP_ShooterWeaponBase.uexp" 656
"C:/Users/symbi/Documents/School Stuff/LvlDesign2/Project2/Emily/LvlDesign02_TeamLuminous_Project02/Content/Weapons/Rifle/Materials/M_Sniper.uasset" 657
"C:/Users/symbi/Documents/School Stuff/LvlDesign2/Project2/Emily/LvlDesign02_TeamLuminous_Project02/Content/Weapons/Rifle/Materials/M_Sniper.uexp" 658
"C:/Users/symbi/Documents/School Stuff/LvlDesign2/Project2/Emily/LvlDesign02_TeamLuminous_Project02/Content/Weapons/Rifle/Meshes/SK_Sniper.uasset" 659
"C:/Users/symbi/Documents/School Stuff/LvlDesign2/Project2/Emily/LvlDesign02_TeamLuminous_Project02/Content/Weapons/Rifle/Meshes/SK_Sniper.uexp" 660
"C:/Users/symbi/Documents/School Stuff/LvlDesign2/Project2/Emily/LvlDesign02_TeamLuminous_Project02/Content/Weapons/Rifle/Meshes/SKM_Sniper.uasset" 661
"C:/Users/symbi/Documents/School Stuff/LvlDesign2/Project2/Emily/LvlDesign02_TeamLuminous_Project02/Content/Weapons/Rifle/Meshes/SKM_Sniper.uexp" 662
"C:/Users/symbi/Documents/School Stuff/LvlDesign2/Project2/Emily/LvlDesign02_TeamLuminous_Project02/Content/Characters/Mannequins/Anims/Rifle/MM_Rifle_Fire.uasset" 663
"C:/Users/symbi/Documents/School Stuff/LvlDesign2/Project2/Emily/LvlDesign02_TeamLuminous_Project02/Content/Characters/Mannequins/Anims/Rifle/MM_Rifle_Fire.uexp" 664
"C:/Users/symbi/Documents/School Stuff/LvlDesign2/Project2/Emily/LvlDesign02_TeamLuminous_Project02/Content/Variant_Shooter/Anims/FP_Rifle_Shoot_Montage.uasset" 665
"C:/Users/symbi/Documents/School Stuff/LvlDesign2/Project2/Emily/LvlDesign02_TeamLuminous_Project02/Content/Variant_Shooter/Anims/FP_Rifle_Shoot_Montage.uexp" 666
"C:/Users/symbi/Documents/School Stuff/LvlDesign2/Project2/Emily/LvlDesign02_TeamLuminous_Project02/Content/Variant_Shooter/Sounds/Luminous_Custom/SniperShot_Sound.ubulk" 667
"C:/Users/symbi/Documents/School Stuff/LvlDesign2/Project2/Emily/LvlDesign02_TeamLuminous_Project02/Content/Variant_Shooter/Sounds/Luminous_Custom/SniperShot_Sound.uasset" 668
"C:/Users/symbi/Documents/School Stuff/LvlDesign2/Project2/Emily/LvlDesign02_TeamLuminous_Project02/Content/Variant_Shooter/Sounds/Luminous_Custom/SniperShot_Sound.uexp" 669
"C:/Users/symbi/Documents/School Stuff/LvlDesign2/Project2/Emily/LvlDesign02_TeamLuminous_Project02/Content/Variant_Shooter/Sounds/Luminous_Custom/Reload2_Sound.ubulk" 670
"C:/Users/symbi/Documents/School Stuff/LvlDesign2/Project2/Emily/LvlDesign02_TeamLuminous_Project02/Content/Variant_Shooter/Sounds/Luminous_Custom/Reload2_Sound.uasset" 671
"C:/Users/symbi/Documents/School Stuff/LvlDesign2/Project2/Emily/LvlDesign02_TeamLuminous_Project02/Content/Variant_Shooter/Sounds/Luminous_Custom/Reload2_Sound.uexp" 672
"C:/Users/symbi/Documents/School Stuff/LvlDesign2/Project2/Emily/LvlDesign02_TeamLuminous_Project02/Content/Variant_Shooter/Blueprints/Pickups/Projectiles/BP_Sniper_Bullet.uasset" 673
"C:/Users/symbi/Documents/School Stuff/LvlDesign2/Project2/Emily/LvlDesign02_TeamLuminous_Project02/Content/Variant_Shooter/Blueprints/Pickups/Projectiles/BP_Sniper_Bullet.uexp" 674
"C:/Users/symbi/Documents/School Stuff/LvlDesign2/Project2/Emily/LvlDesign02_TeamLuminous_Project02/Content/Variant_Shooter/Blueprints/Pickups/Weapons/BP_ShooterWeapon_Sniper.uasset" 675
"C:/Users/symbi/Documents/School Stuff/LvlDesign2/Project2/Emily/LvlDesign02_TeamLuminous_Project02/Content/Variant_Shooter/Blueprints/Pickups/Weapons/BP_ShooterWeapon_Sniper.uexp" 676
"C:/Users/symbi/Documents/School Stuff/LvlDesign2/Project2/Emily/LvlDesign02_TeamLuminous_Project02/Content/Weapons/Rifle/Materials/M_Shotgun.uasset" 677
"C:/Users/symbi/Documents/School Stuff/LvlDesign2/Project2/Emily/LvlDesign02_TeamLuminous_Project02/Content/Weapons/Rifle/Materials/M_Shotgun.uexp" 678
"C:/Users/symbi/Documents/School Stuff/LvlDesign2/Project2/Emily/LvlDesign02_TeamLuminous_Project02/Content/Weapons/Rifle/Meshes/SK_Shotgun.uasset" 679
"C:/Users/symbi/Documents/School Stuff/LvlDesign2/Project2/Emily/LvlDesign02_TeamLuminous_Project02/Content/Weapons/Rifle/Meshes/SK_Shotgun.uexp" 680
"C:/Users/symbi/Documents/School Stuff/LvlDesign2/Project2/Emily/LvlDesign02_TeamLuminous_Project02/Content/Weapons/Rifle/Meshes/SKM_Shotgun.uasset" 681
"C:/Users/symbi/Documents/School Stuff/LvlDesign2/Project2/Emily/LvlDesign02_TeamLuminous_Project02/Content/Weapons/Rifle/Meshes/SKM_Shotgun.uexp" 682
"C:/Users/symbi/Documents/School Stuff/LvlDesign2/Project2/Emily/LvlDesign02_TeamLuminous_Project02/Content/Variant_Shooter/Sounds/Shotgun_Sound.ubulk" 683
"C:/Users/symbi/Documents/School Stuff/LvlDesign2/Project2/Emily/LvlDesign02_TeamLuminous_Project02/Content/Variant_Shooter/Sounds/Shotgun_Sound.uasset" 684
"C:/Users/symbi/Documents/School Stuff/LvlDesign2/Project2/Emily/LvlDesign02_TeamLuminous_Project02/Content/Variant_Shooter/Sounds/Shotgun_Sound.uexp" 685
"C:/Users/symbi/Documents/School Stuff/LvlDesign2/Project2/Emily/LvlDesign02_TeamLuminous_Project02/Content/Weapons/GrenadeLauncher/Meshes/SM_ShotgunBullet.ubulk" 686
"C:/Users/symbi/Documents/School Stuff/LvlDesign2/Project2/Emily/LvlDesign02_TeamLuminous_Project02/Content/Weapons/GrenadeLauncher/Meshes/SM_ShotgunBullet.uasset" 687
"C:/Users/symbi/Documents/School Stuff/LvlDesign2/Project2/Emily/LvlDesign02_TeamLuminous_Project02/Content/Weapons/GrenadeLauncher/Meshes/SM_ShotgunBullet.uexp" 688
"C:/Users/symbi/Documents/School Stuff/LvlDesign2/Project2/Emily/LvlDesign02_TeamLuminous_Project02/Content/FirstPerson/MI_ShotgunBullet.uasset" 689
"C:/Users/symbi/Documents/School Stuff/LvlDesign2/Project2/Emily/LvlDesign02_TeamLuminous_Project02/Content/FirstPerson/MI_ShotgunBullet.uexp" 690
"C:/Users/symbi/Documents/School Stuff/LvlDesign2/Project2/Emily/LvlDesign02_TeamLuminous_Project02/Content/Variant_Shooter/Blueprints/Pickups/Projectiles/BP_Shotgun_Bullet.uasset" 691
"C:/Users/symbi/Documents/School Stuff/LvlDesign2/Project2/Emily/LvlDesign02_TeamLuminous_Project02/Content/Variant_Shooter/Blueprints/Pickups/Projectiles/BP_Shotgun_Bullet.uexp" 692
"C:/Users/symbi/Documents/School Stuff/LvlDesign2/Project2/Emily/LvlDesign02_TeamLuminous_Project02/Content/Variant_Shooter/Blueprints/Pickups/Weapons/BP_ShooterWeapon_Shotgun.uasset" 693
"C:/Users/symbi/Documents/School Stuff/LvlDesign2/Project2/Emily/LvlDesign02_TeamLuminous_Project02/Content/Variant_Shooter/Blueprints/Pickups/Weapons/BP_ShooterWeapon_Shotgun.uexp" 694
"C:/Users/symbi/Documents/School Stuff/LvlDesign2/Project2/Emily/LvlDesign02_TeamLuminous_Project02/Content/Variant_Shooter/Sounds/Luminous_Custom/RifleShot_Sound.ubulk" 695
"C:/Users/symbi/Documents/School Stuff/LvlDesign2/Project2/Emily/LvlDesign02_TeamLuminous_Project02/Content/Variant_Shooter/Sounds/Luminous_Custom/RifleShot_Sound.uasset" 696
"C:/Users/symbi/Documents/School Stuff/LvlDesign2/Project2/Emily/LvlDesign02_TeamLuminous_Project02/Content/Variant_Shooter/Sounds/Luminous_Custom/RifleShot_Sound.uexp" 697
"C:/Users/symbi/Documents/School Stuff/LvlDesign2/Project2/Emily/LvlDesign02_TeamLuminous_Project02/Content/Variant_Shooter/Blueprints/Pickups/Projectiles/BP_Rifle_Bullet.uasset" 698
"C:/Users/symbi/Documents/School Stuff/LvlDesign2/Project2/Emily/LvlDesign02_TeamLuminous_Project02/Content/Variant_Shooter/Blueprints/Pickups/Projectiles/BP_Rifle_Bullet.uexp" 699
"C:/Users/symbi/Documents/School Stuff/LvlDesign2/Project2/Emily/LvlDesign02_TeamLuminous_Project02/Content/Variant_Shooter/Blueprints/Pickups/Weapons/BP_ShooterWeapon_Rifle.uasset" 700
"C:/Users/symbi/Documents/School Stuff/LvlDesign2/Project2/Emily/LvlDesign02_TeamLuminous_Project02/Content/Variant_Shooter/Blueprints/Pickups/Weapons/BP_ShooterWeapon_Rifle.uexp" 701
"C:/Users/symbi/Documents/School Stuff/LvlDesign2/Project2/Emily/LvlDesign02_TeamLuminous_Project02/Content/Weapons/GrenadeLauncher/Textures/T_FPGun_N.ubulk" 702
"C:/Users/symbi/Documents/School Stuff/LvlDesign2/Project2/Emily/LvlDesign02_TeamLuminous_Project02/Content/Weapons/GrenadeLauncher/Textures/T_FPGun_N.uasset" 703
"C:/Users/symbi/Documents/School Stuff/LvlDesign2/Project2/Emily/LvlDesign02_TeamLuminous_Project02/Content/Weapons/GrenadeLauncher/Textures/T_FPGun_N.uexp" 704
"C:/Users/symbi/Documents/School Stuff/LvlDesign2/Project2/Emily/LvlDesign02_TeamLuminous_Project02/Content/Weapons/GrenadeLauncher/Textures/T_FPGun_M.ubulk" 705
"C:/Users/symbi/Documents/School Stuff/LvlDesign2/Project2/Emily/LvlDesign02_TeamLuminous_Project02/Content/Weapons/GrenadeLauncher/Textures/T_FPGun_M.uasset" 706
"C:/Users/symbi/Documents/School Stuff/LvlDesign2/Project2/Emily/LvlDesign02_TeamLuminous_Project02/Content/Weapons/GrenadeLauncher/Textures/T_FPGun_M.uexp" 707
"C:/Users/symbi/Documents/School Stuff/LvlDesign2/Project2/Emily/LvlDesign02_TeamLuminous_Project02/Content/Weapons/GrenadeLauncher/Materials/M_GrenadeLauncher.uasset" 708
"C:/Users/symbi/Documents/School Stuff/LvlDesign2/Project2/Emily/LvlDesign02_TeamLuminous_Project02/Content/Weapons/GrenadeLauncher/Materials/M_GrenadeLauncher.uexp" 709
"C:/Users/symbi/Documents/School Stuff/LvlDesign2/Project2/Emily/LvlDesign02_TeamLuminous_Project02/Content/Weapons/GrenadeLauncher/Meshes/SK_GrenadeLauncher.uasset" 710
"C:/Users/symbi/Documents/School Stuff/LvlDesign2/Project2/Emily/LvlDesign02_TeamLuminous_Project02/Content/Weapons/GrenadeLauncher/Meshes/SK_GrenadeLauncher.uexp" 711
"C:/Users/symbi/Documents/School Stuff/LvlDesign2/Project2/Emily/LvlDesign02_TeamLuminous_Project02/Content/Weapons/GrenadeLauncher/Meshes/PA_GrenadeLauncher.uasset" 712
"C:/Users/symbi/Documents/School Stuff/LvlDesign2/Project2/Emily/LvlDesign02_TeamLuminous_Project02/Content/Weapons/GrenadeLauncher/Meshes/PA_GrenadeLauncher.uexp" 713
"C:/Users/symbi/Documents/School Stuff/LvlDesign2/Project2/Emily/LvlDesign02_TeamLuminous_Project02/Content/Weapons/GrenadeLauncher/Meshes/SKM_GrenadeLauncher.uasset" 714
"C:/Users/symbi/Documents/School Stuff/LvlDesign2/Project2/Emily/LvlDesign02_TeamLuminous_Project02/Content/Weapons/GrenadeLauncher/Meshes/SKM_GrenadeLauncher.uexp" 715
"C:/Users/symbi/Documents/School Stuff/LvlDesign2/Project2/Emily/LvlDesign02_TeamLuminous_Project02/Content/Variant_Shooter/Sounds/WeaponSwap_Sound.ubulk" 716
"C:/Users/symbi/Documents/School Stuff/LvlDesign2/Project2/Emily/LvlDesign02_TeamLuminous_Project02/Content/Variant_Shooter/Sounds/WeaponSwap_Sound.uasset" 717
"C:/Users/symbi/Documents/School Stuff/LvlDesign2/Project2/Emily/LvlDesign02_TeamLuminous_Project02/Content/Variant_Shooter/Sounds/WeaponSwap_Sound.uexp" 718
"C:/Users/symbi/Documents/School Stuff/LvlDesign2/Project2/Emily/LvlDesign02_TeamLuminous_Project02/Content/Variant_Shooter/Sounds/GrenadesShot_Sound.ubulk" 719
"C:/Users/symbi/Documents/School Stuff/LvlDesign2/Project2/Emily/LvlDesign02_TeamLuminous_Project02/Content/Variant_Shooter/Sounds/GrenadesShot_Sound.uasset" 720
"C:/Users/symbi/Documents/School Stuff/LvlDesign2/Project2/Emily/LvlDesign02_TeamLuminous_Project02/Content/Variant_Shooter/Sounds/GrenadesShot_Sound.uexp" 721
"../../../Engine/Content/EngineMaterials/T_Default_Material_Grid_M.ubulk" 722
"../../../Engine/Content/EngineMaterials/T_Default_Material_Grid_M.uasset" 723
"../../../Engine/Content/EngineMaterials/T_Default_Material_Grid_M.uexp" 724
"../../../Engine/Content/EngineMaterials/T_Default_Material_Grid_N.ubulk" 725
"../../../Engine/Content/EngineMaterials/T_Default_Material_Grid_N.uasset" 726
"../../../Engine/Content/EngineMaterials/T_Default_Material_Grid_N.uexp" 727
"../../../Engine/Content/EngineMaterials/DefaultMaterial.uasset" 728
"../../../Engine/Content/EngineMaterials/DefaultMaterial.uexp" 729
"../../../Engine/Content/BasicShapes/Sphere.ubulk" 730
"../../../Engine/Content/BasicShapes/Sphere.uasset" 731
"../../../Engine/Content/BasicShapes/Sphere.uexp" 732
"C:/Users/symbi/Documents/School Stuff/LvlDesign2/Project2/Emily/LvlDesign02_TeamLuminous_Project02/Content/Variant_Shooter/Blueprints/Pickups/Projectiles/Materials/M_Explosion.uasset" 733
"C:/Users/symbi/Documents/School Stuff/LvlDesign2/Project2/Emily/LvlDesign02_TeamLuminous_Project02/Content/Variant_Shooter/Blueprints/Pickups/Projectiles/Materials/M_Explosion.uexp" 734
"C:/Users/symbi/Documents/School Stuff/LvlDesign2/Project2/Emily/LvlDesign02_TeamLuminous_Project02/Content/Variant_Shooter/Blueprints/Pickups/Projectiles/BP_Shooter_GrenadeExplosion.uasset" 735
"C:/Users/symbi/Documents/School Stuff/LvlDesign2/Project2/Emily/LvlDesign02_TeamLuminous_Project02/Content/Variant_Shooter/Blueprints/Pickups/Projectiles/BP_Shooter_GrenadeExplosion.uexp" 736
"C:/Users/symbi/Documents/School Stuff/LvlDesign2/Project2/Emily/LvlDesign02_TeamLuminous_Project02/Content/Variant_Shooter/Blueprints/Pickups/Projectiles/BP_ShooterProjectile_Grenade.uasset" 737
"C:/Users/symbi/Documents/School Stuff/LvlDesign2/Project2/Emily/LvlDesign02_TeamLuminous_Project02/Content/Variant_Shooter/Blueprints/Pickups/Projectiles/BP_ShooterProjectile_Grenade.uexp" 738
"C:/Users/symbi/Documents/School Stuff/LvlDesign2/Project2/Emily/LvlDesign02_TeamLuminous_Project02/Content/Variant_Shooter/Blueprints/Pickups/Weapons/BP_ShooterWeapon_GrenadeLauncher.uasset" 739
"C:/Users/symbi/Documents/School Stuff/LvlDesign2/Project2/Emily/LvlDesign02_TeamLuminous_Project02/Content/Variant_Shooter/Blueprints/Pickups/Weapons/BP_ShooterWeapon_GrenadeLauncher.uexp" 740
"../../../Engine/Content/EngineMeshes/Sphere.ubulk" 741
"../../../Engine/Content/EngineMeshes/Sphere.uasset" 742
"../../../Engine/Content/EngineMeshes/Sphere.uexp" 743
"../../../Engine/Content/EngineMaterials/WorldGridMaterial.uasset" 744
"../../../Engine/Content/EngineMaterials/WorldGridMaterial.uexp" 745
"../../../Engine/Plugins/Media/MediaPlate/Content/SM_MediaPlateScreen.ubulk" 746
"../../../Engine/Plugins/Media/MediaPlate/Content/SM_MediaPlateScreen.uasset" 747
"../../../Engine/Plugins/Media/MediaPlate/Content/SM_MediaPlateScreen.uexp" 748
"../../../Engine/Content/BasicShapes/Plane.ubulk" 749
"../../../Engine/Content/BasicShapes/Plane.uasset" 750
"../../../Engine/Content/BasicShapes/Plane.uexp" 751
"../../../Engine/Content/BasicShapes/Cylinder.ubulk" 752
"../../../Engine/Content/BasicShapes/Cylinder.uasset" 753
"../../../Engine/Content/BasicShapes/Cylinder.uexp" 754
"../../../Engine/Content/BasicShapes/Cone.ubulk" 755
"../../../Engine/Content/BasicShapes/Cone.uasset" 756
"../../../Engine/Content/BasicShapes/Cone.uexp" 757
"../../../Engine/Content/EditorLandscapeResources/SplineEditorMeshMat.uasset" 758
"../../../Engine/Content/EditorLandscapeResources/SplineEditorMeshMat.uexp" 759
"../../../Engine/Content/EditorLandscapeResources/SplineEditorMesh.ubulk" 760
"../../../Engine/Content/EditorLandscapeResources/SplineEditorMesh.uasset" 761
"../../../Engine/Content/EditorLandscapeResources/SplineEditorMesh.uexp" 762
"../../../Engine/Content/EngineMaterials/WeightMapPlaceholderTexture.uasset" 763
"../../../Engine/Content/EngineMaterials/WeightMapPlaceholderTexture.uexp" 764
"../../../Engine/Content/EngineMaterials/WeightMapArrayPlaceholderTexture.uasset" 765
"../../../Engine/Content/EngineMaterials/WeightMapArrayPlaceholderTexture.uexp" 766
"../../../Engine/Plugins/Animation/ControlRig/Content/Controls/ControlRig_Wedge_solid.ubulk" 767
"../../../Engine/Plugins/Animation/ControlRig/Content/Controls/ControlRig_Wedge_solid.uasset" 768
"../../../Engine/Plugins/Animation/ControlRig/Content/Controls/ControlRig_Wedge_solid.uexp" 769
"../../../Engine/Plugins/Animation/ControlRig/Content/Controls/ControlRig_Wedge_3mm.ubulk" 770
"../../../Engine/Plugins/Animation/ControlRig/Content/Controls/ControlRig_Wedge_3mm.uasset" 771
"../../../Engine/Plugins/Animation/ControlRig/Content/Controls/ControlRig_Wedge_3mm.uexp" 772
"../../../Engine/Plugins/Animation/ControlRig/Content/Controls/ControlRig_Wedge_1mm.ubulk" 773
"../../../Engine/Plugins/Animation/ControlRig/Content/Controls/ControlRig_Wedge_1mm.uasset" 774
"../../../Engine/Plugins/Animation/ControlRig/Content/Controls/ControlRig_Wedge_1mm.uexp" 775
"../../../Engine/Plugins/Animation/ControlRig/Content/Controls/ControlRig_Triangle_solid.ubulk" 776
"../../../Engine/Plugins/Animation/ControlRig/Content/Controls/ControlRig_Triangle_solid.uasset" 777
"../../../Engine/Plugins/Animation/ControlRig/Content/Controls/ControlRig_Triangle_solid.uexp" 778
"../../../Engine/Plugins/Animation/ControlRig/Content/Controls/ControlRig_Triangle_3mm.ubulk" 779
"../../../Engine/Plugins/Animation/ControlRig/Content/Controls/ControlRig_Triangle_3mm.uasset" 780
"../../../Engine/Plugins/Animation/ControlRig/Content/Controls/ControlRig_Triangle_3mm.uexp" 781
"../../../Engine/Plugins/Animation/ControlRig/Content/Controls/ControlRig_Triangle_1mm.ubulk" 782
"../../../Engine/Plugins/Animation/ControlRig/Content/Controls/ControlRig_Triangle_1mm.uasset" 783
"../../../Engine/Plugins/Animation/ControlRig/Content/Controls/ControlRig_Triangle_1mm.uexp" 784
"../../../Engine/Plugins/Animation/ControlRig/Content/Controls/ControlRig_Star4_solid.ubulk" 785
"../../../Engine/Plugins/Animation/ControlRig/Content/Controls/ControlRig_Star4_solid.uasset" 786
"../../../Engine/Plugins/Animation/ControlRig/Content/Controls/ControlRig_Star4_solid.uexp" 787
"../../../Engine/Plugins/Animation/ControlRig/Content/Controls/ControlRig_Star4_3mm.ubulk" 788
"../../../Engine/Plugins/Animation/ControlRig/Content/Controls/ControlRig_Star4_3mm.uasset" 789
"../../../Engine/Plugins/Animation/ControlRig/Content/Controls/ControlRig_Star4_3mm.uexp" 790
"../../../Engine/Plugins/Animation/ControlRig/Content/Controls/ControlRig_Star4_1mm.ubulk" 791
"../../../Engine/Plugins/Animation/ControlRig/Content/Controls/ControlRig_Star4_1mm.uasset" 792
"../../../Engine/Plugins/Animation/ControlRig/Content/Controls/ControlRig_Star4_1mm.uexp" 793
"../../../Engine/Plugins/Animation/ControlRig/Content/Controls/ControlRig_Square_solid.ubulk" 794
"../../../Engine/Plugins/Animation/ControlRig/Content/Controls/ControlRig_Square_solid.uasset" 795
"../../../Engine/Plugins/Animation/ControlRig/Content/Controls/ControlRig_Square_solid.uexp" 796
"../../../Engine/Plugins/Animation/ControlRig/Content/Controls/ControlRig_Square_3mm.ubulk" 797
"../../../Engine/Plugins/Animation/ControlRig/Content/Controls/ControlRig_Square_3mm.uasset" 798
"../../../Engine/Plugins/Animation/ControlRig/Content/Controls/ControlRig_Square_3mm.uexp" 799
"../../../Engine/Plugins/Animation/ControlRig/Content/Controls/ControlRig_Square_1mm.ubulk" 800
"../../../Engine/Plugins/Animation/ControlRig/Content/Controls/ControlRig_Square_1mm.uasset" 801
"../../../Engine/Plugins/Animation/ControlRig/Content/Controls/ControlRig_Square_1mm.uexp" 802
"../../../Engine/Plugins/Animation/ControlRig/Content/Controls/ControlRig_Sphere_solid.ubulk" 803
"../../../Engine/Plugins/Animation/ControlRig/Content/Controls/ControlRig_Sphere_solid.uasset" 804
"../../../Engine/Plugins/Animation/ControlRig/Content/Controls/ControlRig_Sphere_solid.uexp" 805
"../../../Engine/Plugins/Animation/ControlRig/Content/Controls/ControlRig_Sphere_3mm.ubulk" 806
"../../../Engine/Plugins/Animation/ControlRig/Content/Controls/ControlRig_Sphere_3mm.uasset" 807
"../../../Engine/Plugins/Animation/ControlRig/Content/Controls/ControlRig_Sphere_3mm.uexp" 808
"../../../Engine/Plugins/Animation/ControlRig/Content/Controls/ControlRig_Sphere_1mm.ubulk" 809
"../../../Engine/Plugins/Animation/ControlRig/Content/Controls/ControlRig_Sphere_1mm.uasset" 810
"../../../Engine/Plugins/Animation/ControlRig/Content/Controls/ControlRig_Sphere_1mm.uexp" 811
"../../../Engine/Plugins/Animation/ControlRig/Content/Controls/ControlRig_RoundedTriangle_solid.ubulk" 812
"../../../Engine/Plugins/Animation/ControlRig/Content/Controls/ControlRig_RoundedTriangle_solid.uasset" 813
"../../../Engine/Plugins/Animation/ControlRig/Content/Controls/ControlRig_RoundedTriangle_solid.uexp" 814
"../../../Engine/Plugins/Animation/ControlRig/Content/Controls/ControlRig_RoundedTriangle_3mm.ubulk" 815
"../../../Engine/Plugins/Animation/ControlRig/Content/Controls/ControlRig_RoundedTriangle_3mm.uasset" 816
"../../../Engine/Plugins/Animation/ControlRig/Content/Controls/ControlRig_RoundedTriangle_3mm.uexp" 817
"../../../Engine/Plugins/Animation/ControlRig/Content/Controls/ControlRig_RoundedTriangle_1mm.ubulk" 818
"../../../Engine/Plugins/Animation/ControlRig/Content/Controls/ControlRig_RoundedTriangle_1mm.uasset" 819
"../../../Engine/Plugins/Animation/ControlRig/Content/Controls/ControlRig_RoundedTriangle_1mm.uexp" 820
"../../../Engine/Plugins/Animation/ControlRig/Content/Controls/ControlRig_RoundedSquare_solid.ubulk" 821
"../../../Engine/Plugins/Animation/ControlRig/Content/Controls/ControlRig_RoundedSquare_solid.uasset" 822
"../../../Engine/Plugins/Animation/ControlRig/Content/Controls/ControlRig_RoundedSquare_solid.uexp" 823
"../../../Engine/Plugins/Animation/ControlRig/Content/Controls/ControlRig_RoundedSquare_3mm.ubulk" 824
"../../../Engine/Plugins/Animation/ControlRig/Content/Controls/ControlRig_RoundedSquare_3mm.uasset" 825
"../../../Engine/Plugins/Animation/ControlRig/Content/Controls/ControlRig_RoundedSquare_3mm.uexp" 826
"../../../Engine/Plugins/Animation/ControlRig/Content/Controls/ControlRig_RoundedSquare_1mm.ubulk" 827
"../../../Engine/Plugins/Animation/ControlRig/Content/Controls/ControlRig_RoundedSquare_1mm.uasset" 828
"../../../Engine/Plugins/Animation/ControlRig/Content/Controls/ControlRig_RoundedSquare_1mm.uexp" 829
"../../../Engine/Plugins/Animation/ControlRig/Content/Controls/ControlRig_QuarterCircle_solid.ubulk" 830
"../../../Engine/Plugins/Animation/ControlRig/Content/Controls/ControlRig_QuarterCircle_solid.uasset" 831
"../../../Engine/Plugins/Animation/ControlRig/Content/Controls/ControlRig_QuarterCircle_solid.uexp" 832
"../../../Engine/Plugins/Animation/ControlRig/Content/Controls/ControlRig_QuarterCircle_3mm.ubulk" 833
"../../../Engine/Plugins/Animation/ControlRig/Content/Controls/ControlRig_QuarterCircle_3mm.uasset" 834
"../../../Engine/Plugins/Animation/ControlRig/Content/Controls/ControlRig_QuarterCircle_3mm.uexp" 835
"../../../Engine/Plugins/Animation/ControlRig/Content/Controls/ControlRig_QuarterCircle_1mm.ubulk" 836
"../../../Engine/Plugins/Animation/ControlRig/Content/Controls/ControlRig_QuarterCircle_1mm.uasset" 837
"../../../Engine/Plugins/Animation/ControlRig/Content/Controls/ControlRig_QuarterCircle_1mm.uexp" 838
"../../../Engine/Plugins/Animation/ControlRig/Content/Controls/ControlRig_Pyramid_solid.ubulk" 839
"../../../Engine/Plugins/Animation/ControlRig/Content/Controls/ControlRig_Pyramid_solid.uasset" 840
"../../../Engine/Plugins/Animation/ControlRig/Content/Controls/ControlRig_Pyramid_solid.uexp" 841
"../../../Engine/Plugins/Animation/ControlRig/Content/Controls/ControlRig_Pyramid_3mm.ubulk" 842
"../../../Engine/Plugins/Animation/ControlRig/Content/Controls/ControlRig_Pyramid_3mm.uasset" 843
"../../../Engine/Plugins/Animation/ControlRig/Content/Controls/ControlRig_Pyramid_3mm.uexp" 844
"../../../Engine/Plugins/Animation/ControlRig/Content/Controls/ControlRig_Pyramid_1mm.ubulk" 845
"../../../Engine/Plugins/Animation/ControlRig/Content/Controls/ControlRig_Pyramid_1mm.uasset" 846
"../../../Engine/Plugins/Animation/ControlRig/Content/Controls/ControlRig_Pyramid_1mm.uexp" 847
"../../../Engine/Plugins/Animation/ControlRig/Content/Controls/ControlRig_Octagon_solid.ubulk" 848
"../../../Engine/Plugins/Animation/ControlRig/Content/Controls/ControlRig_Octagon_solid.uasset" 849
"../../../Engine/Plugins/Animation/ControlRig/Content/Controls/ControlRig_Octagon_solid.uexp" 850
"../../../Engine/Plugins/Animation/ControlRig/Content/Controls/ControlRig_Octagon_3mm.ubulk" 851
"../../../Engine/Plugins/Animation/ControlRig/Content/Controls/ControlRig_Octagon_3mm.uasset" 852
"../../../Engine/Plugins/Animation/ControlRig/Content/Controls/ControlRig_Octagon_3mm.uexp" 853
"../../../Engine/Plugins/Animation/ControlRig/Content/Controls/ControlRig_Octagon_1mm.ubulk" 854
"../../../Engine/Plugins/Animation/ControlRig/Content/Controls/ControlRig_Octagon_1mm.uasset" 855
"../../../Engine/Plugins/Animation/ControlRig/Content/Controls/ControlRig_Octagon_1mm.uexp" 856
"../../../Engine/Plugins/Animation/ControlRig/Content/Controls/ControlRig_Hexagon_solid.ubulk" 857
"../../../Engine/Plugins/Animation/ControlRig/Content/Controls/ControlRig_Hexagon_solid.uasset" 858
"../../../Engine/Plugins/Animation/ControlRig/Content/Controls/ControlRig_Hexagon_solid.uexp" 859
"../../../Engine/Plugins/Animation/ControlRig/Content/Controls/ControlRig_Hexagon_3mm.ubulk" 860
"../../../Engine/Plugins/Animation/ControlRig/Content/Controls/ControlRig_Hexagon_3mm.uasset" 861
"../../../Engine/Plugins/Animation/ControlRig/Content/Controls/ControlRig_Hexagon_3mm.uexp" 862
"../../../Engine/Plugins/Animation/ControlRig/Content/Controls/ControlRig_Hexagon_1mm.ubulk" 863
"../../../Engine/Plugins/Animation/ControlRig/Content/Controls/ControlRig_Hexagon_1mm.uasset" 864
"../../../Engine/Plugins/Animation/ControlRig/Content/Controls/ControlRig_Hexagon_1mm.uexp" 865
"../../../Engine/Plugins/Animation/ControlRig/Content/Controls/ControlRig_HalfCircle_solid.ubulk" 866
"../../../Engine/Plugins/Animation/ControlRig/Content/Controls/ControlRig_HalfCircle_solid.uasset" 867
"../../../Engine/Plugins/Animation/ControlRig/Content/Controls/ControlRig_HalfCircle_solid.uexp" 868
"../../../Engine/Plugins/Animation/ControlRig/Content/Controls/ControlRig_HalfCircle_3mm.ubulk" 869
"../../../Engine/Plugins/Animation/ControlRig/Content/Controls/ControlRig_HalfCircle_3mm.uasset" 870
"../../../Engine/Plugins/Animation/ControlRig/Content/Controls/ControlRig_HalfCircle_3mm.uexp" 871
"../../../Engine/Plugins/Animation/ControlRig/Content/Controls/ControlRig_HalfCircle_1mm.ubulk" 872
"../../../Engine/Plugins/Animation/ControlRig/Content/Controls/ControlRig_HalfCircle_1mm.uasset" 873
"../../../Engine/Plugins/Animation/ControlRig/Content/Controls/ControlRig_HalfCircle_1mm.uexp" 874
"../../../Engine/Plugins/Animation/ControlRig/Content/Controls/ControlRig_Diamond_solid.ubulk" 875
"../../../Engine/Plugins/Animation/ControlRig/Content/Controls/ControlRig_Diamond_solid.uasset" 876
"../../../Engine/Plugins/Animation/ControlRig/Content/Controls/ControlRig_Diamond_solid.uexp" 877
"../../../Engine/Plugins/Animation/ControlRig/Content/Controls/ControlRig_Diamond_3mm.ubulk" 878
"../../../Engine/Plugins/Animation/ControlRig/Content/Controls/ControlRig_Diamond_3mm.uasset" 879
"../../../Engine/Plugins/Animation/ControlRig/Content/Controls/ControlRig_Diamond_3mm.uexp" 880
"../../../Engine/Plugins/Animation/ControlRig/Content/Controls/ControlRig_Diamond_1mm.ubulk" 881
"../../../Engine/Plugins/Animation/ControlRig/Content/Controls/ControlRig_Diamond_1mm.uasset" 882
"../../../Engine/Plugins/Animation/ControlRig/Content/Controls/ControlRig_Diamond_1mm.uexp" 883
"../../../Engine/Plugins/Animation/ControlRig/Content/Controls/ControlRig_Circle_solid.ubulk" 884
"../../../Engine/Plugins/Animation/ControlRig/Content/Controls/ControlRig_Circle_solid.uasset" 885
"../../../Engine/Plugins/Animation/ControlRig/Content/Controls/ControlRig_Circle_solid.uexp" 886
"../../../Engine/Plugins/Animation/ControlRig/Content/Controls/ControlRig_Circle_3mm.ubulk" 887
"../../../Engine/Plugins/Animation/ControlRig/Content/Controls/ControlRig_Circle_3mm.uasset" 888
"../../../Engine/Plugins/Animation/ControlRig/Content/Controls/ControlRig_Circle_3mm.uexp" 889
"../../../Engine/Plugins/Animation/ControlRig/Content/Controls/ControlRig_Circle_1mm.ubulk" 890
"../../../Engine/Plugins/Animation/ControlRig/Content/Controls/ControlRig_Circle_1mm.uasset" 891
"../../../Engine/Plugins/Animation/ControlRig/Content/Controls/ControlRig_Circle_1mm.uexp" 892
"../../../Engine/Plugins/Animation/ControlRig/Content/Controls/ControlRig_Box_solid.ubulk" 893
"../../../Engine/Plugins/Animation/ControlRig/Content/Controls/ControlRig_Box_solid.uasset" 894
"../../../Engine/Plugins/Animation/ControlRig/Content/Controls/ControlRig_Box_solid.uexp" 895
"../../../Engine/Plugins/Animation/ControlRig/Content/Controls/ControlRig_Box_3mm.ubulk" 896
"../../../Engine/Plugins/Animation/ControlRig/Content/Controls/ControlRig_Box_3mm.uasset" 897
"../../../Engine/Plugins/Animation/ControlRig/Content/Controls/ControlRig_Box_3mm.uexp" 898
"../../../Engine/Plugins/Animation/ControlRig/Content/Controls/ControlRig_Box_1mm.ubulk" 899
"../../../Engine/Plugins/Animation/ControlRig/Content/Controls/ControlRig_Box_1mm.uasset" 900
"../../../Engine/Plugins/Animation/ControlRig/Content/Controls/ControlRig_Box_1mm.uexp" 901
"../../../Engine/Plugins/Animation/ControlRig/Content/Controls/ControlRig_Arrow_solid.ubulk" 902
"../../../Engine/Plugins/Animation/ControlRig/Content/Controls/ControlRig_Arrow_solid.uasset" 903
"../../../Engine/Plugins/Animation/ControlRig/Content/Controls/ControlRig_Arrow_solid.uexp" 904
"../../../Engine/Plugins/Animation/ControlRig/Content/Controls/ControlRig_Arrow_3mm.ubulk" 905
"../../../Engine/Plugins/Animation/ControlRig/Content/Controls/ControlRig_Arrow_3mm.uasset" 906
"../../../Engine/Plugins/Animation/ControlRig/Content/Controls/ControlRig_Arrow_3mm.uexp" 907
"../../../Engine/Plugins/Animation/ControlRig/Content/Controls/ControlRig_Arrow_1mm.ubulk" 908
"../../../Engine/Plugins/Animation/ControlRig/Content/Controls/ControlRig_Arrow_1mm.uasset" 909
"../../../Engine/Plugins/Animation/ControlRig/Content/Controls/ControlRig_Arrow_1mm.uexp" 910
"../../../Engine/Plugins/Animation/ControlRig/Content/Controls/ControlRig_Arrow4_solid.ubulk" 911
"../../../Engine/Plugins/Animation/ControlRig/Content/Controls/ControlRig_Arrow4_solid.uasset" 912
"../../../Engine/Plugins/Animation/ControlRig/Content/Controls/ControlRig_Arrow4_solid.uexp" 913
"../../../Engine/Plugins/Animation/ControlRig/Content/Controls/ControlRig_Arrow4_3mm.ubulk" 914
"../../../Engine/Plugins/Animation/ControlRig/Content/Controls/ControlRig_Arrow4_3mm.uasset" 915
"../../../Engine/Plugins/Animation/ControlRig/Content/Controls/ControlRig_Arrow4_3mm.uexp" 916
"../../../Engine/Plugins/Animation/ControlRig/Content/Controls/ControlRig_Arrow4_1mm.ubulk" 917
"../../../Engine/Plugins/Animation/ControlRig/Content/Controls/ControlRig_Arrow4_1mm.uasset" 918
"../../../Engine/Plugins/Animation/ControlRig/Content/Controls/ControlRig_Arrow4_1mm.uexp" 919
"../../../Engine/Plugins/Animation/ControlRig/Content/Controls/ControlRig_Arrow2_solid.ubulk" 920
"../../../Engine/Plugins/Animation/ControlRig/Content/Controls/ControlRig_Arrow2_solid.uasset" 921
"../../../Engine/Plugins/Animation/ControlRig/Content/Controls/ControlRig_Arrow2_solid.uexp" 922
"../../../Engine/Plugins/Animation/ControlRig/Content/Controls/ControlRig_Arrow2_3mm.ubulk" 923
"../../../Engine/Plugins/Animation/ControlRig/Content/Controls/ControlRig_Arrow2_3mm.uasset" 924
"../../../Engine/Plugins/Animation/ControlRig/Content/Controls/ControlRig_Arrow2_3mm.uexp" 925
"../../../Engine/Plugins/Animation/ControlRig/Content/Controls/ControlRig_Arrow2_1mm.ubulk" 926
"../../../Engine/Plugins/Animation/ControlRig/Content/Controls/ControlRig_Arrow2_1mm.uasset" 927
"../../../Engine/Plugins/Animation/ControlRig/Content/Controls/ControlRig_Arrow2_1mm.uexp" 928
"../../../Engine/Content/VREditor/TransformGizmo/Xray.uasset" 929
"../../../Engine/Content/VREditor/TransformGizmo/Xray.uexp" 930
"../../../Engine/Content/VREditor/TransformGizmo/Main.uasset" 931
"../../../Engine/Content/VREditor/TransformGizmo/Main.uexp" 932
"../../../Engine/Content/VREditor/TransformGizmo/SM_Sequencer_Node.ubulk" 933
"../../../Engine/Content/VREditor/TransformGizmo/SM_Sequencer_Node.uasset" 934
"../../../Engine/Content/VREditor/TransformGizmo/SM_Sequencer_Node.uexp" 935
"../../../Engine/Content/VREditor/TransformGizmo/TranslucentTransformGizmoMaterial.uasset" 936
"../../../Engine/Content/VREditor/TransformGizmo/TranslucentTransformGizmoMaterial.uexp" 937
"../../../Engine/Content/VREditor/LaserPointer/VR_LaserPower_01.ubulk" 938
"../../../Engine/Content/VREditor/LaserPointer/VR_LaserPower_01.uasset" 939
"../../../Engine/Content/VREditor/LaserPointer/VR_LaserPower_01.uexp" 940
"../../../Engine/Content/VREditor/TransformGizmo/TransformGizmoMaterial.uasset" 941
"../../../Engine/Content/VREditor/TransformGizmo/TransformGizmoMaterial.uexp" 942
"../../../Engine/Content/VREditor/TransformGizmo/BoundingBoxEdge.ubulk" 943
"../../../Engine/Content/VREditor/TransformGizmo/BoundingBoxEdge.uasset" 944
"../../../Engine/Content/VREditor/TransformGizmo/BoundingBoxEdge.uexp" 945
"../../../Engine/Content/VREditor/TransformGizmo/BoundingBoxCorner.ubulk" 946
"../../../Engine/Content/VREditor/TransformGizmo/BoundingBoxCorner.uasset" 947
"../../../Engine/Content/VREditor/TransformGizmo/BoundingBoxCorner.uexp" 948
"../../../Engine/Content/EditorMaterials/Camera/CineMat.uasset" 949
"../../../Engine/Content/EditorMaterials/Camera/CineMat.uexp" 950
"../../../Engine/Content/EditorMaterials/Camera/MI_CineMat_Rig.uasset" 951
"../../../Engine/Content/EditorMaterials/Camera/MI_CineMat_Rig.uexp" 952
"../../../Engine/Content/EditorMeshes/Camera/SM_RailRig_Track.ubulk" 953
"../../../Engine/Content/EditorMeshes/Camera/SM_RailRig_Track.uasset" 954
"../../../Engine/Content/EditorMeshes/Camera/SM_RailRig_Track.uexp" 955
"../../../Engine/Content/EditorMeshes/Camera/SM_RailRig_Mount.ubulk" 956
"../../../Engine/Content/EditorMeshes/Camera/SM_RailRig_Mount.uasset" 957
"../../../Engine/Content/EditorMeshes/Camera/SM_RailRig_Mount.uexp" 958
"../../../Engine/Content/EditorMeshes/Camera/SM_CraneRig_Mount.ubulk" 959
"../../../Engine/Content/EditorMeshes/Camera/SM_CraneRig_Mount.uasset" 960
"../../../Engine/Content/EditorMeshes/Camera/SM_CraneRig_Mount.uexp" 961
"../../../Engine/Content/EditorMeshes/Camera/SM_CraneRig_Body.ubulk" 962
"../../../Engine/Content/EditorMeshes/Camera/SM_CraneRig_Body.uasset" 963
"../../../Engine/Content/EditorMeshes/Camera/SM_CraneRig_Body.uexp" 964
"../../../Engine/Content/EditorMeshes/Camera/SM_CraneRig_Base.ubulk" 965
"../../../Engine/Content/EditorMeshes/Camera/SM_CraneRig_Base.uasset" 966
"../../../Engine/Content/EditorMeshes/Camera/SM_CraneRig_Base.uexp" 967
"../../../Engine/Content/EditorMeshes/Camera/SM_CraneRig_Arm.ubulk" 968
"../../../Engine/Content/EditorMeshes/Camera/SM_CraneRig_Arm.uasset" 969
"../../../Engine/Content/EditorMeshes/Camera/SM_CraneRig_Arm.uexp" 970
"../../../Engine/Content/EngineMaterials/Substrate/Glints2/AGlintTex2dArray2.uasset" 971
"../../../Engine/Content/EngineMaterials/Substrate/Glints2/AGlintTex2dArray2.uexp" 972
"../../../Engine/Content/EngineMaterials/Substrate/GLints/AGlintTex2dArray.uasset" 973
"../../../Engine/Content/EngineMaterials/Substrate/GLints/AGlintTex2dArray.uexp" 974
"../../../Engine/Content/ArtTools/RenderToTexture/Meshes/S_1_Unit_Plane.ubulk" 975
"../../../Engine/Content/ArtTools/RenderToTexture/Meshes/S_1_Unit_Plane.uasset" 976
"../../../Engine/Content/ArtTools/RenderToTexture/Meshes/S_1_Unit_Plane.uexp" 977
"C:/Users/symbi/Documents/School Stuff/LvlDesign2/Project2/Emily/LvlDesign02_TeamLuminous_Project02/Content/Weapons/Rifle/Meshes/SM_Sniper.ubulk" 978
"C:/Users/symbi/Documents/School Stuff/LvlDesign2/Project2/Emily/LvlDesign02_TeamLuminous_Project02/Content/Weapons/Rifle/Meshes/SM_Sniper.uasset" 979
"C:/Users/symbi/Documents/School Stuff/LvlDesign2/Project2/Emily/LvlDesign02_TeamLuminous_Project02/Content/Weapons/Rifle/Meshes/SM_Sniper.uexp" 980
"C:/Users/symbi/Documents/School Stuff/LvlDesign2/Project2/Emily/LvlDesign02_TeamLuminous_Project02/Content/Weapons/Rifle/Meshes/SM_Shotgun.ubulk" 981
"C:/Users/symbi/Documents/School Stuff/LvlDesign2/Project2/Emily/LvlDesign02_TeamLuminous_Project02/Content/Weapons/Rifle/Meshes/SM_Shotgun.uasset" 982
"C:/Users/symbi/Documents/School Stuff/LvlDesign2/Project2/Emily/LvlDesign02_TeamLuminous_Project02/Content/Weapons/Rifle/Meshes/SM_Shotgun.uexp" 983
"C:/Users/symbi/Documents/School Stuff/LvlDesign2/Project2/Emily/LvlDesign02_TeamLuminous_Project02/Content/Weapons/Rifle/Meshes/SM_Rifle.ubulk" 984
"C:/Users/symbi/Documents/School Stuff/LvlDesign2/Project2/Emily/LvlDesign02_TeamLuminous_Project02/Content/Weapons/Rifle/Meshes/SM_Rifle.uasset" 985
"C:/Users/symbi/Documents/School Stuff/LvlDesign2/Project2/Emily/LvlDesign02_TeamLuminous_Project02/Content/Weapons/Rifle/Meshes/SM_Rifle.uexp" 986
"C:/Users/symbi/Documents/School Stuff/LvlDesign2/Project2/Emily/LvlDesign02_TeamLuminous_Project02/Content/Weapons/Pistol/Meshes/SM_Pistol.ubulk" 987
"C:/Users/symbi/Documents/School Stuff/LvlDesign2/Project2/Emily/LvlDesign02_TeamLuminous_Project02/Content/Weapons/Pistol/Meshes/SM_Pistol.uasset" 988
"C:/Users/symbi/Documents/School Stuff/LvlDesign2/Project2/Emily/LvlDesign02_TeamLuminous_Project02/Content/Weapons/Pistol/Meshes/SM_Pistol.uexp" 989
"C:/Users/symbi/Documents/School Stuff/LvlDesign2/Project2/Emily/LvlDesign02_TeamLuminous_Project02/Content/Weapons/GrenadeLauncher/Meshes/SM_GrenadeLauncher.ubulk" 990
"C:/Users/symbi/Documents/School Stuff/LvlDesign2/Project2/Emily/LvlDesign02_TeamLuminous_Project02/Content/Weapons/GrenadeLauncher/Meshes/SM_GrenadeLauncher.uasset" 991
"C:/Users/symbi/Documents/School Stuff/LvlDesign2/Project2/Emily/LvlDesign02_TeamLuminous_Project02/Content/Weapons/GrenadeLauncher/Meshes/SM_GrenadeLauncher.uexp" 992
"../../../Engine/Content/EngineResources/DefaultTextureCube.uasset" 993
"../../../Engine/Content/EngineResources/DefaultTextureCube.uexp" 994
"../../../Engine/Plugins/NNE/NNEDenoiser/Content/NNE_oidn2-3-0_rt_hdr_calb_cnrm_large__dyn__fp16_opset11_ForwardAlpha.uasset" 995
"../../../Engine/Plugins/NNE/NNEDenoiser/Content/NNE_oidn2-3-0_rt_hdr_calb_cnrm_large__dyn__fp16_opset11_ForwardAlpha.uexp" 996
"../../../Engine/Plugins/NNE/NNEDenoiser/Content/NNE_oidn2-3-0_rt_hdr_calb_cnrm_large__dyn__fp16_opset11_DenoiseAlpha.uasset" 997
"../../../Engine/Plugins/NNE/NNEDenoiser/Content/NNE_oidn2-3-0_rt_hdr_calb_cnrm_large__dyn__fp16_opset11_DenoiseAlpha.uexp" 998
"../../../Engine/Plugins/NNE/NNEDenoiser/Content/NNE_oidn2-3-0_rt_hdr_alb_nrm__dyn__fp16_opset11_ForwardAlpha.uasset" 999
"../../../Engine/Plugins/NNE/NNEDenoiser/Content/NNE_oidn2-3-0_rt_hdr_alb_nrm__dyn__fp16_opset11_ForwardAlpha.uexp" 1000
"../../../Engine/Plugins/NNE/NNEDenoiser/Content/NNE_oidn2-3-0_rt_hdr_alb_nrm__dyn__fp16_opset11_DenoiseAlpha.uasset" 1001
"../../../Engine/Plugins/NNE/NNEDenoiser/Content/NNE_oidn2-3-0_rt_hdr_alb_nrm__dyn__fp16_opset11_DenoiseAlpha.uexp" 1002
"../../../Engine/Plugins/NNE/NNEDenoiser/Content/NNE_oidn2-3-0_rt_hdr_alb_nrm_small__dyn__fp16_opset11_ForwardAlpha.uasset" 1003
"../../../Engine/Plugins/NNE/NNEDenoiser/Content/NNE_oidn2-3-0_rt_hdr_alb_nrm_small__dyn__fp16_opset11_ForwardAlpha.uexp" 1004
"../../../Engine/Plugins/NNE/NNEDenoiser/Content/NNE_oidn2-3-0_rt_hdr_alb_nrm_small__dyn__fp16_opset11_DenoiseAlpha.uasset" 1005
"../../../Engine/Plugins/NNE/NNEDenoiser/Content/NNE_oidn2-3-0_rt_hdr_alb_nrm_small__dyn__fp16_opset11_DenoiseAlpha.uexp" 1006
"../../../Engine/Plugins/2D/Paper2D/Content/DefaultSpriteMaterial.uasset" 1007
"../../../Engine/Plugins/2D/Paper2D/Content/DefaultSpriteMaterial.uexp" 1008
"../../../Engine/Plugins/2D/Paper2D/Content/OpaqueUnlitSpriteMaterial.uasset" 1009
"../../../Engine/Plugins/2D/Paper2D/Content/OpaqueUnlitSpriteMaterial.uexp" 1010
"../../../Engine/Plugins/2D/Paper2D/Content/MaskedUnlitSpriteMaterial.uasset" 1011
"../../../Engine/Plugins/2D/Paper2D/Content/MaskedUnlitSpriteMaterial.uexp" 1012
"../../../Engine/Content/Functions/Engine_MaterialFunctions03/Math/WithinRangeFloat2.uasset" 1013
"../../../Engine/Content/Functions/Engine_MaterialFunctions03/Math/WithinRangeFloat2.uexp" 1014
"../../../Engine/Content/EditorLandscapeResources/SelectBrushMaterial.uasset" 1015
"../../../Engine/Content/EditorLandscapeResources/SelectBrushMaterial.uexp" 1016
"../../../Engine/Content/EditorLandscapeResources/SelectBrushMaterial_SelectedRegion.uasset" 1017
"../../../Engine/Content/EditorLandscapeResources/SelectBrushMaterial_SelectedRegion.uexp" 1018
"../../../Engine/Content/EditorLandscapeResources/SelectBrushMaterial_Selected.uasset" 1019
"../../../Engine/Content/EditorLandscapeResources/SelectBrushMaterial_Selected.uexp" 1020
"../../../Engine/Content/EditorLandscapeResources/MaskBrushMaterial.uasset" 1021
"../../../Engine/Content/EditorLandscapeResources/MaskBrushMaterial.uexp" 1022
"../../../Engine/Content/EditorLandscapeResources/MaskBrushMaterial_MaskedRegion.uasset" 1023
"../../../Engine/Content/EditorLandscapeResources/MaskBrushMaterial_MaskedRegion.uexp" 1024
"../../../Engine/Content/EditorLandscapeResources/ColorMaskBrushMaterial.uasset" 1025
"../../../Engine/Content/EditorLandscapeResources/ColorMaskBrushMaterial.uexp" 1026
"../../../Engine/Content/EditorLandscapeResources/ColorMaskBrushMaterial_MaskedRegion.uasset" 1027
"../../../Engine/Content/EditorLandscapeResources/ColorMaskBrushMaterial_MaskedRegion.uexp" 1028
"../../../Engine/Content/EngineResources/LandscapeVisibilityLayerInfo.uasset" 1029
"../../../Engine/Content/EngineResources/LandscapeVisibilityLayerInfo.uexp" 1030
"../../../Engine/Content/EngineMaterials/Widget3DPassThrough.uasset" 1031
"../../../Engine/Content/EngineMaterials/Widget3DPassThrough.uexp" 1032
"../../../Engine/Content/EngineMaterials/Widget3DPassThrough_Translucent.uasset" 1033
"../../../Engine/Content/EngineMaterials/Widget3DPassThrough_Translucent.uexp" 1034
"../../../Engine/Content/EngineMaterials/Widget3DPassThrough_Translucent_OneSided.uasset" 1035
"../../../Engine/Content/EngineMaterials/Widget3DPassThrough_Translucent_OneSided.uexp" 1036
"../../../Engine/Content/EngineMaterials/Widget3DPassThrough_Opaque.uasset" 1037
"../../../Engine/Content/EngineMaterials/Widget3DPassThrough_Opaque.uexp" 1038
"../../../Engine/Content/EngineMaterials/Widget3DPassThrough_Opaque_OneSided.uasset" 1039
"../../../Engine/Content/EngineMaterials/Widget3DPassThrough_Opaque_OneSided.uexp" 1040
"../../../Engine/Content/EngineMaterials/Widget3DPassThrough_Masked_OneSided.uasset" 1041
"../../../Engine/Content/EngineMaterials/Widget3DPassThrough_Masked_OneSided.uexp" 1042
"../../../Engine/Content/EngineMaterials/Widget3DPassThrough_Masked.uasset" 1043
"../../../Engine/Content/EngineMaterials/Widget3DPassThrough_Masked.uexp" 1044
"../../../Engine/Plugins/Interchange/Assets/Content/gltf/Textures/T_White_srgb.uasset" 1045
"../../../Engine/Plugins/Interchange/Assets/Content/gltf/Textures/T_White_srgb.uexp" 1046
"../../../Engine/Plugins/Interchange/Assets/Content/gltf/MaterialFunctions/MF_BaseColor.uasset" 1047
"../../../Engine/Plugins/Interchange/Assets/Content/gltf/MaterialFunctions/MF_BaseColor.uexp" 1048
"../../../Engine/Plugins/Interchange/Assets/Content/gltf/MaterialFunctions/MF_RotateV2.uasset" 1049
"../../../Engine/Plugins/Interchange/Assets/Content/gltf/MaterialFunctions/MF_RotateV2.uexp" 1050
"../../../Engine/Plugins/Interchange/Assets/Content/gltf/MaterialFunctions/MF_TransformUVs.uasset" 1051
"../../../Engine/Plugins/Interchange/Assets/Content/gltf/MaterialFunctions/MF_TransformUVs.uexp" 1052
"../../../Engine/Plugins/Interchange/Assets/Content/gltf/MaterialBodies/MF_Unlit_Body.uasset" 1053
"../../../Engine/Plugins/Interchange/Assets/Content/gltf/MaterialBodies/MF_Unlit_Body.uexp" 1054
"../../../Engine/Plugins/Interchange/Assets/Content/gltf/M_Unlit.uasset" 1055
"../../../Engine/Plugins/Interchange/Assets/Content/gltf/M_Unlit.uexp" 1056
"../../../Engine/Plugins/Interchange/Assets/Content/gltf/MaterialInstances/MI_Unlit_Opaque_DS.uasset" 1057
"../../../Engine/Plugins/Interchange/Assets/Content/gltf/MaterialInstances/MI_Unlit_Opaque_DS.uexp" 1058
"../../../Engine/Plugins/Interchange/Assets/Content/gltf/MaterialInstances/MI_Unlit_Opaque.uasset" 1059
"../../../Engine/Plugins/Interchange/Assets/Content/gltf/MaterialInstances/MI_Unlit_Opaque.uexp" 1060
"../../../Engine/Plugins/Interchange/Assets/Content/gltf/MaterialInstances/MI_Unlit_Mask_DS.uasset" 1061
"../../../Engine/Plugins/Interchange/Assets/Content/gltf/MaterialInstances/MI_Unlit_Mask_DS.uexp" 1062
"../../../Engine/Plugins/Interchange/Assets/Content/gltf/MaterialInstances/MI_Unlit_Mask.uasset" 1063
"../../../Engine/Plugins/Interchange/Assets/Content/gltf/MaterialInstances/MI_Unlit_Mask.uexp" 1064
"../../../Engine/Plugins/Interchange/Assets/Content/gltf/MaterialInstances/MI_Unlit_Blend_DS.uasset" 1065
"../../../Engine/Plugins/Interchange/Assets/Content/gltf/MaterialInstances/MI_Unlit_Blend_DS.uexp" 1066
"../../../Engine/Plugins/Interchange/Assets/Content/gltf/MaterialInstances/MI_Unlit_Blend.uasset" 1067
"../../../Engine/Plugins/Interchange/Assets/Content/gltf/MaterialInstances/MI_Unlit_Blend.uexp" 1068
"../../../Engine/Content/EngineMaterials/Good64x64TilingNoiseHighFreq.uasset" 1069
"../../../Engine/Content/EngineMaterials/Good64x64TilingNoiseHighFreq.uexp" 1070
"../../../Engine/Content/Functions/Engine_MaterialFunctions02/Texturing/ScreenAlignedPixelToPixelUVs.uasset" 1071
"../../../Engine/Content/Functions/Engine_MaterialFunctions02/Texturing/ScreenAlignedPixelToPixelUVs.uexp" 1072
"../../../Engine/Plugins/Interchange/Assets/Content/Utilities/New_LUT.uasset" 1073
"../../../Engine/Plugins/Interchange/Assets/Content/Utilities/New_LUT.uexp" 1074
"../../../Engine/Content/Functions/Engine_MaterialFunctions03/Math/RemapValueRange.uasset" 1075
"../../../Engine/Content/Functions/Engine_MaterialFunctions03/Math/RemapValueRange.uexp" 1076
"../../../Engine/Plugins/Interchange/Assets/Content/Functions/MF_Iridescence.uasset" 1077
"../../../Engine/Plugins/Interchange/Assets/Content/Functions/MF_Iridescence.uexp" 1078
"../../../Engine/Plugins/Interchange/Assets/Content/gltf/MaterialFunctions/MF_Fresnel_DS.uasset" 1079
"../../../Engine/Plugins/Interchange/Assets/Content/gltf/MaterialFunctions/MF_Fresnel_DS.uexp" 1080
"../../../Engine/Plugins/Interchange/Assets/Content/gltf/MaterialFunctions/MF_IOR.uasset" 1081
"../../../Engine/Plugins/Interchange/Assets/Content/gltf/MaterialFunctions/MF_IOR.uexp" 1082
"../../../Engine/Plugins/Interchange/Assets/Content/gltf/MaterialFunctions/MF_Iridescence.uasset" 1083
"../../../Engine/Plugins/Interchange/Assets/Content/gltf/MaterialFunctions/MF_Iridescence.uexp" 1084
"../../../Engine/Plugins/Interchange/Assets/Content/gltf/Textures/T_White_Linear.uasset" 1085
"../../../Engine/Plugins/Interchange/Assets/Content/gltf/Textures/T_White_Linear.uexp" 1086
"../../../Engine/Plugins/Interchange/Assets/Content/gltf/MaterialFunctions/MF_MetallicRoughness.uasset" 1087
"../../../Engine/Plugins/Interchange/Assets/Content/gltf/MaterialFunctions/MF_MetallicRoughness.uexp" 1088
"../../../Engine/Content/Functions/Engine_MaterialFunctions02/Math/Transform3x3Matrix.uasset" 1089
"../../../Engine/Content/Functions/Engine_MaterialFunctions02/Math/Transform3x3Matrix.uexp" 1090
"../../../Engine/Plugins/Interchange/Assets/Content/gltf/MaterialFunctions/MF_RotateNormals_TS.uasset" 1091
"../../../Engine/Plugins/Interchange/Assets/Content/gltf/MaterialFunctions/MF_RotateNormals_TS.uexp" 1092
"../../../Engine/Plugins/Interchange/Assets/Content/gltf/MaterialFunctions/MF_ScaleNormal.uasset" 1093
"../../../Engine/Plugins/Interchange/Assets/Content/gltf/MaterialFunctions/MF_ScaleNormal.uexp" 1094
"../../../Engine/Plugins/Interchange/Assets/Content/gltf/Textures/T_Generic_N.uasset" 1095
"../../../Engine/Plugins/Interchange/Assets/Content/gltf/Textures/T_Generic_N.uexp" 1096
"../../../Engine/Plugins/Interchange/Assets/Content/gltf/MaterialFunctions/MF_Normals.uasset" 1097
"../../../Engine/Plugins/Interchange/Assets/Content/gltf/MaterialFunctions/MF_Normals.uexp" 1098
"../../../Engine/Plugins/Interchange/Assets/Content/gltf/MaterialFunctions/MF_Occlusion.uasset" 1099
"../../../Engine/Plugins/Interchange/Assets/Content/gltf/MaterialFunctions/MF_Occlusion.uexp" 1100
"../../../Engine/Plugins/Interchange/Assets/Content/gltf/MaterialFunctions/MF_Specular.uasset" 1101
"../../../Engine/Plugins/Interchange/Assets/Content/gltf/MaterialFunctions/MF_Specular.uexp" 1102
"../../../Engine/Plugins/Interchange/Assets/Content/gltf/Textures/T_Anisotropy_Direction_Linear.uasset" 1103
"../../../Engine/Plugins/Interchange/Assets/Content/gltf/Textures/T_Anisotropy_Direction_Linear.uexp" 1104
"../../../Engine/Plugins/Interchange/Assets/Content/gltf/MaterialFunctions/MF_SpecularAnisotropy.uasset" 1105
"../../../Engine/Plugins/Interchange/Assets/Content/gltf/MaterialFunctions/MF_SpecularAnisotropy.uexp" 1106
"../../../Engine/Plugins/Interchange/Assets/Content/gltf/MaterialFunctions/MF_Temporal_Blur.uasset" 1107
"../../../Engine/Plugins/Interchange/Assets/Content/gltf/MaterialFunctions/MF_Temporal_Blur.uexp" 1108
"../../../Engine/Plugins/Interchange/Assets/Content/gltf/MaterialFunctions/MF_Transmission.uasset" 1109
"../../../Engine/Plugins/Interchange/Assets/Content/gltf/MaterialFunctions/MF_Transmission.uexp" 1110
"../../../Engine/Plugins/Interchange/Assets/Content/gltf/MaterialBodies/MF_Transmission_Body.uasset" 1111
"../../../Engine/Plugins/Interchange/Assets/Content/gltf/MaterialBodies/MF_Transmission_Body.uexp" 1112
"../../../Engine/Plugins/Interchange/Assets/Content/gltf/M_Transmission.uasset" 1113
"../../../Engine/Plugins/Interchange/Assets/Content/gltf/M_Transmission.uexp" 1114
"../../../Engine/Plugins/Interchange/Assets/Content/gltf/MaterialInstances/MI_Transmission_DS.uasset" 1115
"../../../Engine/Plugins/Interchange/Assets/Content/gltf/MaterialInstances/MI_Transmission_DS.uexp" 1116
"../../../Engine/Plugins/Interchange/Assets/Content/gltf/MaterialInstances/MI_Transmission.uasset" 1117
"../../../Engine/Plugins/Interchange/Assets/Content/gltf/MaterialInstances/MI_Transmission.uexp" 1118
"../../../Engine/Content/Functions/Engine_MaterialFunctions02/Math/AddComponents.uasset" 1119
"../../../Engine/Content/Functions/Engine_MaterialFunctions02/Math/AddComponents.uexp" 1120
"../../../Engine/Plugins/Interchange/Assets/Content/gltf/MaterialFunctions/MF_DiffuseSpecGloss.uasset" 1121
"../../../Engine/Plugins/Interchange/Assets/Content/gltf/MaterialFunctions/MF_DiffuseSpecGloss.uexp" 1122
"../../../Engine/Plugins/Interchange/Assets/Content/gltf/MaterialFunctions/MF_Emissive.uasset" 1123
"../../../Engine/Plugins/Interchange/Assets/Content/gltf/MaterialFunctions/MF_Emissive.uexp" 1124
"../../../Engine/Plugins/Interchange/Assets/Content/gltf/MaterialFunctions/MF_MaxComponentValue.uasset" 1125
"../../../Engine/Plugins/Interchange/Assets/Content/gltf/MaterialFunctions/MF_MaxComponentValue.uexp" 1126
"../../../Engine/Plugins/Interchange/Assets/Content/gltf/MaterialFunctions/MF_PerceivedBrightness.uasset" 1127
"../../../Engine/Plugins/Interchange/Assets/Content/gltf/MaterialFunctions/MF_PerceivedBrightness.uexp" 1128
"../../../Engine/Plugins/Interchange/Assets/Content/gltf/MaterialFunctions/MF_SpecGlossToMetalRoughness.uasset" 1129
"../../../Engine/Plugins/Interchange/Assets/Content/gltf/MaterialFunctions/MF_SpecGlossToMetalRoughness.uexp" 1130
"../../../Engine/Plugins/Interchange/Assets/Content/gltf/MaterialBodies/MF_SpecularGlossiness_Body.uasset" 1131
"../../../Engine/Plugins/Interchange/Assets/Content/gltf/MaterialBodies/MF_SpecularGlossiness_Body.uexp" 1132
"../../../Engine/Plugins/Interchange/Assets/Content/gltf/M_SpecularGlossiness.uasset" 1133
"../../../Engine/Plugins/Interchange/Assets/Content/gltf/M_SpecularGlossiness.uexp" 1134
"../../../Engine/Plugins/Interchange/Assets/Content/gltf/MaterialInstances/MI_SpecularGlossiness_Opaque_DS.uasset" 1135
"../../../Engine/Plugins/Interchange/Assets/Content/gltf/MaterialInstances/MI_SpecularGlossiness_Opaque_DS.uexp" 1136
"../../../Engine/Plugins/Interchange/Assets/Content/gltf/MaterialInstances/MI_SpecularGlossiness_Opaque.uasset" 1137
"../../../Engine/Plugins/Interchange/Assets/Content/gltf/MaterialInstances/MI_SpecularGlossiness_Opaque.uexp" 1138
"../../../Engine/Plugins/Interchange/Assets/Content/gltf/MaterialInstances/MI_SpecularGlossiness_Mask_DS.uasset" 1139
"../../../Engine/Plugins/Interchange/Assets/Content/gltf/MaterialInstances/MI_SpecularGlossiness_Mask_DS.uexp" 1140
"../../../Engine/Plugins/Interchange/Assets/Content/gltf/MaterialInstances/MI_SpecularGlossiness_Mask.uasset" 1141
"../../../Engine/Plugins/Interchange/Assets/Content/gltf/MaterialInstances/MI_SpecularGlossiness_Mask.uexp" 1142
"../../../Engine/Plugins/Interchange/Assets/Content/gltf/MaterialInstances/MI_SpecularGlossiness_Blend_DS.uasset" 1143
"../../../Engine/Plugins/Interchange/Assets/Content/gltf/MaterialInstances/MI_SpecularGlossiness_Blend_DS.uexp" 1144
"../../../Engine/Plugins/Interchange/Assets/Content/gltf/MaterialInstances/MI_SpecularGlossiness_Blend.uasset" 1145
"../../../Engine/Plugins/Interchange/Assets/Content/gltf/MaterialInstances/MI_SpecularGlossiness_Blend.uexp" 1146
"../../../Engine/Plugins/Interchange/Assets/Content/gltf/MaterialFunctions/MF_Sheen.uasset" 1147
"../../../Engine/Plugins/Interchange/Assets/Content/gltf/MaterialFunctions/MF_Sheen.uexp" 1148
"../../../Engine/Plugins/Interchange/Assets/Content/gltf/MaterialBodies/MF_Sheen_Body.uasset" 1149
"../../../Engine/Plugins/Interchange/Assets/Content/gltf/MaterialBodies/MF_Sheen_Body.uexp" 1150
"../../../Engine/Plugins/Interchange/Assets/Content/gltf/M_Sheen.uasset" 1151
"../../../Engine/Plugins/Interchange/Assets/Content/gltf/M_Sheen.uexp" 1152
"../../../Engine/Plugins/Interchange/Assets/Content/gltf/MaterialInstances/MI_Sheen_Opaque_DS.uasset" 1153
"../../../Engine/Plugins/Interchange/Assets/Content/gltf/MaterialInstances/MI_Sheen_Opaque_DS.uexp" 1154
"../../../Engine/Plugins/Interchange/Assets/Content/gltf/MaterialInstances/MI_Sheen_Opaque.uasset" 1155
"../../../Engine/Plugins/Interchange/Assets/Content/gltf/MaterialInstances/MI_Sheen_Opaque.uexp" 1156
"../../../Engine/Plugins/Interchange/Assets/Content/gltf/MaterialInstances/MI_Sheen_Mask_DS.uasset" 1157
"../../../Engine/Plugins/Interchange/Assets/Content/gltf/MaterialInstances/MI_Sheen_Mask_DS.uexp" 1158
"../../../Engine/Plugins/Interchange/Assets/Content/gltf/MaterialInstances/MI_Sheen_Mask.uasset" 1159
"../../../Engine/Plugins/Interchange/Assets/Content/gltf/MaterialInstances/MI_Sheen_Mask.uexp" 1160
"../../../Engine/Plugins/Interchange/Assets/Content/gltf/MaterialInstances/MI_Sheen_Blend_DS.uasset" 1161
"../../../Engine/Plugins/Interchange/Assets/Content/gltf/MaterialInstances/MI_Sheen_Blend_DS.uexp" 1162
"../../../Engine/Plugins/Interchange/Assets/Content/gltf/MaterialInstances/MI_Sheen_Blend.uasset" 1163
"../../../Engine/Plugins/Interchange/Assets/Content/gltf/MaterialInstances/MI_Sheen_Blend.uexp" 1164
"../../../Engine/Plugins/Interchange/Assets/Content/gltf/MaterialBodies/MF_Default_Body.uasset" 1165
"../../../Engine/Plugins/Interchange/Assets/Content/gltf/MaterialBodies/MF_Default_Body.uexp" 1166
"../../../Engine/Plugins/Interchange/Assets/Content/gltf/M_Default.uasset" 1167
"../../../Engine/Plugins/Interchange/Assets/Content/gltf/M_Default.uexp" 1168
"../../../Engine/Plugins/Interchange/Assets/Content/gltf/MaterialInstances/MI_Default_Opaque_DS.uasset" 1169
"../../../Engine/Plugins/Interchange/Assets/Content/gltf/MaterialInstances/MI_Default_Opaque_DS.uexp" 1170
"../../../Engine/Plugins/Interchange/Assets/Content/gltf/MaterialInstances/MI_Default_Opaque.uasset" 1171
"../../../Engine/Plugins/Interchange/Assets/Content/gltf/MaterialInstances/MI_Default_Opaque.uexp" 1172
"../../../Engine/Plugins/Interchange/Assets/Content/gltf/MaterialInstances/MI_Default_Mask_DS.uasset" 1173
"../../../Engine/Plugins/Interchange/Assets/Content/gltf/MaterialInstances/MI_Default_Mask_DS.uexp" 1174
"../../../Engine/Plugins/Interchange/Assets/Content/gltf/MaterialInstances/MI_Default_Mask.uasset" 1175
"../../../Engine/Plugins/Interchange/Assets/Content/gltf/MaterialInstances/MI_Default_Mask.uexp" 1176
"../../../Engine/Plugins/Interchange/Assets/Content/gltf/MaterialInstances/MI_Default_Blend_DS.uasset" 1177
"../../../Engine/Plugins/Interchange/Assets/Content/gltf/MaterialInstances/MI_Default_Blend_DS.uexp" 1178
"../../../Engine/Plugins/Interchange/Assets/Content/gltf/MaterialInstances/MI_Default_Blend.uasset" 1179
"../../../Engine/Plugins/Interchange/Assets/Content/gltf/MaterialInstances/MI_Default_Blend.uexp" 1180
"../../../Engine/Content/Functions/Engine_MaterialFunctions01/Texturing/FlattenNormal.uasset" 1181
"../../../Engine/Content/Functions/Engine_MaterialFunctions01/Texturing/FlattenNormal.uexp" 1182
"../../../Engine/Plugins/Interchange/Assets/Content/gltf/MaterialFunctions/MF_Clearcoat.uasset" 1183
"../../../Engine/Plugins/Interchange/Assets/Content/gltf/MaterialFunctions/MF_Clearcoat.uexp" 1184
"../../../Engine/Plugins/Interchange/Assets/Content/gltf/MaterialBodies/MF_ClearCoat_Body.uasset" 1185
"../../../Engine/Plugins/Interchange/Assets/Content/gltf/MaterialBodies/MF_ClearCoat_Body.uexp" 1186
"../../../Engine/Plugins/Interchange/Assets/Content/gltf/M_ClearCoat.uasset" 1187
"../../../Engine/Plugins/Interchange/Assets/Content/gltf/M_ClearCoat.uexp" 1188
"../../../Engine/Plugins/Interchange/Assets/Content/gltf/MaterialInstances/MI_ClearCoat_Opaque_DS.uasset" 1189
"../../../Engine/Plugins/Interchange/Assets/Content/gltf/MaterialInstances/MI_ClearCoat_Opaque_DS.uexp" 1190
"../../../Engine/Plugins/Interchange/Assets/Content/gltf/MaterialInstances/MI_ClearCoat_Opaque.uasset" 1191
"../../../Engine/Plugins/Interchange/Assets/Content/gltf/MaterialInstances/MI_ClearCoat_Opaque.uexp" 1192
"../../../Engine/Plugins/Interchange/Assets/Content/gltf/MaterialInstances/MI_ClearCoat_Mask_DS.uasset" 1193
"../../../Engine/Plugins/Interchange/Assets/Content/gltf/MaterialInstances/MI_ClearCoat_Mask_DS.uexp" 1194
"../../../Engine/Plugins/Interchange/Assets/Content/gltf/MaterialInstances/MI_ClearCoat_Mask.uasset" 1195
"../../../Engine/Plugins/Interchange/Assets/Content/gltf/MaterialInstances/MI_ClearCoat_Mask.uexp" 1196
"../../../Engine/Plugins/Interchange/Assets/Content/gltf/MaterialInstances/MI_ClearCoat_Blend_DS.uasset" 1197
"../../../Engine/Plugins/Interchange/Assets/Content/gltf/MaterialInstances/MI_ClearCoat_Blend_DS.uexp" 1198
"../../../Engine/Plugins/Interchange/Assets/Content/gltf/MaterialInstances/MI_ClearCoat_Blend.uasset" 1199
"../../../Engine/Plugins/Interchange/Assets/Content/gltf/MaterialInstances/MI_ClearCoat_Blend.uexp" 1200
"../../../Engine/Content/EngineMaterials/Substrate/Volume/SubstrateSimpleVolumeLUT3D.uasset" 1201
"../../../Engine/Content/EngineMaterials/Substrate/Volume/SubstrateSimpleVolumeLUT3D.uexp" 1202
"../../../Engine/Content/EngineMaterials/Substrate/Volume/SubstrateSimpleVolumeEnvLUT3D.uasset" 1203
"../../../Engine/Content/EngineMaterials/Substrate/Volume/SubstrateSimpleVolumeEnvLUT3D.uexp" 1204
"../../../Engine/Plugins/NNE/NNEDenoiser/Content/NNED_Oidn2-3_HighQuality_Alpha.uasset" 1205
"../../../Engine/Plugins/NNE/NNEDenoiser/Content/NNED_Oidn2-3_HighQuality_Alpha.uexp" 1206
"../../../Engine/Plugins/NNE/NNEDenoiser/Content/NNED_Oidn2-3_HighQuality.uasset" 1207
"../../../Engine/Plugins/NNE/NNEDenoiser/Content/NNED_Oidn2-3_HighQuality.uexp" 1208
"../../../Engine/Plugins/NNE/NNEDenoiser/Content/NNED_Oidn2-3_Fast_Alpha.uasset" 1209
"../../../Engine/Plugins/NNE/NNEDenoiser/Content/NNED_Oidn2-3_Fast_Alpha.uexp" 1210
"../../../Engine/Plugins/NNE/NNEDenoiser/Content/NNED_Oidn2-3_Fast.uasset" 1211
"../../../Engine/Plugins/NNE/NNEDenoiser/Content/NNED_Oidn2-3_Fast.uexp" 1212
"../../../Engine/Plugins/NNE/NNEDenoiser/Content/NNED_Oidn2-3_Balanced_Alpha.uasset" 1213
"../../../Engine/Plugins/NNE/NNEDenoiser/Content/NNED_Oidn2-3_Balanced_Alpha.uexp" 1214
"../../../Engine/Plugins/NNE/NNEDenoiser/Content/NNED_Oidn2-3_Balanced.uasset" 1215
"../../../Engine/Plugins/NNE/NNEDenoiser/Content/NNED_Oidn2-3_Balanced.uexp" 1216
"../../../Engine/Plugins/NNE/NNEDenoiser/Content/NNEDT_Oidn2-3_Balanced_Alpha.uasset" 1217
"../../../Engine/Plugins/NNE/NNEDenoiser/Content/NNEDT_Oidn2-3_Balanced_Alpha.uexp" 1218
"../../../Engine/Plugins/NNE/NNEDenoiser/Content/NNEDT_Oidn2-3_Balanced.uasset" 1219
"../../../Engine/Plugins/NNE/NNEDenoiser/Content/NNEDT_Oidn2-3_Balanced.uexp" 1220
"../../../Engine/Plugins/Animation/DeformerGraph/Content/DeformerFunctions/DG_Function_LinearBlendSkin_Morph_Cloth_PositionOnly.uasset" 1221
"../../../Engine/Plugins/Animation/DeformerGraph/Content/DeformerFunctions/DG_Function_LinearBlendSkin_Morph_Cloth_PositionOnly.uexp" 1222
"../../../Engine/Plugins/Animation/DeformerGraph/Content/DeformerFunctions/DG_Function_ComputeNormalsTangents.uasset" 1223
"../../../Engine/Plugins/Animation/DeformerGraph/Content/DeformerFunctions/DG_Function_ComputeNormalsTangents.uexp" 1224
"../../../Engine/Plugins/Animation/DeformerGraph/Content/Deformers/DG_LinearBlendSkin_Morph_Cloth_RecomputeNormals.uasset" 1225
"../../../Engine/Plugins/Animation/DeformerGraph/Content/Deformers/DG_LinearBlendSkin_Morph_Cloth_RecomputeNormals.uexp" 1226
"../../../Engine/Plugins/Animation/DeformerGraph/Content/DeformerFunctions/DG_Function_LinearBlendSkin_Morph_Cloth.uasset" 1227
"../../../Engine/Plugins/Animation/DeformerGraph/Content/DeformerFunctions/DG_Function_LinearBlendSkin_Morph_Cloth.uexp" 1228
"../../../Engine/Plugins/Animation/DeformerGraph/Content/Deformers/DG_LinearBlendSkin_Morph_Cloth.uasset" 1229
"../../../Engine/Plugins/Animation/DeformerGraph/Content/Deformers/DG_LinearBlendSkin_Morph_Cloth.uexp" 1230
"../../../Engine/Content/VREditor/Sounds/UI/Drop_Item_From_ContentBrowser.ubulk" 1231
"../../../Engine/Content/VREditor/Sounds/UI/Drop_Item_From_ContentBrowser.uasset" 1232
"../../../Engine/Content/VREditor/Sounds/UI/Drop_Item_From_ContentBrowser.uexp" 1233
"../../../Engine/Content/VREditor/TransformGizmo/TransformGizmoMaterial_Inst.uasset" 1234
"../../../Engine/Content/VREditor/TransformGizmo/TransformGizmoMaterial_Inst.uexp" 1235
"../../../Engine/Content/VREditor/TransformGizmo/TranslucentTransformGizmoMaterial_Inst.uasset" 1236
"../../../Engine/Content/VREditor/TransformGizmo/TranslucentTransformGizmoMaterial_Inst.uexp" 1237
"../../../Engine/Content/Functions/Engine_MaterialFunctions02/SplitComponents.uasset" 1238
"../../../Engine/Content/Functions/Engine_MaterialFunctions02/SplitComponents.uexp" 1239
"../../../Engine/Content/VREditor/SnapGrid/SnapGridMaterial.uasset" 1240
"../../../Engine/Content/VREditor/SnapGrid/SnapGridMaterial.uexp" 1241
"../../../Engine/Content/VREditor/SnapGrid/SnapGridPlaneMesh.ubulk" 1242
"../../../Engine/Content/VREditor/SnapGrid/SnapGridPlaneMesh.uasset" 1243
"../../../Engine/Content/VREditor/SnapGrid/SnapGridPlaneMesh.uexp" 1244
"../../../Engine/Content/VREditor/Sounds/UI/Gizmo_Handle_Clicked.ubulk" 1245
"../../../Engine/Content/VREditor/Sounds/UI/Gizmo_Handle_Clicked.uasset" 1246
"../../../Engine/Content/VREditor/Sounds/UI/Gizmo_Handle_Clicked.uexp" 1247
"../../../Engine/Content/VREditor/Sounds/UI/Object_PickUp.ubulk" 1248
"../../../Engine/Content/VREditor/Sounds/UI/Object_PickUp.uasset" 1249
"../../../Engine/Content/VREditor/Sounds/UI/Object_PickUp.uexp" 1250
"../../../Engine/Content/VREditor/Sounds/UI/Object_Snaps_To_Another_Actor.ubulk" 1251
"../../../Engine/Content/VREditor/Sounds/UI/Object_Snaps_To_Another_Actor.uasset" 1252
"../../../Engine/Content/VREditor/Sounds/UI/Object_Snaps_To_Another_Actor.uexp" 1253
"../../../Engine/Content/VREditor/Sounds/UI/Object_Snaps_To_Grid.ubulk" 1254
"../../../Engine/Content/VREditor/Sounds/UI/Object_Snaps_To_Grid.uasset" 1255
"../../../Engine/Content/VREditor/Sounds/UI/Object_Snaps_To_Grid.uexp" 1256
"../../../Engine/Content/VREditor/Sounds/UI/Scaling_Down.ubulk" 1257
"../../../Engine/Content/VREditor/Sounds/UI/Scaling_Down.uasset" 1258
"../../../Engine/Content/VREditor/Sounds/UI/Scaling_Down.uexp" 1259
"../../../Engine/Content/VREditor/Sounds/UI/Scaling_Up.ubulk" 1260
"../../../Engine/Content/VREditor/Sounds/UI/Scaling_Up.uasset" 1261
"../../../Engine/Content/VREditor/Sounds/UI/Scaling_Up.uexp" 1262
"../../../Engine/Content/VREditor/Sounds/UI/Selection_Changes.ubulk" 1263
"../../../Engine/Content/VREditor/Sounds/UI/Selection_Changes.uasset" 1264
"../../../Engine/Content/VREditor/Sounds/UI/Selection_Changes.uexp" 1265
"../../../Engine/Content/VREditor/TransformGizmo/PlaneTranslationHandle.ubulk" 1266
"../../../Engine/Content/VREditor/TransformGizmo/PlaneTranslationHandle.uasset" 1267
"../../../Engine/Content/VREditor/TransformGizmo/PlaneTranslationHandle.uexp" 1268
"../../../Engine/Content/VREditor/TransformGizmo/RotationHandleFull.ubulk" 1269
"../../../Engine/Content/VREditor/TransformGizmo/RotationHandleFull.uasset" 1270
"../../../Engine/Content/VREditor/TransformGizmo/RotationHandleFull.uexp" 1271
"../../../Engine/Content/VREditor/TransformGizmo/RotationHandleIndicator.ubulk" 1272
"../../../Engine/Content/VREditor/TransformGizmo/RotationHandleIndicator.uasset" 1273
"../../../Engine/Content/VREditor/TransformGizmo/RotationHandleIndicator.uexp" 1274
"../../../Engine/Content/VREditor/TransformGizmo/RotationHandleQuarter.ubulk" 1275
"../../../Engine/Content/VREditor/TransformGizmo/RotationHandleQuarter.uasset" 1276
"../../../Engine/Content/VREditor/TransformGizmo/RotationHandleQuarter.uexp" 1277
"../../../Engine/Content/VREditor/TransformGizmo/StartRotationHandleIndicator.ubulk" 1278
"../../../Engine/Content/VREditor/TransformGizmo/StartRotationHandleIndicator.uasset" 1279
"../../../Engine/Content/VREditor/TransformGizmo/StartRotationHandleIndicator.uexp" 1280
"../../../Engine/Content/VREditor/TransformGizmo/TransformGizmoFreeRotation.ubulk" 1281
"../../../Engine/Content/VREditor/TransformGizmo/TransformGizmoFreeRotation.uasset" 1282
"../../../Engine/Content/VREditor/TransformGizmo/TransformGizmoFreeRotation.uexp" 1283
"../../../Engine/Content/VREditor/TransformGizmo/TranslateArrowHandle.ubulk" 1284
"../../../Engine/Content/VREditor/TransformGizmo/TranslateArrowHandle.uasset" 1285
"../../../Engine/Content/VREditor/TransformGizmo/TranslateArrowHandle.uexp" 1286
"../../../Engine/Content/VREditor/TransformGizmo/UniformScaleHandle.ubulk" 1287
"../../../Engine/Content/VREditor/TransformGizmo/UniformScaleHandle.uasset" 1288
"../../../Engine/Content/VREditor/TransformGizmo/UniformScaleHandle.uexp" 1289
"../../../Engine/Content/Maps/Entry_BuiltData.uasset" 1290
"../../../Engine/Content/Maps/Entry_BuiltData.uexp" 1291
"../../../Engine/Content/Maps/Entry.uexp" 1292
"../../../Engine/Content/Maps/Entry.umap" 1293
"../../../Engine/Content/BasicShapes/Cube.ubulk" 1294
"../../../Engine/Content/BasicShapes/Cube.uasset" 1295
"../../../Engine/Content/BasicShapes/Cube.uexp" 1296
"../../../Engine/Content/EngineSky/VolumetricClouds/VT_PerlinWorley_Balanced.uasset" 1297
"../../../Engine/Content/EngineSky/VolumetricClouds/VT_PerlinWorley_Balanced.uexp" 1298
"../../../Engine/Content/EngineSky/VolumetricClouds/T_Profile_08.ubulk" 1299
"../../../Engine/Content/EngineSky/VolumetricClouds/T_Profile_08.uasset" 1300
"../../../Engine/Content/EngineSky/VolumetricClouds/T_Profile_08.uexp" 1301
"../../../Engine/Content/EngineSky/VolumetricClouds/T_CloudPattern.ubulk" 1302
"../../../Engine/Content/EngineSky/VolumetricClouds/T_CloudPattern.uasset" 1303
"../../../Engine/Content/EngineSky/VolumetricClouds/T_CloudPattern.uexp" 1304
"../../../Engine/Content/EngineSky/VolumetricClouds/T_CloudMask.ubulk" 1305
"../../../Engine/Content/EngineSky/VolumetricClouds/T_CloudMask.uasset" 1306
"../../../Engine/Content/EngineSky/VolumetricClouds/T_CloudMask.uexp" 1307
"../../../Engine/Content/Functions/Engine_MaterialFunctions02/Utility/BreakOutFloat4Components.uasset" 1308
"../../../Engine/Content/Functions/Engine_MaterialFunctions02/Utility/BreakOutFloat4Components.uexp" 1309
"../../../Engine/Content/Functions/Engine_MaterialFunctions02/Utility/MakeFloat4.uasset" 1310
"../../../Engine/Content/Functions/Engine_MaterialFunctions02/Utility/MakeFloat4.uexp" 1311
"../../../Engine/Content/EngineResources/DefaultVolumeTexture2D.uasset" 1312
"../../../Engine/Content/EngineResources/DefaultVolumeTexture2D.uexp" 1313
"../../../Engine/Content/EngineResources/DefaultVolumeTexture.uasset" 1314
"../../../Engine/Content/EngineResources/DefaultVolumeTexture.uexp" 1315
"../../../Engine/Content/EngineSky/VolumetricClouds/VT_Lightning.uasset" 1316
"../../../Engine/Content/EngineSky/VolumetricClouds/VT_Lightning.uexp" 1317
"../../../Engine/Content/Functions/Engine_MaterialFunctions01/Units/Km-to-Cm.uasset" 1318
"../../../Engine/Content/Functions/Engine_MaterialFunctions01/Units/Km-to-Cm.uexp" 1319
"../../../Engine/Content/EngineSky/VolumetricClouds/m_SimpleVolumetricCloud.uasset" 1320
"../../../Engine/Content/EngineSky/VolumetricClouds/m_SimpleVolumetricCloud.uexp" 1321
"../../../Engine/Content/EngineSky/VolumetricClouds/m_SimpleVolumetricCloud_Inst.uasset" 1322
"../../../Engine/Content/EngineSky/VolumetricClouds/m_SimpleVolumetricCloud_Inst.uexp" 1323
"../../../Engine/Content/Functions/Engine_MaterialFunctions01/Gradient/LinearGradient.uasset" 1324
"../../../Engine/Content/Functions/Engine_MaterialFunctions01/Gradient/LinearGradient.uexp" 1325
"../../../Engine/Content/Functions/Engine_MaterialFunctions01/ImageAdjustment/CheapContrast.uasset" 1326
"../../../Engine/Content/Functions/Engine_MaterialFunctions01/ImageAdjustment/CheapContrast.uexp" 1327
"C:/Users/symbi/Documents/School Stuff/LvlDesign2/Project2/Emily/LvlDesign02_TeamLuminous_Project02/Content/LevelPrototyping/Textures/T_GridChecker_A.ubulk" 1328
"C:/Users/symbi/Documents/School Stuff/LvlDesign2/Project2/Emily/LvlDesign02_TeamLuminous_Project02/Content/LevelPrototyping/Textures/T_GridChecker_A.uasset" 1329
"C:/Users/symbi/Documents/School Stuff/LvlDesign2/Project2/Emily/LvlDesign02_TeamLuminous_Project02/Content/LevelPrototyping/Textures/T_GridChecker_A.uexp" 1330
"C:/Users/symbi/Documents/School Stuff/LvlDesign2/Project2/Emily/LvlDesign02_TeamLuminous_Project02/Content/LevelPrototyping/Materials/MF_ProcGrid.uasset" 1331
"C:/Users/symbi/Documents/School Stuff/LvlDesign2/Project2/Emily/LvlDesign02_TeamLuminous_Project02/Content/LevelPrototyping/Materials/MF_ProcGrid.uexp" 1332
"C:/Users/symbi/Documents/School Stuff/LvlDesign2/Project2/Emily/LvlDesign02_TeamLuminous_Project02/Content/LevelPrototyping/Materials/M_PrototypeGrid.uasset" 1333
"C:/Users/symbi/Documents/School Stuff/LvlDesign2/Project2/Emily/LvlDesign02_TeamLuminous_Project02/Content/LevelPrototyping/Materials/M_PrototypeGrid.uexp" 1334
"C:/Users/symbi/Documents/School Stuff/LvlDesign2/Project2/Emily/LvlDesign02_TeamLuminous_Project02/Content/LevelPrototyping/Materials/MI_PrototypeGrid_TopDark.uasset" 1335
"C:/Users/symbi/Documents/School Stuff/LvlDesign2/Project2/Emily/LvlDesign02_TeamLuminous_Project02/Content/LevelPrototyping/Materials/MI_PrototypeGrid_TopDark.uexp" 1336
"C:/Users/symbi/Documents/School Stuff/LvlDesign2/Project2/Emily/LvlDesign02_TeamLuminous_Project02/Content/Variant_Shooter/Blueprints/AI/StateTree/StateTreeTask_ShootAtTarget.uasset" 1337
"C:/Users/symbi/Documents/School Stuff/LvlDesign2/Project2/Emily/LvlDesign02_TeamLuminous_Project02/Content/Variant_Shooter/Blueprints/AI/StateTree/StateTreeTask_ShootAtTarget.uexp" 1338
"C:/Users/symbi/Documents/School Stuff/LvlDesign2/Project2/Emily/LvlDesign02_TeamLuminous_Project02/Content/Variant_Shooter/Blueprints/AI/StateTree/StateTreeTask_SetRandomFloat.uasset" 1339
"C:/Users/symbi/Documents/School Stuff/LvlDesign2/Project2/Emily/LvlDesign02_TeamLuminous_Project02/Content/Variant_Shooter/Blueprints/AI/StateTree/StateTreeTask_SetRandomFloat.uexp" 1340
"C:/Users/symbi/Documents/School Stuff/LvlDesign2/Project2/Emily/LvlDesign02_TeamLuminous_Project02/Content/Variant_Shooter/Blueprints/AI/StateTree/StateTreeCondition_HasLineOfSightToTarget.uasset" 1341
"C:/Users/symbi/Documents/School Stuff/LvlDesign2/Project2/Emily/LvlDesign02_TeamLuminous_Project02/Content/Variant_Shooter/Blueprints/AI/StateTree/StateTreeCondition_HasLineOfSightToTarget.uexp" 1342
"C:/Users/symbi/Documents/School Stuff/LvlDesign2/Project2/Emily/LvlDesign02_TeamLuminous_Project02/Content/Variant_Shooter/Blueprints/AI/ST_Shooter_ShootAtTarget.uasset" 1343
"C:/Users/symbi/Documents/School Stuff/LvlDesign2/Project2/Emily/LvlDesign02_TeamLuminous_Project02/Content/Variant_Shooter/Blueprints/AI/ST_Shooter_ShootAtTarget.uexp" 1344
"C:/Users/symbi/Documents/School Stuff/LvlDesign2/Project2/Emily/LvlDesign02_TeamLuminous_Project02/Content/Variant_Shooter/Blueprints/AI/StateTree/StateTreeTask_SenseEnemies.uasset" 1345
"C:/Users/symbi/Documents/School Stuff/LvlDesign2/Project2/Emily/LvlDesign02_TeamLuminous_Project02/Content/Variant_Shooter/Blueprints/AI/StateTree/StateTreeTask_SenseEnemies.uexp" 1346
"C:/Users/symbi/Documents/School Stuff/LvlDesign2/Project2/Emily/LvlDesign02_TeamLuminous_Project02/Content/Variant_Shooter/Blueprints/AI/StateTree/StateTreeTask_FaceLocation.uasset" 1347
"C:/Users/symbi/Documents/School Stuff/LvlDesign2/Project2/Emily/LvlDesign02_TeamLuminous_Project02/Content/Variant_Shooter/Blueprints/AI/StateTree/StateTreeTask_FaceLocation.uexp" 1348
"C:/Users/symbi/Documents/School Stuff/LvlDesign2/Project2/Emily/LvlDesign02_TeamLuminous_Project02/Content/Variant_Shooter/Blueprints/AI/StateTree/StateTreeTask_FaceActor.uasset" 1349
"C:/Users/symbi/Documents/School Stuff/LvlDesign2/Project2/Emily/LvlDesign02_TeamLuminous_Project02/Content/Variant_Shooter/Blueprints/AI/StateTree/StateTreeTask_FaceActor.uexp" 1350
"C:/Users/symbi/Documents/School Stuff/LvlDesign2/Project2/Emily/LvlDesign02_TeamLuminous_Project02/Content/Variant_Shooter/Blueprints/AI/EQS/EnvQueryContext_Target.uasset" 1351
"C:/Users/symbi/Documents/School Stuff/LvlDesign2/Project2/Emily/LvlDesign02_TeamLuminous_Project02/Content/Variant_Shooter/Blueprints/AI/EQS/EnvQueryContext_Target.uexp" 1352
"C:/Users/symbi/Documents/School Stuff/LvlDesign2/Project2/Emily/LvlDesign02_TeamLuminous_Project02/Content/Variant_Shooter/Blueprints/AI/EQS/EQS_FindSnipingLocation.uasset" 1353
"C:/Users/symbi/Documents/School Stuff/LvlDesign2/Project2/Emily/LvlDesign02_TeamLuminous_Project02/Content/Variant_Shooter/Blueprints/AI/EQS/EQS_FindSnipingLocation.uexp" 1354
"C:/Users/symbi/Documents/School Stuff/LvlDesign2/Project2/Emily/LvlDesign02_TeamLuminous_Project02/Content/Variant_Shooter/Blueprints/AI/EQS/EQS_FindRoamLocation.uasset" 1355
"C:/Users/symbi/Documents/School Stuff/LvlDesign2/Project2/Emily/LvlDesign02_TeamLuminous_Project02/Content/Variant_Shooter/Blueprints/AI/EQS/EQS_FindRoamLocation.uexp" 1356
"C:/Users/symbi/Documents/School Stuff/LvlDesign2/Project2/Emily/LvlDesign02_TeamLuminous_Project02/Content/Variant_Shooter/Blueprints/AI/ST_Shooter.uasset" 1357
"C:/Users/symbi/Documents/School Stuff/LvlDesign2/Project2/Emily/LvlDesign02_TeamLuminous_Project02/Content/Variant_Shooter/Blueprints/AI/ST_Shooter.uexp" 1358
"C:/Users/symbi/Documents/School Stuff/LvlDesign2/Project2/Emily/LvlDesign02_TeamLuminous_Project02/Content/Variant_Shooter/Blueprints/AI/BP_ShooterAIController.uasset" 1359
"C:/Users/symbi/Documents/School Stuff/LvlDesign2/Project2/Emily/LvlDesign02_TeamLuminous_Project02/Content/Variant_Shooter/Blueprints/AI/BP_ShooterAIController.uexp" 1360
"C:/Users/symbi/Documents/School Stuff/LvlDesign2/Project2/Emily/LvlDesign02_TeamLuminous_Project02/Content/Variant_Shooter/Blueprints/AI/BP_ShooterNPC.uasset" 1361
"C:/Users/symbi/Documents/School Stuff/LvlDesign2/Project2/Emily/LvlDesign02_TeamLuminous_Project02/Content/Variant_Shooter/Blueprints/AI/BP_ShooterNPC.uexp" 1362
"../../../Engine/Content/BasicShapes/BasicShapeMaterial.uasset" 1363
"../../../Engine/Content/BasicShapes/BasicShapeMaterial.uexp" 1364
"C:/Users/symbi/Documents/School Stuff/LvlDesign2/Project2/Emily/LvlDesign02_TeamLuminous_Project02/Content/Variant_Shooter/Blueprints/Pickups/ST_WeaponTableRow.uasset" 1365
"C:/Users/symbi/Documents/School Stuff/LvlDesign2/Project2/Emily/LvlDesign02_TeamLuminous_Project02/Content/Variant_Shooter/Blueprints/Pickups/ST_WeaponTableRow.uexp" 1366
"C:/Users/symbi/Documents/School Stuff/LvlDesign2/Project2/Emily/LvlDesign02_TeamLuminous_Project02/Content/Variant_Shooter/Blueprints/Pickups/DT_WeaponList.uasset" 1367
"C:/Users/symbi/Documents/School Stuff/LvlDesign2/Project2/Emily/LvlDesign02_TeamLuminous_Project02/Content/Variant_Shooter/Blueprints/Pickups/DT_WeaponList.uexp" 1368
"C:/Users/symbi/Documents/School Stuff/LvlDesign2/Project2/Emily/LvlDesign02_TeamLuminous_Project02/Content/LevelPrototyping/Meshes/SM_ChamferCube.ubulk" 1369
"C:/Users/symbi/Documents/School Stuff/LvlDesign2/Project2/Emily/LvlDesign02_TeamLuminous_Project02/Content/LevelPrototyping/Meshes/SM_ChamferCube.uasset" 1370
"C:/Users/symbi/Documents/School Stuff/LvlDesign2/Project2/Emily/LvlDesign02_TeamLuminous_Project02/Content/LevelPrototyping/Meshes/SM_ChamferCube.uexp" 1371
"C:/Users/symbi/Documents/School Stuff/LvlDesign2/Project2/Emily/LvlDesign02_TeamLuminous_Project02/Content/LevelPrototyping/Materials/MI_PrototypeGrid_Gray.uasset" 1372
"C:/Users/symbi/Documents/School Stuff/LvlDesign2/Project2/Emily/LvlDesign02_TeamLuminous_Project02/Content/LevelPrototyping/Materials/MI_PrototypeGrid_Gray.uexp" 1373
"C:/Users/symbi/Documents/School Stuff/LvlDesign2/Project2/Emily/LvlDesign02_TeamLuminous_Project02/Content/LevelPrototyping/Meshes/SM_Cylinder.ubulk" 1374
"C:/Users/symbi/Documents/School Stuff/LvlDesign2/Project2/Emily/LvlDesign02_TeamLuminous_Project02/Content/LevelPrototyping/Meshes/SM_Cylinder.uasset" 1375
"C:/Users/symbi/Documents/School Stuff/LvlDesign2/Project2/Emily/LvlDesign02_TeamLuminous_Project02/Content/LevelPrototyping/Meshes/SM_Cylinder.uexp" 1376
"C:/Users/symbi/Documents/School Stuff/LvlDesign2/Project2/Emily/LvlDesign02_TeamLuminous_Project02/Content/Variant_Shooter/Blueprints/Pickups/BP_ShooterPickup.uasset" 1377
"C:/Users/symbi/Documents/School Stuff/LvlDesign2/Project2/Emily/LvlDesign02_TeamLuminous_Project02/Content/Variant_Shooter/Blueprints/Pickups/BP_ShooterPickup.uexp" 1378
"../../../Engine/Plugins/FX/Niagara/Content/DefaultAssets/DefaultSpriteMaterial.uasset" 1379
"../../../Engine/Plugins/FX/Niagara/Content/DefaultAssets/DefaultSpriteMaterial.uexp" 1380
"C:/Users/symbi/Documents/School Stuff/LvlDesign2/Project2/Emily/LvlDesign02_TeamLuminous_Project02/Content/LevelPrototyping/Interactable/JumpPad/Assets/Materials/M_GradientGlow.uasset" 1381
"C:/Users/symbi/Documents/School Stuff/LvlDesign2/Project2/Emily/LvlDesign02_TeamLuminous_Project02/Content/LevelPrototyping/Interactable/JumpPad/Assets/Materials/M_GradientGlow.uexp" 1382
"C:/Users/symbi/Documents/School Stuff/LvlDesign2/Project2/Emily/LvlDesign02_TeamLuminous_Project02/Content/LevelPrototyping/Interactable/JumpPad/Assets/Meshes/SM_CircularGlow.ubulk" 1383
"C:/Users/symbi/Documents/School Stuff/LvlDesign2/Project2/Emily/LvlDesign02_TeamLuminous_Project02/Content/LevelPrototyping/Interactable/JumpPad/Assets/Meshes/SM_CircularGlow.uasset" 1384
"C:/Users/symbi/Documents/School Stuff/LvlDesign2/Project2/Emily/LvlDesign02_TeamLuminous_Project02/Content/LevelPrototyping/Interactable/JumpPad/Assets/Meshes/SM_CircularGlow.uexp" 1385
"C:/Users/symbi/Documents/School Stuff/LvlDesign2/Project2/Emily/LvlDesign02_TeamLuminous_Project02/Content/LevelPrototyping/Interactable/JumpPad/Assets/Materials/M_SimpleGlow.uasset" 1386
"C:/Users/symbi/Documents/School Stuff/LvlDesign2/Project2/Emily/LvlDesign02_TeamLuminous_Project02/Content/LevelPrototyping/Interactable/JumpPad/Assets/Materials/M_SimpleGlow.uexp" 1387
"C:/Users/symbi/Documents/School Stuff/LvlDesign2/Project2/Emily/LvlDesign02_TeamLuminous_Project02/Content/LevelPrototyping/Interactable/JumpPad/Assets/Meshes/SM_CircularBand.ubulk" 1388
"C:/Users/symbi/Documents/School Stuff/LvlDesign2/Project2/Emily/LvlDesign02_TeamLuminous_Project02/Content/LevelPrototyping/Interactable/JumpPad/Assets/Meshes/SM_CircularBand.uasset" 1389
"C:/Users/symbi/Documents/School Stuff/LvlDesign2/Project2/Emily/LvlDesign02_TeamLuminous_Project02/Content/LevelPrototyping/Interactable/JumpPad/Assets/Meshes/SM_CircularBand.uexp" 1390
"C:/Users/symbi/Documents/School Stuff/LvlDesign2/Project2/Emily/LvlDesign02_TeamLuminous_Project02/Content/LevelPrototyping/Interactable/JumpPad/Assets/NS_JumpPad.uasset" 1391
"C:/Users/symbi/Documents/School Stuff/LvlDesign2/Project2/Emily/LvlDesign02_TeamLuminous_Project02/Content/LevelPrototyping/Interactable/JumpPad/Assets/NS_JumpPad.uexp" 1392
"C:/Users/symbi/Documents/School Stuff/LvlDesign2/Project2/Emily/LvlDesign02_TeamLuminous_Project02/Content/LevelPrototyping/Interactable/JumpPad/Assets/Materials/MI_GlowNT.uasset" 1393
"C:/Users/symbi/Documents/School Stuff/LvlDesign2/Project2/Emily/LvlDesign02_TeamLuminous_Project02/Content/LevelPrototyping/Interactable/JumpPad/Assets/Materials/MI_GlowNT.uexp" 1394
"C:/Users/symbi/Documents/School Stuff/LvlDesign2/Project2/Emily/LvlDesign02_TeamLuminous_Project02/Content/Variant_Shooter/Sounds/swoosh-011-352855.ubulk" 1395
"C:/Users/symbi/Documents/School Stuff/LvlDesign2/Project2/Emily/LvlDesign02_TeamLuminous_Project02/Content/Variant_Shooter/Sounds/swoosh-011-352855.uasset" 1396
"C:/Users/symbi/Documents/School Stuff/LvlDesign2/Project2/Emily/LvlDesign02_TeamLuminous_Project02/Content/Variant_Shooter/Sounds/swoosh-011-352855.uexp" 1397
"C:/Users/symbi/Documents/School Stuff/LvlDesign2/Project2/Emily/LvlDesign02_TeamLuminous_Project02/Content/LevelPrototyping/Interactable/JumpPad/BP_JumpPad.uasset" 1398
"C:/Users/symbi/Documents/School Stuff/LvlDesign2/Project2/Emily/LvlDesign02_TeamLuminous_Project02/Content/LevelPrototyping/Interactable/JumpPad/BP_JumpPad.uexp" 1399
"C:/Users/symbi/Documents/School Stuff/LvlDesign2/Project2/Emily/LvlDesign02_TeamLuminous_Project02/Content/Characters/Mannequins/Materials/Manny/MI_Manny_02_Red.uasset" 1400
"C:/Users/symbi/Documents/School Stuff/LvlDesign2/Project2/Emily/LvlDesign02_TeamLuminous_Project02/Content/Characters/Mannequins/Materials/Manny/MI_Manny_02_Red.uexp" 1401
"C:/Users/symbi/Documents/School Stuff/LvlDesign2/Project2/Emily/LvlDesign02_TeamLuminous_Project02/Content/Characters/Mannequins/Materials/Manny/MI_Manny_01_Red.uasset" 1402
"C:/Users/symbi/Documents/School Stuff/LvlDesign2/Project2/Emily/LvlDesign02_TeamLuminous_Project02/Content/Characters/Mannequins/Materials/Manny/MI_Manny_01_Red.uexp" 1403
"C:/Users/symbi/Documents/School Stuff/LvlDesign2/Project2/Emily/LvlDesign02_TeamLuminous_Project02/Content/Variant_Shooter/Blueprints/BP_ShooterCharacter_Red_Child.uasset" 1404
"C:/Users/symbi/Documents/School Stuff/LvlDesign2/Project2/Emily/LvlDesign02_TeamLuminous_Project02/Content/Variant_Shooter/Blueprints/BP_ShooterCharacter_Red_Child.uexp" 1405
"C:/Users/symbi/Documents/School Stuff/LvlDesign2/Project2/Emily/LvlDesign02_TeamLuminous_Project02/Content/Characters/Mannequins/Materials/Manny/MI_Manny_02_Blue.uasset" 1406
"C:/Users/symbi/Documents/School Stuff/LvlDesign2/Project2/Emily/LvlDesign02_TeamLuminous_Project02/Content/Characters/Mannequins/Materials/Manny/MI_Manny_02_Blue.uexp" 1407
"C:/Users/symbi/Documents/School Stuff/LvlDesign2/Project2/Emily/LvlDesign02_TeamLuminous_Project02/Content/Characters/Mannequins/Materials/Manny/MI_Manny_01_Blue.uasset" 1408
"C:/Users/symbi/Documents/School Stuff/LvlDesign2/Project2/Emily/LvlDesign02_TeamLuminous_Project02/Content/Characters/Mannequins/Materials/Manny/MI_Manny_01_Blue.uexp" 1409
"C:/Users/symbi/Documents/School Stuff/LvlDesign2/Project2/Emily/LvlDesign02_TeamLuminous_Project02/Content/Variant_Shooter/Blueprints/BP_ShooterCharacter_Blue_Child.uasset" 1410
"C:/Users/symbi/Documents/School Stuff/LvlDesign2/Project2/Emily/LvlDesign02_TeamLuminous_Project02/Content/Variant_Shooter/Blueprints/BP_ShooterCharacter_Blue_Child.uexp" 1411
"C:/Users/symbi/Documents/School Stuff/LvlDesign2/Project2/Emily/LvlDesign02_TeamLuminous_Project02/Content/Variant_Shooter/UI/M_BulletCounter.uasset" 1412
"C:/Users/symbi/Documents/School Stuff/LvlDesign2/Project2/Emily/LvlDesign02_TeamLuminous_Project02/Content/Variant_Shooter/UI/M_BulletCounter.uexp" 1413
"C:/Users/symbi/Documents/School Stuff/LvlDesign2/Project2/Emily/LvlDesign02_TeamLuminous_Project02/Content/Variant_Shooter/UI/UI_ShooterBulletCounter.uasset" 1414
"C:/Users/symbi/Documents/School Stuff/LvlDesign2/Project2/Emily/LvlDesign02_TeamLuminous_Project02/Content/Variant_Shooter/UI/UI_ShooterBulletCounter.uexp" 1415
"C:/Users/symbi/Documents/School Stuff/LvlDesign2/Project2/Emily/LvlDesign02_TeamLuminous_Project02/Content/Variant_Shooter/UI/UI_Shooter.uasset" 1416
"C:/Users/symbi/Documents/School Stuff/LvlDesign2/Project2/Emily/LvlDesign02_TeamLuminous_Project02/Content/Variant_Shooter/UI/UI_Shooter.uexp" 1417
"C:/Users/symbi/Documents/School Stuff/LvlDesign2/Project2/Emily/LvlDesign02_TeamLuminous_Project02/Content/Variant_Shooter/UI/HUD_Shooter.uasset" 1418
"C:/Users/symbi/Documents/School Stuff/LvlDesign2/Project2/Emily/LvlDesign02_TeamLuminous_Project02/Content/Variant_Shooter/UI/HUD_Shooter.uexp" 1419
"C:/Users/symbi/Documents/School Stuff/LvlDesign2/Project2/Emily/LvlDesign02_TeamLuminous_Project02/Content/Variant_Shooter/Input/IMC_Weapons.uasset" 1420
"C:/Users/symbi/Documents/School Stuff/LvlDesign2/Project2/Emily/LvlDesign02_TeamLuminous_Project02/Content/Variant_Shooter/Input/IMC_Weapons.uexp" 1421
"C:/Users/symbi/Documents/School Stuff/LvlDesign2/Project2/Emily/LvlDesign02_TeamLuminous_Project02/Content/Variant_Shooter/Blueprints/SpawnLocators/RespawnLocation.uasset" 1422
"C:/Users/symbi/Documents/School Stuff/LvlDesign2/Project2/Emily/LvlDesign02_TeamLuminous_Project02/Content/Variant_Shooter/Blueprints/SpawnLocators/RespawnLocation.uexp" 1423
"C:/Users/symbi/Documents/School Stuff/LvlDesign2/Project2/Emily/LvlDesign02_TeamLuminous_Project02/Content/Variant_Shooter/Blueprints/SpawnLocators/BlueRespawnLocation_Child.uasset" 1424
"C:/Users/symbi/Documents/School Stuff/LvlDesign2/Project2/Emily/LvlDesign02_TeamLuminous_Project02/Content/Variant_Shooter/Blueprints/SpawnLocators/BlueRespawnLocation_Child.uexp" 1425
"C:/Users/symbi/Documents/School Stuff/LvlDesign2/Project2/Emily/LvlDesign02_TeamLuminous_Project02/Content/Variant_Shooter/Blueprints/SpawnLocators/RedRespawnLocation_Child.uasset" 1426
"C:/Users/symbi/Documents/School Stuff/LvlDesign2/Project2/Emily/LvlDesign02_TeamLuminous_Project02/Content/Variant_Shooter/Blueprints/SpawnLocators/RedRespawnLocation_Child.uexp" 1427
"C:/Users/symbi/Documents/School Stuff/LvlDesign2/Project2/Emily/LvlDesign02_TeamLuminous_Project02/Content/Input/IMC_MouseLook.uasset" 1428
"C:/Users/symbi/Documents/School Stuff/LvlDesign2/Project2/Emily/LvlDesign02_TeamLuminous_Project02/Content/Input/IMC_MouseLook.uexp" 1429
"C:/Users/symbi/Documents/School Stuff/LvlDesign2/Project2/Emily/LvlDesign02_TeamLuminous_Project02/Content/Input/IMC_Default.uasset" 1430
"C:/Users/symbi/Documents/School Stuff/LvlDesign2/Project2/Emily/LvlDesign02_TeamLuminous_Project02/Content/Input/IMC_Default.uexp" 1431
"C:/Users/symbi/Documents/School Stuff/LvlDesign2/Project2/Emily/LvlDesign02_TeamLuminous_Project02/Content/FirstPerson/Blueprints/BP_FirstPersonCameraManager.uasset" 1432
"C:/Users/symbi/Documents/School Stuff/LvlDesign2/Project2/Emily/LvlDesign02_TeamLuminous_Project02/Content/FirstPerson/Blueprints/BP_FirstPersonCameraManager.uexp" 1433
"C:/Users/symbi/Documents/School Stuff/LvlDesign2/Project2/Emily/LvlDesign02_TeamLuminous_Project02/Content/FirstPerson/Blueprints/BP_FirstPersonPlayerController.uasset" 1434
"C:/Users/symbi/Documents/School Stuff/LvlDesign2/Project2/Emily/LvlDesign02_TeamLuminous_Project02/Content/FirstPerson/Blueprints/BP_FirstPersonPlayerController.uexp" 1435
"C:/Users/symbi/Documents/School Stuff/LvlDesign2/Project2/Emily/LvlDesign02_TeamLuminous_Project02/Content/Variant_Shooter/Blueprints/BP_ShooterPlayerController.uasset" 1436
"C:/Users/symbi/Documents/School Stuff/LvlDesign2/Project2/Emily/LvlDesign02_TeamLuminous_Project02/Content/Variant_Shooter/Blueprints/BP_ShooterPlayerController.uexp" 1437
"C:/Users/symbi/Documents/School Stuff/LvlDesign2/Project2/Emily/LvlDesign02_TeamLuminous_Project02/Content/Variant_Shooter/Blueprints/BP_ShooterGameModeMP.uasset" 1438
"C:/Users/symbi/Documents/School Stuff/LvlDesign2/Project2/Emily/LvlDesign02_TeamLuminous_Project02/Content/Variant_Shooter/Blueprints/BP_ShooterGameModeMP.uexp" 1439
"C:/Users/symbi/Documents/School Stuff/LvlDesign2/Project2/Emily/LvlDesign02_TeamLuminous_Project02/Content/LevelPrototyping/Materials/MI_PrototypeGrid_TopOrange.uasset" 1440
"C:/Users/symbi/Documents/School Stuff/LvlDesign2/Project2/Emily/LvlDesign02_TeamLuminous_Project02/Content/LevelPrototyping/Materials/MI_PrototypeGrid_TopOrange.uexp" 1441
"C:/Users/symbi/Documents/School Stuff/LvlDesign2/Project2/Emily/LvlDesign02_TeamLuminous_Project02/Content/LevelPrototyping/Materials/MI_PrototypeGrid_TopRed.uasset" 1442
"C:/Users/symbi/Documents/School Stuff/LvlDesign2/Project2/Emily/LvlDesign02_TeamLuminous_Project02/Content/LevelPrototyping/Materials/MI_PrototypeGrid_TopRed.uexp" 1443
"C:/Users/symbi/Documents/School Stuff/LvlDesign2/Project2/Emily/LvlDesign02_TeamLuminous_Project02/Content/LevelPrototyping/Materials/MI_PrototypeGrid_TopBlue.uasset" 1444
"C:/Users/symbi/Documents/School Stuff/LvlDesign2/Project2/Emily/LvlDesign02_TeamLuminous_Project02/Content/LevelPrototyping/Materials/MI_PrototypeGrid_TopBlue.uexp" 1445
"C:/Users/symbi/Documents/School Stuff/LvlDesign2/Project2/Emily/LvlDesign02_TeamLuminous_Project02/Content/LevelPrototyping/Materials/MI_PrototypeGrid_Red.uasset" 1446
"C:/Users/symbi/Documents/School Stuff/LvlDesign2/Project2/Emily/LvlDesign02_TeamLuminous_Project02/Content/LevelPrototyping/Materials/MI_PrototypeGrid_Red.uexp" 1447
"C:/Users/symbi/Documents/School Stuff/LvlDesign2/Project2/Emily/LvlDesign02_TeamLuminous_Project02/Content/LevelPrototyping/Materials/MI_PrototypeGrid_Blue.uasset" 1448
"C:/Users/symbi/Documents/School Stuff/LvlDesign2/Project2/Emily/LvlDesign02_TeamLuminous_Project02/Content/LevelPrototyping/Materials/MI_PrototypeGrid_Blue.uexp" 1449
"C:/Users/symbi/Documents/School Stuff/LvlDesign2/Project2/Emily/LvlDesign02_TeamLuminous_Project02/Content/FirstPerson/MI_FirstPersonColorwayBlue.uasset" 1450
"C:/Users/symbi/Documents/School Stuff/LvlDesign2/Project2/Emily/LvlDesign02_TeamLuminous_Project02/Content/FirstPerson/MI_FirstPersonColorwayBlue.uexp" 1451
"C:/Users/symbi/Documents/School Stuff/LvlDesign2/Project2/Emily/LvlDesign02_TeamLuminous_Project02/Content/LevelPrototyping/Meshes/SM_Ramp.ubulk" 1452
"C:/Users/symbi/Documents/School Stuff/LvlDesign2/Project2/Emily/LvlDesign02_TeamLuminous_Project02/Content/LevelPrototyping/Meshes/SM_Ramp.uasset" 1453
"C:/Users/symbi/Documents/School Stuff/LvlDesign2/Project2/Emily/LvlDesign02_TeamLuminous_Project02/Content/LevelPrototyping/Meshes/SM_Ramp.uexp" 1454
"C:/Users/symbi/Documents/School Stuff/LvlDesign2/Project2/Emily/LvlDesign02_TeamLuminous_Project02/Content/Variant_Shooter/Sounds/Launch_Sound.ubulk" 1455
"C:/Users/symbi/Documents/School Stuff/LvlDesign2/Project2/Emily/LvlDesign02_TeamLuminous_Project02/Content/Variant_Shooter/Sounds/Launch_Sound.uasset" 1456
"C:/Users/symbi/Documents/School Stuff/LvlDesign2/Project2/Emily/LvlDesign02_TeamLuminous_Project02/Content/Variant_Shooter/Sounds/Launch_Sound.uexp" 1457
"C:/Users/symbi/Documents/School Stuff/LvlDesign2/Project2/Emily/LvlDesign02_TeamLuminous_Project02/Content/Variant_Shooter/Blueprints/Pickups/Projectiles/FX/NSTrail_C.uasset" 1458
"C:/Users/symbi/Documents/School Stuff/LvlDesign2/Project2/Emily/LvlDesign02_TeamLuminous_Project02/Content/Variant_Shooter/Blueprints/Pickups/Projectiles/FX/NSTrail_C.uexp" 1459
"C:/Users/symbi/Documents/School Stuff/LvlDesign2/Project2/Emily/LvlDesign02_TeamLuminous_Project02/Content/Variant_Shooter/Blueprints/Interactables/BP_ManCannon.uasset" 1460
"C:/Users/symbi/Documents/School Stuff/LvlDesign2/Project2/Emily/LvlDesign02_TeamLuminous_Project02/Content/Variant_Shooter/Blueprints/Interactables/BP_ManCannon.uexp" 1461
"C:/Users/symbi/Documents/School Stuff/LvlDesign2/Project2/Emily/LvlDesign02_TeamLuminous_Project02/Content/FirstPerson/MI_FirstPersonColorwayRed.uasset" 1462
"C:/Users/symbi/Documents/School Stuff/LvlDesign2/Project2/Emily/LvlDesign02_TeamLuminous_Project02/Content/FirstPerson/MI_FirstPersonColorwayRed.uexp" 1463
"C:/Users/symbi/Documents/School Stuff/LvlDesign2/Project2/Emily/LvlDesign02_TeamLuminous_Project02/Content/LevelPrototyping/LevelPrototypes/TeamFolder(RenameWhatYouWant)/_GENERATED/symbi/Box_7C348D1C.ubulk" 1464
"C:/Users/symbi/Documents/School Stuff/LvlDesign2/Project2/Emily/LvlDesign02_TeamLuminous_Project02/Content/LevelPrototyping/LevelPrototypes/TeamFolder(RenameWhatYouWant)/_GENERATED/symbi/Box_7C348D1C.uasset" 1465
"C:/Users/symbi/Documents/School Stuff/LvlDesign2/Project2/Emily/LvlDesign02_TeamLuminous_Project02/Content/LevelPrototyping/LevelPrototypes/TeamFolder(RenameWhatYouWant)/_GENERATED/symbi/Box_7C348D1C.uexp" 1466
"C:/Users/symbi/Documents/School Stuff/LvlDesign2/Project2/Emily/LvlDesign02_TeamLuminous_Project02/Content/LevelPrototyping/LevelPrototypes/TeamFolder(RenameWhatYouWant)/_GENERATED/symbi/Cylinder_F3AE36C0.ubulk" 1467
"C:/Users/symbi/Documents/School Stuff/LvlDesign2/Project2/Emily/LvlDesign02_TeamLuminous_Project02/Content/LevelPrototyping/LevelPrototypes/TeamFolder(RenameWhatYouWant)/_GENERATED/symbi/Cylinder_F3AE36C0.uasset" 1468
"C:/Users/symbi/Documents/School Stuff/LvlDesign2/Project2/Emily/LvlDesign02_TeamLuminous_Project02/Content/LevelPrototyping/LevelPrototypes/TeamFolder(RenameWhatYouWant)/_GENERATED/symbi/Cylinder_F3AE36C0.uexp" 1469
"C:/Users/symbi/Documents/School Stuff/LvlDesign2/Project2/Emily/LvlDesign02_TeamLuminous_Project02/Content/LevelPrototyping/LevelPrototypes/TeamFolderRenameWhatYouWant/TeamSandbox_PracticeRange.uexp" 1470
"C:/Users/symbi/Documents/School Stuff/LvlDesign2/Project2/Emily/LvlDesign02_TeamLuminous_Project02/Content/LevelPrototyping/LevelPrototypes/TeamFolderRenameWhatYouWant/TeamSandbox_PracticeRange.umap" 1471
"C:/Users/symbi/Documents/School Stuff/LvlDesign2/Project2/Emily/LvlDesign02_TeamLuminous_Project02/Content/Weapons/GrenadeLauncher/Materials/M_Invis.uasset" 1472
"C:/Users/symbi/Documents/School Stuff/LvlDesign2/Project2/Emily/LvlDesign02_TeamLuminous_Project02/Content/Weapons/GrenadeLauncher/Materials/M_Invis.uexp" 1473
"C:/Users/symbi/Documents/School Stuff/LvlDesign2/Project2/Emily/LvlDesign02_TeamLuminous_Project02/Content/LevelPrototyping/Materials/MI_PrototypeGrid_Gray_02.uasset" 1474
"C:/Users/symbi/Documents/School Stuff/LvlDesign2/Project2/Emily/LvlDesign02_TeamLuminous_Project02/Content/LevelPrototyping/Materials/MI_PrototypeGrid_Gray_02.uexp" 1475
"C:/Users/symbi/Documents/School Stuff/LvlDesign2/Project2/Emily/LvlDesign02_TeamLuminous_Project02/Content/LevelPrototyping/Meshes/StadiumTest2.ubulk" 1476
"C:/Users/symbi/Documents/School Stuff/LvlDesign2/Project2/Emily/LvlDesign02_TeamLuminous_Project02/Content/LevelPrototyping/Meshes/StadiumTest2.uasset" 1477
"C:/Users/symbi/Documents/School Stuff/LvlDesign2/Project2/Emily/LvlDesign02_TeamLuminous_Project02/Content/LevelPrototyping/Meshes/StadiumTest2.uexp" 1478
"C:/Users/symbi/Documents/School Stuff/LvlDesign2/Project2/Emily/LvlDesign02_TeamLuminous_Project02/Content/Variant_Shooter/Blueprints/Pickups/Projectiles/FX/NSTrail_E.uasset" 1479
"C:/Users/symbi/Documents/School Stuff/LvlDesign2/Project2/Emily/LvlDesign02_TeamLuminous_Project02/Content/Variant_Shooter/Blueprints/Pickups/Projectiles/FX/NSTrail_E.uexp" 1480
"C:/Users/symbi/Documents/School Stuff/LvlDesign2/Project2/Emily/LvlDesign02_TeamLuminous_Project02/Content/LevelPrototyping/Interactable/Target/Assets/SM_TargetBaseMesh.ubulk" 1481
"C:/Users/symbi/Documents/School Stuff/LvlDesign2/Project2/Emily/LvlDesign02_TeamLuminous_Project02/Content/LevelPrototyping/Interactable/Target/Assets/SM_TargetBaseMesh.uasset" 1482
"C:/Users/symbi/Documents/School Stuff/LvlDesign2/Project2/Emily/LvlDesign02_TeamLuminous_Project02/Content/LevelPrototyping/Interactable/Target/Assets/SM_TargetBaseMesh.uexp" 1483
"C:/Users/symbi/Documents/School Stuff/LvlDesign2/Project2/Emily/LvlDesign02_TeamLuminous_Project02/Content/Characters/Mannequins/Materials/Manny/MI_PowerUpGlow.uasset" 1484
"C:/Users/symbi/Documents/School Stuff/LvlDesign2/Project2/Emily/LvlDesign02_TeamLuminous_Project02/Content/Characters/Mannequins/Materials/Manny/MI_PowerUpGlow.uexp" 1485
"C:/Users/symbi/Documents/School Stuff/LvlDesign2/Project2/Emily/LvlDesign02_TeamLuminous_Project02/Content/Variant_Shooter/Sounds/Luminous_Custom/PowerUp2_Sound.ubulk" 1486
"C:/Users/symbi/Documents/School Stuff/LvlDesign2/Project2/Emily/LvlDesign02_TeamLuminous_Project02/Content/Variant_Shooter/Sounds/Luminous_Custom/PowerUp2_Sound.uasset" 1487
"C:/Users/symbi/Documents/School Stuff/LvlDesign2/Project2/Emily/LvlDesign02_TeamLuminous_Project02/Content/Variant_Shooter/Sounds/Luminous_Custom/PowerUp2_Sound.uexp" 1488
"C:/Users/symbi/Documents/School Stuff/LvlDesign2/Project2/Emily/LvlDesign02_TeamLuminous_Project02/Content/Variant_Shooter/Blueprints/Pickups/PowerUps/BP_Powerup.uasset" 1489
"C:/Users/symbi/Documents/School Stuff/LvlDesign2/Project2/Emily/LvlDesign02_TeamLuminous_Project02/Content/Variant_Shooter/Blueprints/Pickups/PowerUps/BP_Powerup.uexp" 1490
"C:/Users/symbi/Documents/School Stuff/LvlDesign2/Project2/Emily/LvlDesign02_TeamLuminous_Project02/Content/LevelPrototyping/Meshes/oddpillar.ubulk" 1491
"C:/Users/symbi/Documents/School Stuff/LvlDesign2/Project2/Emily/LvlDesign02_TeamLuminous_Project02/Content/LevelPrototyping/Meshes/oddpillar.uasset" 1492
"C:/Users/symbi/Documents/School Stuff/LvlDesign2/Project2/Emily/LvlDesign02_TeamLuminous_Project02/Content/LevelPrototyping/Meshes/oddpillar.uexp" 1493
"C:/Users/symbi/Documents/School Stuff/LvlDesign2/Project2/Emily/LvlDesign02_TeamLuminous_Project02/Content/LevelPrototyping/ActorBlueprints/BP_WeirdPillar.uasset" 1494
"C:/Users/symbi/Documents/School Stuff/LvlDesign2/Project2/Emily/LvlDesign02_TeamLuminous_Project02/Content/LevelPrototyping/ActorBlueprints/BP_WeirdPillar.uexp" 1495
"../../../Engine/Content/EngineMaterials/PhysMat_Rubber.uasset" 1496
"../../../Engine/Content/EngineMaterials/PhysMat_Rubber.uexp" 1497
"C:/Users/symbi/Documents/School Stuff/LvlDesign2/Project2/Emily/LvlDesign02_TeamLuminous_Project02/Content/LevelPrototyping/Meshes/Entrance.ubulk" 1498
"C:/Users/symbi/Documents/School Stuff/LvlDesign2/Project2/Emily/LvlDesign02_TeamLuminous_Project02/Content/LevelPrototyping/Meshes/Entrance.uasset" 1499
"C:/Users/symbi/Documents/School Stuff/LvlDesign2/Project2/Emily/LvlDesign02_TeamLuminous_Project02/Content/LevelPrototyping/Meshes/Entrance.uexp" 1500
"C:/Users/symbi/Documents/School Stuff/LvlDesign2/Project2/Emily/LvlDesign02_TeamLuminous_Project02/Content/LevelPrototyping/ActorBlueprints/BP_Entrance.uasset" 1501
"C:/Users/symbi/Documents/School Stuff/LvlDesign2/Project2/Emily/LvlDesign02_TeamLuminous_Project02/Content/LevelPrototyping/ActorBlueprints/BP_Entrance.uexp" 1502
"C:/Users/symbi/Documents/School Stuff/LvlDesign2/Project2/Emily/LvlDesign02_TeamLuminous_Project02/Content/LevelPrototyping/ActorBlueprints/BP_Barrier.uasset" 1503
"C:/Users/symbi/Documents/School Stuff/LvlDesign2/Project2/Emily/LvlDesign02_TeamLuminous_Project02/Content/LevelPrototyping/ActorBlueprints/BP_Barrier.uexp" 1504
"C:/Users/symbi/Documents/School Stuff/LvlDesign2/Project2/Emily/LvlDesign02_TeamLuminous_Project02/Content/LevelPrototyping/LevelPrototypes/TeamFolder(RenameWhatYouWant)/_GENERATED/symbi/Combined_FA2326AB.ubulk" 1505
"C:/Users/symbi/Documents/School Stuff/LvlDesign2/Project2/Emily/LvlDesign02_TeamLuminous_Project02/Content/LevelPrototyping/LevelPrototypes/TeamFolder(RenameWhatYouWant)/_GENERATED/symbi/Combined_FA2326AB.uasset" 1506
"C:/Users/symbi/Documents/School Stuff/LvlDesign2/Project2/Emily/LvlDesign02_TeamLuminous_Project02/Content/LevelPrototyping/LevelPrototypes/TeamFolder(RenameWhatYouWant)/_GENERATED/symbi/Combined_FA2326AB.uexp" 1507
"C:/Users/symbi/Documents/School Stuff/LvlDesign2/Project2/Emily/LvlDesign02_TeamLuminous_Project02/Content/LevelPrototyping/LevelPrototypes/TeamFolder(RenameWhatYouWant)/_GENERATED/jordanandrews/Stairs_187CD95E.ubulk" 1508
"C:/Users/symbi/Documents/School Stuff/LvlDesign2/Project2/Emily/LvlDesign02_TeamLuminous_Project02/Content/LevelPrototyping/LevelPrototypes/TeamFolder(RenameWhatYouWant)/_GENERATED/jordanandrews/Stairs_187CD95E.uasset" 1509
"C:/Users/symbi/Documents/School Stuff/LvlDesign2/Project2/Emily/LvlDesign02_TeamLuminous_Project02/Content/LevelPrototyping/LevelPrototypes/TeamFolder(RenameWhatYouWant)/_GENERATED/jordanandrews/Stairs_187CD95E.uexp" 1510
"C:/Users/symbi/Documents/School Stuff/LvlDesign2/Project2/Emily/LvlDesign02_TeamLuminous_Project02/Content/LevelPrototyping/LevelPrototypes/TeamFolder(RenameWhatYouWant)/_GENERATED/symbi/Boolean_C5899EDE.ubulk" 1511
"C:/Users/symbi/Documents/School Stuff/LvlDesign2/Project2/Emily/LvlDesign02_TeamLuminous_Project02/Content/LevelPrototyping/LevelPrototypes/TeamFolder(RenameWhatYouWant)/_GENERATED/symbi/Boolean_C5899EDE.uasset" 1512
"C:/Users/symbi/Documents/School Stuff/LvlDesign2/Project2/Emily/LvlDesign02_TeamLuminous_Project02/Content/LevelPrototyping/LevelPrototypes/TeamFolder(RenameWhatYouWant)/_GENERATED/symbi/Boolean_C5899EDE.uexp" 1513
"C:/Users/symbi/Documents/School Stuff/LvlDesign2/Project2/Emily/LvlDesign02_TeamLuminous_Project02/Content/LevelPrototyping/LevelPrototypes/TeamFolder(RenameWhatYouWant)/Sandbox/_GENERATED/symbi/Stairs_123C2A02.ubulk" 1514
"C:/Users/symbi/Documents/School Stuff/LvlDesign2/Project2/Emily/LvlDesign02_TeamLuminous_Project02/Content/LevelPrototyping/LevelPrototypes/TeamFolder(RenameWhatYouWant)/Sandbox/_GENERATED/symbi/Stairs_123C2A02.uasset" 1515
"C:/Users/symbi/Documents/School Stuff/LvlDesign2/Project2/Emily/LvlDesign02_TeamLuminous_Project02/Content/LevelPrototyping/LevelPrototypes/TeamFolder(RenameWhatYouWant)/Sandbox/_GENERATED/symbi/Stairs_123C2A02.uexp" 1516
"C:/Users/symbi/Documents/School Stuff/LvlDesign2/Project2/Emily/LvlDesign02_TeamLuminous_Project02/Content/LevelPrototyping/LevelPrototypes/TeamFolder(RenameWhatYouWant)/_GENERATED/symbi/Boolean_829684F8.ubulk" 1517
"C:/Users/symbi/Documents/School Stuff/LvlDesign2/Project2/Emily/LvlDesign02_TeamLuminous_Project02/Content/LevelPrototyping/LevelPrototypes/TeamFolder(RenameWhatYouWant)/_GENERATED/symbi/Boolean_829684F8.uasset" 1518
"C:/Users/symbi/Documents/School Stuff/LvlDesign2/Project2/Emily/LvlDesign02_TeamLuminous_Project02/Content/LevelPrototyping/LevelPrototypes/TeamFolder(RenameWhatYouWant)/_GENERATED/symbi/Boolean_829684F8.uexp" 1519
"C:/Users/symbi/Documents/School Stuff/LvlDesign2/Project2/Emily/LvlDesign02_TeamLuminous_Project02/Content/LevelPrototyping/LevelPrototypes/TeamFolder(RenameWhatYouWant)/_GENERATED/symbi/Boolean_56CBDC58.ubulk" 1520
"C:/Users/symbi/Documents/School Stuff/LvlDesign2/Project2/Emily/LvlDesign02_TeamLuminous_Project02/Content/LevelPrototyping/LevelPrototypes/TeamFolder(RenameWhatYouWant)/_GENERATED/symbi/Boolean_56CBDC58.uasset" 1521
"C:/Users/symbi/Documents/School Stuff/LvlDesign2/Project2/Emily/LvlDesign02_TeamLuminous_Project02/Content/LevelPrototyping/LevelPrototypes/TeamFolder(RenameWhatYouWant)/_GENERATED/symbi/Boolean_56CBDC58.uexp" 1522
"C:/Users/symbi/Documents/School Stuff/LvlDesign2/Project2/Emily/LvlDesign02_TeamLuminous_Project02/Content/LevelPrototyping/LevelPrototypes/TeamFolder(RenameWhatYouWant)/_GENERATED/jordanandrews/Merge_21F702DB.ubulk" 1523
"C:/Users/symbi/Documents/School Stuff/LvlDesign2/Project2/Emily/LvlDesign02_TeamLuminous_Project02/Content/LevelPrototyping/LevelPrototypes/TeamFolder(RenameWhatYouWant)/_GENERATED/jordanandrews/Merge_21F702DB.uasset" 1524
"C:/Users/symbi/Documents/School Stuff/LvlDesign2/Project2/Emily/LvlDesign02_TeamLuminous_Project02/Content/LevelPrototyping/LevelPrototypes/TeamFolder(RenameWhatYouWant)/_GENERATED/jordanandrews/Merge_21F702DB.uexp" 1525
"C:/Users/symbi/Documents/School Stuff/LvlDesign2/Project2/Emily/LvlDesign02_TeamLuminous_Project02/Content/LevelPrototyping/LevelPrototypes/TeamFolder(RenameWhatYouWant)/_GENERATED/jordanandrews/Cylinder_FAA260E4.ubulk" 1526
"C:/Users/symbi/Documents/School Stuff/LvlDesign2/Project2/Emily/LvlDesign02_TeamLuminous_Project02/Content/LevelPrototyping/LevelPrototypes/TeamFolder(RenameWhatYouWant)/_GENERATED/jordanandrews/Cylinder_FAA260E4.uasset" 1527
"C:/Users/symbi/Documents/School Stuff/LvlDesign2/Project2/Emily/LvlDesign02_TeamLuminous_Project02/Content/LevelPrototyping/LevelPrototypes/TeamFolder(RenameWhatYouWant)/_GENERATED/jordanandrews/Cylinder_FAA260E4.uexp" 1528
"C:/Users/symbi/Documents/School Stuff/LvlDesign2/Project2/Emily/LvlDesign02_TeamLuminous_Project02/Content/LevelPrototyping/LevelPrototypes/TeamFolder(RenameWhatYouWant)/_GENERATED/jordanandrews/Cylinder_E7AC02A3.ubulk" 1529
"C:/Users/symbi/Documents/School Stuff/LvlDesign2/Project2/Emily/LvlDesign02_TeamLuminous_Project02/Content/LevelPrototyping/LevelPrototypes/TeamFolder(RenameWhatYouWant)/_GENERATED/jordanandrews/Cylinder_E7AC02A3.uasset" 1530
"C:/Users/symbi/Documents/School Stuff/LvlDesign2/Project2/Emily/LvlDesign02_TeamLuminous_Project02/Content/LevelPrototyping/LevelPrototypes/TeamFolder(RenameWhatYouWant)/_GENERATED/jordanandrews/Cylinder_E7AC02A3.uexp" 1531
"C:/Users/symbi/Documents/School Stuff/LvlDesign2/Project2/Emily/LvlDesign02_TeamLuminous_Project02/Content/LevelPrototyping/LevelPrototypes/TeamFolder(RenameWhatYouWant)/_GENERATED/jordanandrews/Cylinder_A8960548.ubulk" 1532
"C:/Users/symbi/Documents/School Stuff/LvlDesign2/Project2/Emily/LvlDesign02_TeamLuminous_Project02/Content/LevelPrototyping/LevelPrototypes/TeamFolder(RenameWhatYouWant)/_GENERATED/jordanandrews/Cylinder_A8960548.uasset" 1533
"C:/Users/symbi/Documents/School Stuff/LvlDesign2/Project2/Emily/LvlDesign02_TeamLuminous_Project02/Content/LevelPrototyping/LevelPrototypes/TeamFolder(RenameWhatYouWant)/_GENERATED/jordanandrews/Cylinder_A8960548.uexp" 1534
"C:/Users/symbi/Documents/School Stuff/LvlDesign2/Project2/Emily/LvlDesign02_TeamLuminous_Project02/Content/LevelPrototyping/LevelPrototypes/TeamFolder(RenameWhatYouWant)/_GENERATED/jordanandrews/Cylinder_6EF13094.ubulk" 1535
"C:/Users/symbi/Documents/School Stuff/LvlDesign2/Project2/Emily/LvlDesign02_TeamLuminous_Project02/Content/LevelPrototyping/LevelPrototypes/TeamFolder(RenameWhatYouWant)/_GENERATED/jordanandrews/Cylinder_6EF13094.uasset" 1536
"C:/Users/symbi/Documents/School Stuff/LvlDesign2/Project2/Emily/LvlDesign02_TeamLuminous_Project02/Content/LevelPrototyping/LevelPrototypes/TeamFolder(RenameWhatYouWant)/_GENERATED/jordanandrews/Cylinder_6EF13094.uexp" 1537
"C:/Users/symbi/Documents/School Stuff/LvlDesign2/Project2/Emily/LvlDesign02_TeamLuminous_Project02/Content/LevelPrototyping/LevelPrototypes/TeamFolder(RenameWhatYouWant)/_GENERATED/jordanandrews/Box_F7B532DA.ubulk" 1538
"C:/Users/symbi/Documents/School Stuff/LvlDesign2/Project2/Emily/LvlDesign02_TeamLuminous_Project02/Content/LevelPrototyping/LevelPrototypes/TeamFolder(RenameWhatYouWant)/_GENERATED/jordanandrews/Box_F7B532DA.uasset" 1539
"C:/Users/symbi/Documents/School Stuff/LvlDesign2/Project2/Emily/LvlDesign02_TeamLuminous_Project02/Content/LevelPrototyping/LevelPrototypes/TeamFolder(RenameWhatYouWant)/_GENERATED/jordanandrews/Box_F7B532DA.uexp" 1540
"C:/Users/symbi/Documents/School Stuff/LvlDesign2/Project2/Emily/LvlDesign02_TeamLuminous_Project02/Content/LevelPrototyping/LevelPrototypes/TeamFolder(RenameWhatYouWant)/_GENERATED/jordanandrews/Box_F2E6B43F.ubulk" 1541
"C:/Users/symbi/Documents/School Stuff/LvlDesign2/Project2/Emily/LvlDesign02_TeamLuminous_Project02/Content/LevelPrototyping/LevelPrototypes/TeamFolder(RenameWhatYouWant)/_GENERATED/jordanandrews/Box_F2E6B43F.uasset" 1542
"C:/Users/symbi/Documents/School Stuff/LvlDesign2/Project2/Emily/LvlDesign02_TeamLuminous_Project02/Content/LevelPrototyping/LevelPrototypes/TeamFolder(RenameWhatYouWant)/_GENERATED/jordanandrews/Box_F2E6B43F.uexp" 1543
"C:/Users/symbi/Documents/School Stuff/LvlDesign2/Project2/Emily/LvlDesign02_TeamLuminous_Project02/Content/LevelPrototyping/LevelPrototypes/TeamFolder(RenameWhatYouWant)/_GENERATED/jordanandrews/Box_E46E0690.ubulk" 1544
"C:/Users/symbi/Documents/School Stuff/LvlDesign2/Project2/Emily/LvlDesign02_TeamLuminous_Project02/Content/LevelPrototyping/LevelPrototypes/TeamFolder(RenameWhatYouWant)/_GENERATED/jordanandrews/Box_E46E0690.uasset" 1545
"C:/Users/symbi/Documents/School Stuff/LvlDesign2/Project2/Emily/LvlDesign02_TeamLuminous_Project02/Content/LevelPrototyping/LevelPrototypes/TeamFolder(RenameWhatYouWant)/_GENERATED/jordanandrews/Box_E46E0690.uexp" 1546
"C:/Users/symbi/Documents/School Stuff/LvlDesign2/Project2/Emily/LvlDesign02_TeamLuminous_Project02/Content/LevelPrototyping/LevelPrototypes/TeamFolder(RenameWhatYouWant)/_GENERATED/jordanandrews/Box_E1F00DBC.ubulk" 1547
"C:/Users/symbi/Documents/School Stuff/LvlDesign2/Project2/Emily/LvlDesign02_TeamLuminous_Project02/Content/LevelPrototyping/LevelPrototypes/TeamFolder(RenameWhatYouWant)/_GENERATED/jordanandrews/Box_E1F00DBC.uasset" 1548
"C:/Users/symbi/Documents/School Stuff/LvlDesign2/Project2/Emily/LvlDesign02_TeamLuminous_Project02/Content/LevelPrototyping/LevelPrototypes/TeamFolder(RenameWhatYouWant)/_GENERATED/jordanandrews/Box_E1F00DBC.uexp" 1549
"C:/Users/symbi/Documents/School Stuff/LvlDesign2/Project2/Emily/LvlDesign02_TeamLuminous_Project02/Content/LevelPrototyping/LevelPrototypes/TeamFolder(RenameWhatYouWant)/_GENERATED/jordanandrews/Box_D893184B.ubulk" 1550
"C:/Users/symbi/Documents/School Stuff/LvlDesign2/Project2/Emily/LvlDesign02_TeamLuminous_Project02/Content/LevelPrototyping/LevelPrototypes/TeamFolder(RenameWhatYouWant)/_GENERATED/jordanandrews/Box_D893184B.uasset" 1551
"C:/Users/symbi/Documents/School Stuff/LvlDesign2/Project2/Emily/LvlDesign02_TeamLuminous_Project02/Content/LevelPrototyping/LevelPrototypes/TeamFolder(RenameWhatYouWant)/_GENERATED/jordanandrews/Box_D893184B.uexp" 1552
"C:/Users/symbi/Documents/School Stuff/LvlDesign2/Project2/Emily/LvlDesign02_TeamLuminous_Project02/Content/LevelPrototyping/LevelPrototypes/TeamFolder(RenameWhatYouWant)/_GENERATED/jordanandrews/Box_AA9D2629.ubulk" 1553
"C:/Users/symbi/Documents/School Stuff/LvlDesign2/Project2/Emily/LvlDesign02_TeamLuminous_Project02/Content/LevelPrototyping/LevelPrototypes/TeamFolder(RenameWhatYouWant)/_GENERATED/jordanandrews/Box_AA9D2629.uasset" 1554
"C:/Users/symbi/Documents/School Stuff/LvlDesign2/Project2/Emily/LvlDesign02_TeamLuminous_Project02/Content/LevelPrototyping/LevelPrototypes/TeamFolder(RenameWhatYouWant)/_GENERATED/jordanandrews/Box_AA9D2629.uexp" 1555
"C:/Users/symbi/Documents/School Stuff/LvlDesign2/Project2/Emily/LvlDesign02_TeamLuminous_Project02/Content/LevelPrototyping/LevelPrototypes/TeamFolder(RenameWhatYouWant)/_GENERATED/jordanandrews/Box_A263BC4B.ubulk" 1556
"C:/Users/symbi/Documents/School Stuff/LvlDesign2/Project2/Emily/LvlDesign02_TeamLuminous_Project02/Content/LevelPrototyping/LevelPrototypes/TeamFolder(RenameWhatYouWant)/_GENERATED/jordanandrews/Box_A263BC4B.uasset" 1557
"C:/Users/symbi/Documents/School Stuff/LvlDesign2/Project2/Emily/LvlDesign02_TeamLuminous_Project02/Content/LevelPrototyping/LevelPrototypes/TeamFolder(RenameWhatYouWant)/_GENERATED/jordanandrews/Box_A263BC4B.uexp" 1558
"C:/Users/symbi/Documents/School Stuff/LvlDesign2/Project2/Emily/LvlDesign02_TeamLuminous_Project02/Content/LevelPrototyping/LevelPrototypes/TeamFolder(RenameWhatYouWant)/_GENERATED/jordanandrews/Box_832133E3.ubulk" 1559
"C:/Users/symbi/Documents/School Stuff/LvlDesign2/Project2/Emily/LvlDesign02_TeamLuminous_Project02/Content/LevelPrototyping/LevelPrototypes/TeamFolder(RenameWhatYouWant)/_GENERATED/jordanandrews/Box_832133E3.uasset" 1560
"C:/Users/symbi/Documents/School Stuff/LvlDesign2/Project2/Emily/LvlDesign02_TeamLuminous_Project02/Content/LevelPrototyping/LevelPrototypes/TeamFolder(RenameWhatYouWant)/_GENERATED/jordanandrews/Box_832133E3.uexp" 1561
"C:/Users/symbi/Documents/School Stuff/LvlDesign2/Project2/Emily/LvlDesign02_TeamLuminous_Project02/Content/LevelPrototyping/LevelPrototypes/TeamFolder(RenameWhatYouWant)/_GENERATED/jordanandrews/Box_774DA03E.ubulk" 1562
"C:/Users/symbi/Documents/School Stuff/LvlDesign2/Project2/Emily/LvlDesign02_TeamLuminous_Project02/Content/LevelPrototyping/LevelPrototypes/TeamFolder(RenameWhatYouWant)/_GENERATED/jordanandrews/Box_774DA03E.uasset" 1563
"C:/Users/symbi/Documents/School Stuff/LvlDesign2/Project2/Emily/LvlDesign02_TeamLuminous_Project02/Content/LevelPrototyping/LevelPrototypes/TeamFolder(RenameWhatYouWant)/_GENERATED/jordanandrews/Box_774DA03E.uexp" 1564
"C:/Users/symbi/Documents/School Stuff/LvlDesign2/Project2/Emily/LvlDesign02_TeamLuminous_Project02/Content/LevelPrototyping/LevelPrototypes/TeamFolder(RenameWhatYouWant)/_GENERATED/jordanandrews/Box_4E70BD54.ubulk" 1565
"C:/Users/symbi/Documents/School Stuff/LvlDesign2/Project2/Emily/LvlDesign02_TeamLuminous_Project02/Content/LevelPrototyping/LevelPrototypes/TeamFolder(RenameWhatYouWant)/_GENERATED/jordanandrews/Box_4E70BD54.uasset" 1566
"C:/Users/symbi/Documents/School Stuff/LvlDesign2/Project2/Emily/LvlDesign02_TeamLuminous_Project02/Content/LevelPrototyping/LevelPrototypes/TeamFolder(RenameWhatYouWant)/_GENERATED/jordanandrews/Box_4E70BD54.uexp" 1567
"C:/Users/symbi/Documents/School Stuff/LvlDesign2/Project2/Emily/LvlDesign02_TeamLuminous_Project02/Content/LevelPrototyping/LevelPrototypes/TeamFolder(RenameWhatYouWant)/_GENERATED/jordanandrews/Box_400D6128.ubulk" 1568
"C:/Users/symbi/Documents/School Stuff/LvlDesign2/Project2/Emily/LvlDesign02_TeamLuminous_Project02/Content/LevelPrototyping/LevelPrototypes/TeamFolder(RenameWhatYouWant)/_GENERATED/jordanandrews/Box_400D6128.uasset" 1569
"C:/Users/symbi/Documents/School Stuff/LvlDesign2/Project2/Emily/LvlDesign02_TeamLuminous_Project02/Content/LevelPrototyping/LevelPrototypes/TeamFolder(RenameWhatYouWant)/_GENERATED/jordanandrews/Box_400D6128.uexp" 1570
"C:/Users/symbi/Documents/School Stuff/LvlDesign2/Project2/Emily/LvlDesign02_TeamLuminous_Project02/Content/LevelPrototyping/LevelPrototypes/TeamFolder(RenameWhatYouWant)/_GENERATED/jordanandrews/Box_386AE189.ubulk" 1571
"C:/Users/symbi/Documents/School Stuff/LvlDesign2/Project2/Emily/LvlDesign02_TeamLuminous_Project02/Content/LevelPrototyping/LevelPrototypes/TeamFolder(RenameWhatYouWant)/_GENERATED/jordanandrews/Box_386AE189.uasset" 1572
"C:/Users/symbi/Documents/School Stuff/LvlDesign2/Project2/Emily/LvlDesign02_TeamLuminous_Project02/Content/LevelPrototyping/LevelPrototypes/TeamFolder(RenameWhatYouWant)/_GENERATED/jordanandrews/Box_386AE189.uexp" 1573
"C:/Users/symbi/Documents/School Stuff/LvlDesign2/Project2/Emily/LvlDesign02_TeamLuminous_Project02/Content/LevelPrototyping/LevelPrototypes/TeamFolder(RenameWhatYouWant)/_GENERATED/jordanandrews/Box_31A0C640.ubulk" 1574
"C:/Users/symbi/Documents/School Stuff/LvlDesign2/Project2/Emily/LvlDesign02_TeamLuminous_Project02/Content/LevelPrototyping/LevelPrototypes/TeamFolder(RenameWhatYouWant)/_GENERATED/jordanandrews/Box_31A0C640.uasset" 1575
"C:/Users/symbi/Documents/School Stuff/LvlDesign2/Project2/Emily/LvlDesign02_TeamLuminous_Project02/Content/LevelPrototyping/LevelPrototypes/TeamFolder(RenameWhatYouWant)/_GENERATED/jordanandrews/Box_31A0C640.uexp" 1576
"C:/Users/symbi/Documents/School Stuff/LvlDesign2/Project2/Emily/LvlDesign02_TeamLuminous_Project02/Content/LevelPrototyping/LevelPrototypes/TeamFolder(RenameWhatYouWant)/_GENERATED/jordanandrews/Box_0CD86752.ubulk" 1577
"C:/Users/symbi/Documents/School Stuff/LvlDesign2/Project2/Emily/LvlDesign02_TeamLuminous_Project02/Content/LevelPrototyping/LevelPrototypes/TeamFolder(RenameWhatYouWant)/_GENERATED/jordanandrews/Box_0CD86752.uasset" 1578
"C:/Users/symbi/Documents/School Stuff/LvlDesign2/Project2/Emily/LvlDesign02_TeamLuminous_Project02/Content/LevelPrototyping/LevelPrototypes/TeamFolder(RenameWhatYouWant)/_GENERATED/jordanandrews/Box_0CD86752.uexp" 1579
"C:/Users/symbi/Documents/School Stuff/LvlDesign2/Project2/Emily/LvlDesign02_TeamLuminous_Project02/Content/LevelPrototyping/LevelPrototypes/TeamFolder(RenameWhatYouWant)/_GENERATED/jordanandrews/Box_07A24E50.ubulk" 1580
"C:/Users/symbi/Documents/School Stuff/LvlDesign2/Project2/Emily/LvlDesign02_TeamLuminous_Project02/Content/LevelPrototyping/LevelPrototypes/TeamFolder(RenameWhatYouWant)/_GENERATED/jordanandrews/Box_07A24E50.uasset" 1581
"C:/Users/symbi/Documents/School Stuff/LvlDesign2/Project2/Emily/LvlDesign02_TeamLuminous_Project02/Content/LevelPrototyping/LevelPrototypes/TeamFolder(RenameWhatYouWant)/_GENERATED/jordanandrews/Box_07A24E50.uexp" 1582
"C:/Users/symbi/Documents/School Stuff/LvlDesign2/Project2/Emily/LvlDesign02_TeamLuminous_Project02/Content/LevelPrototyping/LevelPrototypes/TeamFolder(RenameWhatYouWant)/_GENERATED/jordanandrews/Box_060F08BD.ubulk" 1583
"C:/Users/symbi/Documents/School Stuff/LvlDesign2/Project2/Emily/LvlDesign02_TeamLuminous_Project02/Content/LevelPrototyping/LevelPrototypes/TeamFolder(RenameWhatYouWant)/_GENERATED/jordanandrews/Box_060F08BD.uasset" 1584
"C:/Users/symbi/Documents/School Stuff/LvlDesign2/Project2/Emily/LvlDesign02_TeamLuminous_Project02/Content/LevelPrototyping/LevelPrototypes/TeamFolder(RenameWhatYouWant)/_GENERATED/jordanandrews/Box_060F08BD.uexp" 1585
"C:/Users/symbi/Documents/School Stuff/LvlDesign2/Project2/Emily/LvlDesign02_TeamLuminous_Project02/Content/LevelPrototyping/LevelPrototypes/TeamFolder(RenameWhatYouWant)/_GENERATED/jordanandrews/Cylinder_C1C2674C.ubulk" 1586
"C:/Users/symbi/Documents/School Stuff/LvlDesign2/Project2/Emily/LvlDesign02_TeamLuminous_Project02/Content/LevelPrototyping/LevelPrototypes/TeamFolder(RenameWhatYouWant)/_GENERATED/jordanandrews/Cylinder_C1C2674C.uasset" 1587
"C:/Users/symbi/Documents/School Stuff/LvlDesign2/Project2/Emily/LvlDesign02_TeamLuminous_Project02/Content/LevelPrototyping/LevelPrototypes/TeamFolder(RenameWhatYouWant)/_GENERATED/jordanandrews/Cylinder_C1C2674C.uexp" 1588
"C:/Users/symbi/Documents/School Stuff/LvlDesign2/Project2/Emily/LvlDesign02_TeamLuminous_Project02/Content/LevelPrototyping/LevelPrototypes/TeamFolder(RenameWhatYouWant)/_GENERATED/jordanandrews/Box_F9674D81.ubulk" 1589
"C:/Users/symbi/Documents/School Stuff/LvlDesign2/Project2/Emily/LvlDesign02_TeamLuminous_Project02/Content/LevelPrototyping/LevelPrototypes/TeamFolder(RenameWhatYouWant)/_GENERATED/jordanandrews/Box_F9674D81.uasset" 1590
"C:/Users/symbi/Documents/School Stuff/LvlDesign2/Project2/Emily/LvlDesign02_TeamLuminous_Project02/Content/LevelPrototyping/LevelPrototypes/TeamFolder(RenameWhatYouWant)/_GENERATED/jordanandrews/Box_F9674D81.uexp" 1591
"C:/Users/symbi/Documents/School Stuff/LvlDesign2/Project2/Emily/LvlDesign02_TeamLuminous_Project02/Content/LevelPrototyping/LevelPrototypes/TeamFolder(RenameWhatYouWant)/_GENERATED/jordanandrews/Box_0513CFF6.ubulk" 1592
"C:/Users/symbi/Documents/School Stuff/LvlDesign2/Project2/Emily/LvlDesign02_TeamLuminous_Project02/Content/LevelPrototyping/LevelPrototypes/TeamFolder(RenameWhatYouWant)/_GENERATED/jordanandrews/Box_0513CFF6.uasset" 1593
"C:/Users/symbi/Documents/School Stuff/LvlDesign2/Project2/Emily/LvlDesign02_TeamLuminous_Project02/Content/LevelPrototyping/LevelPrototypes/TeamFolder(RenameWhatYouWant)/_GENERATED/jordanandrews/Box_0513CFF6.uexp" 1594
"C:/Users/symbi/Documents/School Stuff/LvlDesign2/Project2/Emily/LvlDesign02_TeamLuminous_Project02/Content/LevelPrototyping/LevelPrototypes/TeamFolder(RenameWhatYouWant)/_GENERATED/jordanandrews/Box_552C89D1.ubulk" 1595
"C:/Users/symbi/Documents/School Stuff/LvlDesign2/Project2/Emily/LvlDesign02_TeamLuminous_Project02/Content/LevelPrototyping/LevelPrototypes/TeamFolder(RenameWhatYouWant)/_GENERATED/jordanandrews/Box_552C89D1.uasset" 1596
"C:/Users/symbi/Documents/School Stuff/LvlDesign2/Project2/Emily/LvlDesign02_TeamLuminous_Project02/Content/LevelPrototyping/LevelPrototypes/TeamFolder(RenameWhatYouWant)/_GENERATED/jordanandrews/Box_552C89D1.uexp" 1597
"C:/Users/symbi/Documents/School Stuff/LvlDesign2/Project2/Emily/LvlDesign02_TeamLuminous_Project02/Content/LevelPrototyping/LevelPrototypes/TeamFolder(RenameWhatYouWant)/_GENERATED/jordanandrews/Box_AEDE611F.ubulk" 1598
"C:/Users/symbi/Documents/School Stuff/LvlDesign2/Project2/Emily/LvlDesign02_TeamLuminous_Project02/Content/LevelPrototyping/LevelPrototypes/TeamFolder(RenameWhatYouWant)/_GENERATED/jordanandrews/Box_AEDE611F.uasset" 1599
"C:/Users/symbi/Documents/School Stuff/LvlDesign2/Project2/Emily/LvlDesign02_TeamLuminous_Project02/Content/LevelPrototyping/LevelPrototypes/TeamFolder(RenameWhatYouWant)/_GENERATED/jordanandrews/Box_AEDE611F.uexp" 1600
"C:/Users/symbi/Documents/School Stuff/LvlDesign2/Project2/Emily/LvlDesign02_TeamLuminous_Project02/Content/LevelPrototyping/LevelPrototypes/TeamFolder(RenameWhatYouWant)/_GENERATED/jordanandrews/Box_E3306D5C.ubulk" 1601
"C:/Users/symbi/Documents/School Stuff/LvlDesign2/Project2/Emily/LvlDesign02_TeamLuminous_Project02/Content/LevelPrototyping/LevelPrototypes/TeamFolder(RenameWhatYouWant)/_GENERATED/jordanandrews/Box_E3306D5C.uasset" 1602
"C:/Users/symbi/Documents/School Stuff/LvlDesign2/Project2/Emily/LvlDesign02_TeamLuminous_Project02/Content/LevelPrototyping/LevelPrototypes/TeamFolder(RenameWhatYouWant)/_GENERATED/jordanandrews/Box_E3306D5C.uexp" 1603
"C:/Users/symbi/Documents/School Stuff/LvlDesign2/Project2/Emily/LvlDesign02_TeamLuminous_Project02/Content/LevelPrototyping/LevelPrototypes/TeamFolder(RenameWhatYouWant)/_GENERATED/jordanandrews/Merge_DD87F518.ubulk" 1604
"C:/Users/symbi/Documents/School Stuff/LvlDesign2/Project2/Emily/LvlDesign02_TeamLuminous_Project02/Content/LevelPrototyping/LevelPrototypes/TeamFolder(RenameWhatYouWant)/_GENERATED/jordanandrews/Merge_DD87F518.uasset" 1605
"C:/Users/symbi/Documents/School Stuff/LvlDesign2/Project2/Emily/LvlDesign02_TeamLuminous_Project02/Content/LevelPrototyping/LevelPrototypes/TeamFolder(RenameWhatYouWant)/_GENERATED/jordanandrews/Merge_DD87F518.uexp" 1606
"C:/Users/symbi/Documents/School Stuff/LvlDesign2/Project2/Emily/LvlDesign02_TeamLuminous_Project02/Content/LevelPrototyping/LevelPrototypes/TeamFolderRenameWhatYouWant/TeamNoMansUpper_Level.uexp" 1607
"C:/Users/symbi/Documents/School Stuff/LvlDesign2/Project2/Emily/LvlDesign02_TeamLuminous_Project02/Content/LevelPrototyping/LevelPrototypes/TeamFolderRenameWhatYouWant/TeamNoMansUpper_Level.umap" 1608
"../../../Engine/Content/EngineDebugMaterials/VertexColorViewMode_RedOnly.uasset" 1609
"../../../Engine/Content/EngineDebugMaterials/VertexColorViewMode_RedOnly.uexp" 1610
"../../../Engine/Content/EngineDebugMaterials/VertexColorViewMode_BlueOnly.uasset" 1611
"../../../Engine/Content/EngineDebugMaterials/VertexColorViewMode_BlueOnly.uexp" 1612
"C:/Users/symbi/Documents/School Stuff/LvlDesign2/Project2/Emily/LvlDesign02_TeamLuminous_Project02/Content/LevelPrototyping/LevelPrototypes/TeamFolder(RenameWhatYouWant)/_GENERATED/the9t/Cylinder_B45C45C3.ubulk" 1613
"C:/Users/symbi/Documents/School Stuff/LvlDesign2/Project2/Emily/LvlDesign02_TeamLuminous_Project02/Content/LevelPrototyping/LevelPrototypes/TeamFolder(RenameWhatYouWant)/_GENERATED/the9t/Cylinder_B45C45C3.uasset" 1614
"C:/Users/symbi/Documents/School Stuff/LvlDesign2/Project2/Emily/LvlDesign02_TeamLuminous_Project02/Content/LevelPrototyping/LevelPrototypes/TeamFolder(RenameWhatYouWant)/_GENERATED/the9t/Cylinder_B45C45C3.uexp" 1615
"C:/Users/symbi/Documents/School Stuff/LvlDesign2/Project2/Emily/LvlDesign02_TeamLuminous_Project02/Content/LevelPrototyping/LevelPrototypes/TeamFolder(RenameWhatYouWant)/_GENERATED/the9t/Cylinder_8301EDE6.ubulk" 1616
"C:/Users/symbi/Documents/School Stuff/LvlDesign2/Project2/Emily/LvlDesign02_TeamLuminous_Project02/Content/LevelPrototyping/LevelPrototypes/TeamFolder(RenameWhatYouWant)/_GENERATED/the9t/Cylinder_8301EDE6.uasset" 1617
"C:/Users/symbi/Documents/School Stuff/LvlDesign2/Project2/Emily/LvlDesign02_TeamLuminous_Project02/Content/LevelPrototyping/LevelPrototypes/TeamFolder(RenameWhatYouWant)/_GENERATED/the9t/Cylinder_8301EDE6.uexp" 1618
"C:/Users/symbi/Documents/School Stuff/LvlDesign2/Project2/Emily/LvlDesign02_TeamLuminous_Project02/Content/LevelPrototyping/LevelPrototypes/TeamFolder(RenameWhatYouWant)/_GENERATED/the9t/Combined_5404EA5E.ubulk" 1619
"C:/Users/symbi/Documents/School Stuff/LvlDesign2/Project2/Emily/LvlDesign02_TeamLuminous_Project02/Content/LevelPrototyping/LevelPrototypes/TeamFolder(RenameWhatYouWant)/_GENERATED/the9t/Combined_5404EA5E.uasset" 1620
"C:/Users/symbi/Documents/School Stuff/LvlDesign2/Project2/Emily/LvlDesign02_TeamLuminous_Project02/Content/LevelPrototyping/LevelPrototypes/TeamFolder(RenameWhatYouWant)/_GENERATED/the9t/Combined_5404EA5E.uexp" 1621
"C:/Users/symbi/Documents/School Stuff/LvlDesign2/Project2/Emily/LvlDesign02_TeamLuminous_Project02/Content/LevelPrototyping/LevelPrototypes/TeamFolder(RenameWhatYouWant)/_GENERATED/the9t/Combined41_1_46E8CA2D.ubulk" 1622
"C:/Users/symbi/Documents/School Stuff/LvlDesign2/Project2/Emily/LvlDesign02_TeamLuminous_Project02/Content/LevelPrototyping/LevelPrototypes/TeamFolder(RenameWhatYouWant)/_GENERATED/the9t/Combined41_1_46E8CA2D.uasset" 1623
"C:/Users/symbi/Documents/School Stuff/LvlDesign2/Project2/Emily/LvlDesign02_TeamLuminous_Project02/Content/LevelPrototyping/LevelPrototypes/TeamFolder(RenameWhatYouWant)/_GENERATED/the9t/Combined41_1_46E8CA2D.uexp" 1624
"C:/Users/symbi/Documents/School Stuff/LvlDesign2/Project2/Emily/LvlDesign02_TeamLuminous_Project02/Content/LevelPrototyping/LevelPrototypes/TeamFolder(RenameWhatYouWant)/_GENERATED/the9t/Combined41_0_E3B321CB.ubulk" 1625
"C:/Users/symbi/Documents/School Stuff/LvlDesign2/Project2/Emily/LvlDesign02_TeamLuminous_Project02/Content/LevelPrototyping/LevelPrototypes/TeamFolder(RenameWhatYouWant)/_GENERATED/the9t/Combined41_0_E3B321CB.uasset" 1626
"C:/Users/symbi/Documents/School Stuff/LvlDesign2/Project2/Emily/LvlDesign02_TeamLuminous_Project02/Content/LevelPrototyping/LevelPrototypes/TeamFolder(RenameWhatYouWant)/_GENERATED/the9t/Combined41_0_E3B321CB.uexp" 1627
"C:/Users/symbi/Documents/School Stuff/LvlDesign2/Project2/Emily/LvlDesign02_TeamLuminous_Project02/Content/LevelPrototyping/LevelPrototypes/TeamFolder(RenameWhatYouWant)/_GENERATED/the9t/Box_F2F25099.ubulk" 1628
"C:/Users/symbi/Documents/School Stuff/LvlDesign2/Project2/Emily/LvlDesign02_TeamLuminous_Project02/Content/LevelPrototyping/LevelPrototypes/TeamFolder(RenameWhatYouWant)/_GENERATED/the9t/Box_F2F25099.uasset" 1629
"C:/Users/symbi/Documents/School Stuff/LvlDesign2/Project2/Emily/LvlDesign02_TeamLuminous_Project02/Content/LevelPrototyping/LevelPrototypes/TeamFolder(RenameWhatYouWant)/_GENERATED/the9t/Box_F2F25099.uexp" 1630
"C:/Users/symbi/Documents/School Stuff/LvlDesign2/Project2/Emily/LvlDesign02_TeamLuminous_Project02/Content/LevelPrototyping/LevelPrototypes/TeamFolder(RenameWhatYouWant)/_GENERATED/the9t/Box_8551DFAF.ubulk" 1631
"C:/Users/symbi/Documents/School Stuff/LvlDesign2/Project2/Emily/LvlDesign02_TeamLuminous_Project02/Content/LevelPrototyping/LevelPrototypes/TeamFolder(RenameWhatYouWant)/_GENERATED/the9t/Box_8551DFAF.uasset" 1632
"C:/Users/symbi/Documents/School Stuff/LvlDesign2/Project2/Emily/LvlDesign02_TeamLuminous_Project02/Content/LevelPrototyping/LevelPrototypes/TeamFolder(RenameWhatYouWant)/_GENERATED/the9t/Box_8551DFAF.uexp" 1633
"C:/Users/symbi/Documents/School Stuff/LvlDesign2/Project2/Emily/LvlDesign02_TeamLuminous_Project02/Content/LevelPrototyping/LevelPrototypes/TeamFolder(RenameWhatYouWant)/_GENERATED/the9t/Box_6FEC3093.ubulk" 1634
"C:/Users/symbi/Documents/School Stuff/LvlDesign2/Project2/Emily/LvlDesign02_TeamLuminous_Project02/Content/LevelPrototyping/LevelPrototypes/TeamFolder(RenameWhatYouWant)/_GENERATED/the9t/Box_6FEC3093.uasset" 1635
"C:/Users/symbi/Documents/School Stuff/LvlDesign2/Project2/Emily/LvlDesign02_TeamLuminous_Project02/Content/LevelPrototyping/LevelPrototypes/TeamFolder(RenameWhatYouWant)/_GENERATED/the9t/Box_6FEC3093.uexp" 1636
"C:/Users/symbi/Documents/School Stuff/LvlDesign2/Project2/Emily/LvlDesign02_TeamLuminous_Project02/Content/LevelPrototyping/LevelPrototypes/TeamFolder(RenameWhatYouWant)/_GENERATED/the9t/Box_575F6D49.ubulk" 1637
"C:/Users/symbi/Documents/School Stuff/LvlDesign2/Project2/Emily/LvlDesign02_TeamLuminous_Project02/Content/LevelPrototyping/LevelPrototypes/TeamFolder(RenameWhatYouWant)/_GENERATED/the9t/Box_575F6D49.uasset" 1638
"C:/Users/symbi/Documents/School Stuff/LvlDesign2/Project2/Emily/LvlDesign02_TeamLuminous_Project02/Content/LevelPrototyping/LevelPrototypes/TeamFolder(RenameWhatYouWant)/_GENERATED/the9t/Box_575F6D49.uexp" 1639
"C:/Users/symbi/Documents/School Stuff/LvlDesign2/Project2/Emily/LvlDesign02_TeamLuminous_Project02/Content/LevelPrototyping/LevelPrototypes/TeamFolder(RenameWhatYouWant)/_GENERATED/the9t/Box_21829FD2.ubulk" 1640
"C:/Users/symbi/Documents/School Stuff/LvlDesign2/Project2/Emily/LvlDesign02_TeamLuminous_Project02/Content/LevelPrototyping/LevelPrototypes/TeamFolder(RenameWhatYouWant)/_GENERATED/the9t/Box_21829FD2.uasset" 1641
"C:/Users/symbi/Documents/School Stuff/LvlDesign2/Project2/Emily/LvlDesign02_TeamLuminous_Project02/Content/LevelPrototyping/LevelPrototypes/TeamFolder(RenameWhatYouWant)/_GENERATED/the9t/Box_21829FD2.uexp" 1642
"C:/Users/symbi/Documents/School Stuff/LvlDesign2/Project2/Emily/LvlDesign02_TeamLuminous_Project02/Content/LevelPrototyping/LevelPrototypes/TeamFolder(RenameWhatYouWant)/_GENERATED/the9t/Box_0E287C3E.ubulk" 1643
"C:/Users/symbi/Documents/School Stuff/LvlDesign2/Project2/Emily/LvlDesign02_TeamLuminous_Project02/Content/LevelPrototyping/LevelPrototypes/TeamFolder(RenameWhatYouWant)/_GENERATED/the9t/Box_0E287C3E.uasset" 1644
"C:/Users/symbi/Documents/School Stuff/LvlDesign2/Project2/Emily/LvlDesign02_TeamLuminous_Project02/Content/LevelPrototyping/LevelPrototypes/TeamFolder(RenameWhatYouWant)/_GENERATED/the9t/Box_0E287C3E.uexp" 1645
"C:/Users/symbi/Documents/School Stuff/LvlDesign2/Project2/Emily/LvlDesign02_TeamLuminous_Project02/Content/LevelPrototyping/LevelPrototypes/TeamFolder(RenameWhatYouWant)/_GENERATED/the9t/Boolean_EF026F0F.ubulk" 1646
"C:/Users/symbi/Documents/School Stuff/LvlDesign2/Project2/Emily/LvlDesign02_TeamLuminous_Project02/Content/LevelPrototyping/LevelPrototypes/TeamFolder(RenameWhatYouWant)/_GENERATED/the9t/Boolean_EF026F0F.uasset" 1647
"C:/Users/symbi/Documents/School Stuff/LvlDesign2/Project2/Emily/LvlDesign02_TeamLuminous_Project02/Content/LevelPrototyping/LevelPrototypes/TeamFolder(RenameWhatYouWant)/_GENERATED/the9t/Boolean_EF026F0F.uexp" 1648
"C:/Users/symbi/Documents/School Stuff/LvlDesign2/Project2/Emily/LvlDesign02_TeamLuminous_Project02/Content/LevelPrototyping/LevelPrototypes/TeamFolder(RenameWhatYouWant)/_GENERATED/the9t/Boolean_58B1E566.ubulk" 1649
"C:/Users/symbi/Documents/School Stuff/LvlDesign2/Project2/Emily/LvlDesign02_TeamLuminous_Project02/Content/LevelPrototyping/LevelPrototypes/TeamFolder(RenameWhatYouWant)/_GENERATED/the9t/Boolean_58B1E566.uasset" 1650
"C:/Users/symbi/Documents/School Stuff/LvlDesign2/Project2/Emily/LvlDesign02_TeamLuminous_Project02/Content/LevelPrototyping/LevelPrototypes/TeamFolder(RenameWhatYouWant)/_GENERATED/the9t/Boolean_58B1E566.uexp" 1651
"C:/Users/symbi/Documents/School Stuff/LvlDesign2/Project2/Emily/LvlDesign02_TeamLuminous_Project02/Content/LevelPrototyping/LevelPrototypes/TeamFolder(RenameWhatYouWant)/_GENERATED/the9t/Boolean_5403E787.ubulk" 1652
"C:/Users/symbi/Documents/School Stuff/LvlDesign2/Project2/Emily/LvlDesign02_TeamLuminous_Project02/Content/LevelPrototyping/LevelPrototypes/TeamFolder(RenameWhatYouWant)/_GENERATED/the9t/Boolean_5403E787.uasset" 1653
"C:/Users/symbi/Documents/School Stuff/LvlDesign2/Project2/Emily/LvlDesign02_TeamLuminous_Project02/Content/LevelPrototyping/LevelPrototypes/TeamFolder(RenameWhatYouWant)/_GENERATED/the9t/Boolean_5403E787.uexp" 1654
"C:/Users/symbi/Documents/School Stuff/LvlDesign2/Project2/Emily/LvlDesign02_TeamLuminous_Project02/Content/LevelPrototyping/LevelPrototypes/TeamFolder(RenameWhatYouWant)/_GENERATED/the9t/Boolean_002F2A6A.ubulk" 1655
"C:/Users/symbi/Documents/School Stuff/LvlDesign2/Project2/Emily/LvlDesign02_TeamLuminous_Project02/Content/LevelPrototyping/LevelPrototypes/TeamFolder(RenameWhatYouWant)/_GENERATED/the9t/Boolean_002F2A6A.uasset" 1656
"C:/Users/symbi/Documents/School Stuff/LvlDesign2/Project2/Emily/LvlDesign02_TeamLuminous_Project02/Content/LevelPrototyping/LevelPrototypes/TeamFolder(RenameWhatYouWant)/_GENERATED/the9t/Boolean_002F2A6A.uexp" 1657
"C:/Users/symbi/Documents/School Stuff/LvlDesign2/Project2/Emily/LvlDesign02_TeamLuminous_Project02/Content/LevelPrototyping/LevelPrototypes/TeamFolder(RenameWhatYouWant)/_GENERATED/diejo/Boolean_45880D31.ubulk" 1658
"C:/Users/symbi/Documents/School Stuff/LvlDesign2/Project2/Emily/LvlDesign02_TeamLuminous_Project02/Content/LevelPrototyping/LevelPrototypes/TeamFolder(RenameWhatYouWant)/_GENERATED/diejo/Boolean_45880D31.uasset" 1659
"C:/Users/symbi/Documents/School Stuff/LvlDesign2/Project2/Emily/LvlDesign02_TeamLuminous_Project02/Content/LevelPrototyping/LevelPrototypes/TeamFolder(RenameWhatYouWant)/_GENERATED/diejo/Boolean_45880D31.uexp" 1660
"C:/Users/symbi/Documents/School Stuff/LvlDesign2/Project2/Emily/LvlDesign02_TeamLuminous_Project02/Content/LevelPrototyping/LevelPrototypes/TeamFolder(RenameWhatYouWant)/_GENERATED/diejo/Boolean_63F12F0F.ubulk" 1661
"C:/Users/symbi/Documents/School Stuff/LvlDesign2/Project2/Emily/LvlDesign02_TeamLuminous_Project02/Content/LevelPrototyping/LevelPrototypes/TeamFolder(RenameWhatYouWant)/_GENERATED/diejo/Boolean_63F12F0F.uasset" 1662
"C:/Users/symbi/Documents/School Stuff/LvlDesign2/Project2/Emily/LvlDesign02_TeamLuminous_Project02/Content/LevelPrototyping/LevelPrototypes/TeamFolder(RenameWhatYouWant)/_GENERATED/diejo/Boolean_63F12F0F.uexp" 1663
"C:/Users/symbi/Documents/School Stuff/LvlDesign2/Project2/Emily/LvlDesign02_TeamLuminous_Project02/Content/LevelPrototyping/LevelPrototypes/TeamFolder(RenameWhatYouWant)/_GENERATED/the9t/Boolean_0E9F70BC.ubulk" 1664
"C:/Users/symbi/Documents/School Stuff/LvlDesign2/Project2/Emily/LvlDesign02_TeamLuminous_Project02/Content/LevelPrototyping/LevelPrototypes/TeamFolder(RenameWhatYouWant)/_GENERATED/the9t/Boolean_0E9F70BC.uasset" 1665
"C:/Users/symbi/Documents/School Stuff/LvlDesign2/Project2/Emily/LvlDesign02_TeamLuminous_Project02/Content/LevelPrototyping/LevelPrototypes/TeamFolder(RenameWhatYouWant)/_GENERATED/the9t/Boolean_0E9F70BC.uexp" 1666
"C:/Users/symbi/Documents/School Stuff/LvlDesign2/Project2/Emily/LvlDesign02_TeamLuminous_Project02/Content/LevelPrototyping/LevelPrototypes/TeamFolder(RenameWhatYouWant)/_GENERATED/the9t/Boolean_1F726B43.ubulk" 1667
"C:/Users/symbi/Documents/School Stuff/LvlDesign2/Project2/Emily/LvlDesign02_TeamLuminous_Project02/Content/LevelPrototyping/LevelPrototypes/TeamFolder(RenameWhatYouWant)/_GENERATED/the9t/Boolean_1F726B43.uasset" 1668
"C:/Users/symbi/Documents/School Stuff/LvlDesign2/Project2/Emily/LvlDesign02_TeamLuminous_Project02/Content/LevelPrototyping/LevelPrototypes/TeamFolder(RenameWhatYouWant)/_GENERATED/the9t/Boolean_1F726B43.uexp" 1669
"C:/Users/symbi/Documents/School Stuff/LvlDesign2/Project2/Emily/LvlDesign02_TeamLuminous_Project02/Content/LevelPrototyping/LevelPrototypes/TeamFolder(RenameWhatYouWant)/_GENERATED/the9t/Boolean_3FF77807.ubulk" 1670
"C:/Users/symbi/Documents/School Stuff/LvlDesign2/Project2/Emily/LvlDesign02_TeamLuminous_Project02/Content/LevelPrototyping/LevelPrototypes/TeamFolder(RenameWhatYouWant)/_GENERATED/the9t/Boolean_3FF77807.uasset" 1671
"C:/Users/symbi/Documents/School Stuff/LvlDesign2/Project2/Emily/LvlDesign02_TeamLuminous_Project02/Content/LevelPrototyping/LevelPrototypes/TeamFolder(RenameWhatYouWant)/_GENERATED/the9t/Boolean_3FF77807.uexp" 1672
"C:/Users/symbi/Documents/School Stuff/LvlDesign2/Project2/Emily/LvlDesign02_TeamLuminous_Project02/Content/LevelPrototyping/LevelPrototypes/TeamFolder(RenameWhatYouWant)/_GENERATED/the9t/Boolean_68BE643B.ubulk" 1673
"C:/Users/symbi/Documents/School Stuff/LvlDesign2/Project2/Emily/LvlDesign02_TeamLuminous_Project02/Content/LevelPrototyping/LevelPrototypes/TeamFolder(RenameWhatYouWant)/_GENERATED/the9t/Boolean_68BE643B.uasset" 1674
"C:/Users/symbi/Documents/School Stuff/LvlDesign2/Project2/Emily/LvlDesign02_TeamLuminous_Project02/Content/LevelPrototyping/LevelPrototypes/TeamFolder(RenameWhatYouWant)/_GENERATED/the9t/Boolean_68BE643B.uexp" 1675
"C:/Users/symbi/Documents/School Stuff/LvlDesign2/Project2/Emily/LvlDesign02_TeamLuminous_Project02/Content/LevelPrototyping/LevelPrototypes/TeamFolder(RenameWhatYouWant)/_GENERATED/the9t/Boolean_A82005F7.ubulk" 1676
"C:/Users/symbi/Documents/School Stuff/LvlDesign2/Project2/Emily/LvlDesign02_TeamLuminous_Project02/Content/LevelPrototyping/LevelPrototypes/TeamFolder(RenameWhatYouWant)/_GENERATED/the9t/Boolean_A82005F7.uasset" 1677
"C:/Users/symbi/Documents/School Stuff/LvlDesign2/Project2/Emily/LvlDesign02_TeamLuminous_Project02/Content/LevelPrototyping/LevelPrototypes/TeamFolder(RenameWhatYouWant)/_GENERATED/the9t/Boolean_A82005F7.uexp" 1678
"C:/Users/symbi/Documents/School Stuff/LvlDesign2/Project2/Emily/LvlDesign02_TeamLuminous_Project02/Content/LevelPrototyping/LevelPrototypes/TeamFolder(RenameWhatYouWant)/_GENERATED/the9t/Boolean_BA080620.ubulk" 1679
"C:/Users/symbi/Documents/School Stuff/LvlDesign2/Project2/Emily/LvlDesign02_TeamLuminous_Project02/Content/LevelPrototyping/LevelPrototypes/TeamFolder(RenameWhatYouWant)/_GENERATED/the9t/Boolean_BA080620.uasset" 1680
"C:/Users/symbi/Documents/School Stuff/LvlDesign2/Project2/Emily/LvlDesign02_TeamLuminous_Project02/Content/LevelPrototyping/LevelPrototypes/TeamFolder(RenameWhatYouWant)/_GENERATED/the9t/Boolean_BA080620.uexp" 1681
"C:/Users/symbi/Documents/School Stuff/LvlDesign2/Project2/Emily/LvlDesign02_TeamLuminous_Project02/Content/LevelPrototyping/LevelPrototypes/TeamFolder(RenameWhatYouWant)/_GENERATED/the9t/Boolean_D69920B4.ubulk" 1682
"C:/Users/symbi/Documents/School Stuff/LvlDesign2/Project2/Emily/LvlDesign02_TeamLuminous_Project02/Content/LevelPrototyping/LevelPrototypes/TeamFolder(RenameWhatYouWant)/_GENERATED/the9t/Boolean_D69920B4.uasset" 1683
"C:/Users/symbi/Documents/School Stuff/LvlDesign2/Project2/Emily/LvlDesign02_TeamLuminous_Project02/Content/LevelPrototyping/LevelPrototypes/TeamFolder(RenameWhatYouWant)/_GENERATED/the9t/Boolean_D69920B4.uexp" 1684
"C:/Users/symbi/Documents/School Stuff/LvlDesign2/Project2/Emily/LvlDesign02_TeamLuminous_Project02/Content/LevelPrototyping/LevelPrototypes/TeamFolder(RenameWhatYouWant)/_GENERATED/the9t/Box_CF4CA10B.ubulk" 1685
"C:/Users/symbi/Documents/School Stuff/LvlDesign2/Project2/Emily/LvlDesign02_TeamLuminous_Project02/Content/LevelPrototyping/LevelPrototypes/TeamFolder(RenameWhatYouWant)/_GENERATED/the9t/Box_CF4CA10B.uasset" 1686
"C:/Users/symbi/Documents/School Stuff/LvlDesign2/Project2/Emily/LvlDesign02_TeamLuminous_Project02/Content/LevelPrototyping/LevelPrototypes/TeamFolder(RenameWhatYouWant)/_GENERATED/the9t/Box_CF4CA10B.uexp" 1687
"C:/Users/symbi/Documents/School Stuff/LvlDesign2/Project2/Emily/LvlDesign02_TeamLuminous_Project02/Content/LevelPrototyping/LevelPrototypes/TeamFolder(RenameWhatYouWant)/_GENERATED/the9t/Combined42_0_C3098CDC.ubulk" 1688
"C:/Users/symbi/Documents/School Stuff/LvlDesign2/Project2/Emily/LvlDesign02_TeamLuminous_Project02/Content/LevelPrototyping/LevelPrototypes/TeamFolder(RenameWhatYouWant)/_GENERATED/the9t/Combined42_0_C3098CDC.uasset" 1689
"C:/Users/symbi/Documents/School Stuff/LvlDesign2/Project2/Emily/LvlDesign02_TeamLuminous_Project02/Content/LevelPrototyping/LevelPrototypes/TeamFolder(RenameWhatYouWant)/_GENERATED/the9t/Combined42_0_C3098CDC.uexp" 1690
"C:/Users/symbi/Documents/School Stuff/LvlDesign2/Project2/Emily/LvlDesign02_TeamLuminous_Project02/Content/LevelPrototyping/LevelPrototypes/TeamFolder(RenameWhatYouWant)/_GENERATED/the9t/Combined42_1_0BD3D238.ubulk" 1691
"C:/Users/symbi/Documents/School Stuff/LvlDesign2/Project2/Emily/LvlDesign02_TeamLuminous_Project02/Content/LevelPrototyping/LevelPrototypes/TeamFolder(RenameWhatYouWant)/_GENERATED/the9t/Combined42_1_0BD3D238.uasset" 1692
"C:/Users/symbi/Documents/School Stuff/LvlDesign2/Project2/Emily/LvlDesign02_TeamLuminous_Project02/Content/LevelPrototyping/LevelPrototypes/TeamFolder(RenameWhatYouWant)/_GENERATED/the9t/Combined42_1_0BD3D238.uexp" 1693
"C:/Users/symbi/Documents/School Stuff/LvlDesign2/Project2/Emily/LvlDesign02_TeamLuminous_Project02/Content/LevelPrototyping/LevelPrototypes/TeamFolder(RenameWhatYouWant)/_GENERATED/the9t/Combined43_0_80EBC350.ubulk" 1694
"C:/Users/symbi/Documents/School Stuff/LvlDesign2/Project2/Emily/LvlDesign02_TeamLuminous_Project02/Content/LevelPrototyping/LevelPrototypes/TeamFolder(RenameWhatYouWant)/_GENERATED/the9t/Combined43_0_80EBC350.uasset" 1695
"C:/Users/symbi/Documents/School Stuff/LvlDesign2/Project2/Emily/LvlDesign02_TeamLuminous_Project02/Content/LevelPrototyping/LevelPrototypes/TeamFolder(RenameWhatYouWant)/_GENERATED/the9t/Combined43_0_80EBC350.uexp" 1696
"C:/Users/symbi/Documents/School Stuff/LvlDesign2/Project2/Emily/LvlDesign02_TeamLuminous_Project02/Content/LevelPrototyping/LevelPrototypes/TeamFolder(RenameWhatYouWant)/_GENERATED/the9t/Combined43_1_71610D41.ubulk" 1697
"C:/Users/symbi/Documents/School Stuff/LvlDesign2/Project2/Emily/LvlDesign02_TeamLuminous_Project02/Content/LevelPrototyping/LevelPrototypes/TeamFolder(RenameWhatYouWant)/_GENERATED/the9t/Combined43_1_71610D41.uasset" 1698
"C:/Users/symbi/Documents/School Stuff/LvlDesign2/Project2/Emily/LvlDesign02_TeamLuminous_Project02/Content/LevelPrototyping/LevelPrototypes/TeamFolder(RenameWhatYouWant)/_GENERATED/the9t/Combined43_1_71610D41.uexp" 1699
"C:/Users/symbi/Documents/School Stuff/LvlDesign2/Project2/Emily/LvlDesign02_TeamLuminous_Project02/Content/LevelPrototyping/LevelPrototypes/TeamFolder(RenameWhatYouWant)/_GENERATED/the9t/Combined44_0_3EEB0EA7.ubulk" 1700
"C:/Users/symbi/Documents/School Stuff/LvlDesign2/Project2/Emily/LvlDesign02_TeamLuminous_Project02/Content/LevelPrototyping/LevelPrototypes/TeamFolder(RenameWhatYouWant)/_GENERATED/the9t/Combined44_0_3EEB0EA7.uasset" 1701
"C:/Users/symbi/Documents/School Stuff/LvlDesign2/Project2/Emily/LvlDesign02_TeamLuminous_Project02/Content/LevelPrototyping/LevelPrototypes/TeamFolder(RenameWhatYouWant)/_GENERATED/the9t/Combined44_0_3EEB0EA7.uexp" 1702
"C:/Users/symbi/Documents/School Stuff/LvlDesign2/Project2/Emily/LvlDesign02_TeamLuminous_Project02/Content/LevelPrototyping/LevelPrototypes/TeamFolder(RenameWhatYouWant)/_GENERATED/the9t/Combined44_1_BE6D9CBB.ubulk" 1703
"C:/Users/symbi/Documents/School Stuff/LvlDesign2/Project2/Emily/LvlDesign02_TeamLuminous_Project02/Content/LevelPrototyping/LevelPrototypes/TeamFolder(RenameWhatYouWant)/_GENERATED/the9t/Combined44_1_BE6D9CBB.uasset" 1704
"C:/Users/symbi/Documents/School Stuff/LvlDesign2/Project2/Emily/LvlDesign02_TeamLuminous_Project02/Content/LevelPrototyping/LevelPrototypes/TeamFolder(RenameWhatYouWant)/_GENERATED/the9t/Combined44_1_BE6D9CBB.uexp" 1705
"C:/Users/symbi/Documents/School Stuff/LvlDesign2/Project2/Emily/LvlDesign02_TeamLuminous_Project02/Content/LevelPrototyping/LevelPrototypes/TeamFolder(RenameWhatYouWant)/_GENERATED/the9t/Boolean_28CACF6E.ubulk" 1706
"C:/Users/symbi/Documents/School Stuff/LvlDesign2/Project2/Emily/LvlDesign02_TeamLuminous_Project02/Content/LevelPrototyping/LevelPrototypes/TeamFolder(RenameWhatYouWant)/_GENERATED/the9t/Boolean_28CACF6E.uasset" 1707
"C:/Users/symbi/Documents/School Stuff/LvlDesign2/Project2/Emily/LvlDesign02_TeamLuminous_Project02/Content/LevelPrototyping/LevelPrototypes/TeamFolder(RenameWhatYouWant)/_GENERATED/the9t/Boolean_28CACF6E.uexp" 1708
"C:/Users/symbi/Documents/School Stuff/LvlDesign2/Project2/Emily/LvlDesign02_TeamLuminous_Project02/Content/LevelPrototyping/LevelPrototypes/TeamFolder(RenameWhatYouWant)/_GENERATED/the9t/Combined57_87F5E562.ubulk" 1709
"C:/Users/symbi/Documents/School Stuff/LvlDesign2/Project2/Emily/LvlDesign02_TeamLuminous_Project02/Content/LevelPrototyping/LevelPrototypes/TeamFolder(RenameWhatYouWant)/_GENERATED/the9t/Combined57_87F5E562.uasset" 1710
"C:/Users/symbi/Documents/School Stuff/LvlDesign2/Project2/Emily/LvlDesign02_TeamLuminous_Project02/Content/LevelPrototyping/LevelPrototypes/TeamFolder(RenameWhatYouWant)/_GENERATED/the9t/Combined57_87F5E562.uexp" 1711
"C:/Users/symbi/Documents/School Stuff/LvlDesign2/Project2/Emily/LvlDesign02_TeamLuminous_Project02/Content/LevelPrototyping/LevelPrototypes/TeamFolderRenameWhatYouWant/TeamNoMansUnder_Level.uexp" 1712
"C:/Users/symbi/Documents/School Stuff/LvlDesign2/Project2/Emily/LvlDesign02_TeamLuminous_Project02/Content/LevelPrototyping/LevelPrototypes/TeamFolderRenameWhatYouWant/TeamNoMansUnder_Level.umap" 1713
"C:/Users/symbi/Documents/School Stuff/LvlDesign2/Project2/Emily/LvlDesign02_TeamLuminous_Project02/Content/LevelPrototyping/LevelPrototypes/TeamFolder(RenameWhatYouWant)/_GENERATED/symbi/Boolean_1E474FF7.ubulk" 1714
"C:/Users/symbi/Documents/School Stuff/LvlDesign2/Project2/Emily/LvlDesign02_TeamLuminous_Project02/Content/LevelPrototyping/LevelPrototypes/TeamFolder(RenameWhatYouWant)/_GENERATED/symbi/Boolean_1E474FF7.uasset" 1715
"C:/Users/symbi/Documents/School Stuff/LvlDesign2/Project2/Emily/LvlDesign02_TeamLuminous_Project02/Content/LevelPrototyping/LevelPrototypes/TeamFolder(RenameWhatYouWant)/_GENERATED/symbi/Boolean_1E474FF7.uexp" 1716
"C:/Users/symbi/Documents/School Stuff/LvlDesign2/Project2/Emily/LvlDesign02_TeamLuminous_Project02/Content/LevelPrototyping/LevelPrototypes/TeamFolder(RenameWhatYouWant)/_GENERATED/prana/Box_9792D94B.ubulk" 1717
"C:/Users/symbi/Documents/School Stuff/LvlDesign2/Project2/Emily/LvlDesign02_TeamLuminous_Project02/Content/LevelPrototyping/LevelPrototypes/TeamFolder(RenameWhatYouWant)/_GENERATED/prana/Box_9792D94B.uasset" 1718
"C:/Users/symbi/Documents/School Stuff/LvlDesign2/Project2/Emily/LvlDesign02_TeamLuminous_Project02/Content/LevelPrototyping/LevelPrototypes/TeamFolder(RenameWhatYouWant)/_GENERATED/prana/Box_9792D94B.uexp" 1719
"C:/Users/symbi/Documents/School Stuff/LvlDesign2/Project2/Emily/LvlDesign02_TeamLuminous_Project02/Content/LevelPrototyping/LevelPrototypes/TeamFolder(RenameWhatYouWant)/_GENERATED/prana/VoxelBoolean_441E03EF.ubulk" 1720
"C:/Users/symbi/Documents/School Stuff/LvlDesign2/Project2/Emily/LvlDesign02_TeamLuminous_Project02/Content/LevelPrototyping/LevelPrototypes/TeamFolder(RenameWhatYouWant)/_GENERATED/prana/VoxelBoolean_441E03EF.uasset" 1721
"C:/Users/symbi/Documents/School Stuff/LvlDesign2/Project2/Emily/LvlDesign02_TeamLuminous_Project02/Content/LevelPrototyping/LevelPrototypes/TeamFolder(RenameWhatYouWant)/_GENERATED/prana/VoxelBoolean_441E03EF.uexp" 1722
"C:/Users/symbi/Documents/School Stuff/LvlDesign2/Project2/Emily/LvlDesign02_TeamLuminous_Project02/Content/LevelPrototyping/LevelPrototypes/TeamFolder(RenameWhatYouWant)/_GENERATED/prana/Box_13DB03B4.ubulk" 1723
"C:/Users/symbi/Documents/School Stuff/LvlDesign2/Project2/Emily/LvlDesign02_TeamLuminous_Project02/Content/LevelPrototyping/LevelPrototypes/TeamFolder(RenameWhatYouWant)/_GENERATED/prana/Box_13DB03B4.uasset" 1724
"C:/Users/symbi/Documents/School Stuff/LvlDesign2/Project2/Emily/LvlDesign02_TeamLuminous_Project02/Content/LevelPrototyping/LevelPrototypes/TeamFolder(RenameWhatYouWant)/_GENERATED/prana/Box_13DB03B4.uexp" 1725
"C:/Users/symbi/Documents/School Stuff/LvlDesign2/Project2/Emily/LvlDesign02_TeamLuminous_Project02/Content/LevelPrototyping/LevelPrototypes/TeamFolder(RenameWhatYouWant)/_GENERATED/prana/Box_25A952D3.ubulk" 1726
"C:/Users/symbi/Documents/School Stuff/LvlDesign2/Project2/Emily/LvlDesign02_TeamLuminous_Project02/Content/LevelPrototyping/LevelPrototypes/TeamFolder(RenameWhatYouWant)/_GENERATED/prana/Box_25A952D3.uasset" 1727
"C:/Users/symbi/Documents/School Stuff/LvlDesign2/Project2/Emily/LvlDesign02_TeamLuminous_Project02/Content/LevelPrototyping/LevelPrototypes/TeamFolder(RenameWhatYouWant)/_GENERATED/prana/Box_25A952D3.uexp" 1728
"C:/Users/symbi/Documents/School Stuff/LvlDesign2/Project2/Emily/LvlDesign02_TeamLuminous_Project02/Content/LevelPrototyping/LevelPrototypes/TeamFolder(RenameWhatYouWant)/_GENERATED/prana/Box_820F80A1.ubulk" 1729
"C:/Users/symbi/Documents/School Stuff/LvlDesign2/Project2/Emily/LvlDesign02_TeamLuminous_Project02/Content/LevelPrototyping/LevelPrototypes/TeamFolder(RenameWhatYouWant)/_GENERATED/prana/Box_820F80A1.uasset" 1730
"C:/Users/symbi/Documents/School Stuff/LvlDesign2/Project2/Emily/LvlDesign02_TeamLuminous_Project02/Content/LevelPrototyping/LevelPrototypes/TeamFolder(RenameWhatYouWant)/_GENERATED/prana/Box_820F80A1.uexp" 1731
"C:/Users/symbi/Documents/School Stuff/LvlDesign2/Project2/Emily/LvlDesign02_TeamLuminous_Project02/Content/LevelPrototyping/LevelPrototypes/TeamFolder(RenameWhatYouWant)/_GENERATED/prana/Box_94B3B83E.ubulk" 1732
"C:/Users/symbi/Documents/School Stuff/LvlDesign2/Project2/Emily/LvlDesign02_TeamLuminous_Project02/Content/LevelPrototyping/LevelPrototypes/TeamFolder(RenameWhatYouWant)/_GENERATED/prana/Box_94B3B83E.uasset" 1733
"C:/Users/symbi/Documents/School Stuff/LvlDesign2/Project2/Emily/LvlDesign02_TeamLuminous_Project02/Content/LevelPrototyping/LevelPrototypes/TeamFolder(RenameWhatYouWant)/_GENERATED/prana/Box_94B3B83E.uexp" 1734
"C:/Users/symbi/Documents/School Stuff/LvlDesign2/Project2/Emily/LvlDesign02_TeamLuminous_Project02/Content/LevelPrototyping/LevelPrototypes/TeamFolder(RenameWhatYouWant)/_GENERATED/prana/Box_EB83916E.ubulk" 1735
"C:/Users/symbi/Documents/School Stuff/LvlDesign2/Project2/Emily/LvlDesign02_TeamLuminous_Project02/Content/LevelPrototyping/LevelPrototypes/TeamFolder(RenameWhatYouWant)/_GENERATED/prana/Box_EB83916E.uasset" 1736
"C:/Users/symbi/Documents/School Stuff/LvlDesign2/Project2/Emily/LvlDesign02_TeamLuminous_Project02/Content/LevelPrototyping/LevelPrototypes/TeamFolder(RenameWhatYouWant)/_GENERATED/prana/Box_EB83916E.uexp" 1737
"C:/Users/symbi/Documents/School Stuff/LvlDesign2/Project2/Emily/LvlDesign02_TeamLuminous_Project02/Content/LevelPrototyping/LevelPrototypes/TeamFolder(RenameWhatYouWant)/_GENERATED/prana/Box_F8929E62.ubulk" 1738
"C:/Users/symbi/Documents/School Stuff/LvlDesign2/Project2/Emily/LvlDesign02_TeamLuminous_Project02/Content/LevelPrototyping/LevelPrototypes/TeamFolder(RenameWhatYouWant)/_GENERATED/prana/Box_F8929E62.uasset" 1739
"C:/Users/symbi/Documents/School Stuff/LvlDesign2/Project2/Emily/LvlDesign02_TeamLuminous_Project02/Content/LevelPrototyping/LevelPrototypes/TeamFolder(RenameWhatYouWant)/_GENERATED/prana/Box_F8929E62.uexp" 1740
"C:/Users/symbi/Documents/School Stuff/LvlDesign2/Project2/Emily/LvlDesign02_TeamLuminous_Project02/Content/LevelPrototyping/LevelPrototypes/TeamFolder(RenameWhatYouWant)/_GENERATED/prana/Combined_70B9E14F.ubulk" 1741
"C:/Users/symbi/Documents/School Stuff/LvlDesign2/Project2/Emily/LvlDesign02_TeamLuminous_Project02/Content/LevelPrototyping/LevelPrototypes/TeamFolder(RenameWhatYouWant)/_GENERATED/prana/Combined_70B9E14F.uasset" 1742
"C:/Users/symbi/Documents/School Stuff/LvlDesign2/Project2/Emily/LvlDesign02_TeamLuminous_Project02/Content/LevelPrototyping/LevelPrototypes/TeamFolder(RenameWhatYouWant)/_GENERATED/prana/Combined_70B9E14F.uexp" 1743
"C:/Users/symbi/Documents/School Stuff/LvlDesign2/Project2/Emily/LvlDesign02_TeamLuminous_Project02/Content/LevelPrototyping/LevelPrototypes/TeamFolder(RenameWhatYouWant)/_GENERATED/prana/Sphere_BECE814B.ubulk" 1744
"C:/Users/symbi/Documents/School Stuff/LvlDesign2/Project2/Emily/LvlDesign02_TeamLuminous_Project02/Content/LevelPrototyping/LevelPrototypes/TeamFolder(RenameWhatYouWant)/_GENERATED/prana/Sphere_BECE814B.uasset" 1745
"C:/Users/symbi/Documents/School Stuff/LvlDesign2/Project2/Emily/LvlDesign02_TeamLuminous_Project02/Content/LevelPrototyping/LevelPrototypes/TeamFolder(RenameWhatYouWant)/_GENERATED/prana/Sphere_BECE814B.uexp" 1746
"C:/Users/symbi/Documents/School Stuff/LvlDesign2/Project2/Emily/LvlDesign02_TeamLuminous_Project02/Content/LevelPrototyping/LevelPrototypes/TeamFolder(RenameWhatYouWant)/_GENERATED/prana/Stairs_579F0847.ubulk" 1747
"C:/Users/symbi/Documents/School Stuff/LvlDesign2/Project2/Emily/LvlDesign02_TeamLuminous_Project02/Content/LevelPrototyping/LevelPrototypes/TeamFolder(RenameWhatYouWant)/_GENERATED/prana/Stairs_579F0847.uasset" 1748
"C:/Users/symbi/Documents/School Stuff/LvlDesign2/Project2/Emily/LvlDesign02_TeamLuminous_Project02/Content/LevelPrototyping/LevelPrototypes/TeamFolder(RenameWhatYouWant)/_GENERATED/prana/Stairs_579F0847.uexp" 1749
"C:/Users/symbi/Documents/School Stuff/LvlDesign2/Project2/Emily/LvlDesign02_TeamLuminous_Project02/Content/LevelPrototyping/LevelPrototypes/TeamFolder(RenameWhatYouWant)/_GENERATED/symbi/Combined_DD9DF72D.ubulk" 1750
"C:/Users/symbi/Documents/School Stuff/LvlDesign2/Project2/Emily/LvlDesign02_TeamLuminous_Project02/Content/LevelPrototyping/LevelPrototypes/TeamFolder(RenameWhatYouWant)/_GENERATED/symbi/Combined_DD9DF72D.uasset" 1751
"C:/Users/symbi/Documents/School Stuff/LvlDesign2/Project2/Emily/LvlDesign02_TeamLuminous_Project02/Content/LevelPrototyping/LevelPrototypes/TeamFolder(RenameWhatYouWant)/_GENERATED/symbi/Combined_DD9DF72D.uexp" 1752
"C:/Users/symbi/Documents/School Stuff/LvlDesign2/Project2/Emily/LvlDesign02_TeamLuminous_Project02/Content/LevelPrototyping/LevelPrototypes/TeamFolder(RenameWhatYouWant)/_GENERATED/prana/Boolean_2D95DB4B.ubulk" 1753
"C:/Users/symbi/Documents/School Stuff/LvlDesign2/Project2/Emily/LvlDesign02_TeamLuminous_Project02/Content/LevelPrototyping/LevelPrototypes/TeamFolder(RenameWhatYouWant)/_GENERATED/prana/Boolean_2D95DB4B.uasset" 1754
"C:/Users/symbi/Documents/School Stuff/LvlDesign2/Project2/Emily/LvlDesign02_TeamLuminous_Project02/Content/LevelPrototyping/LevelPrototypes/TeamFolder(RenameWhatYouWant)/_GENERATED/prana/Boolean_2D95DB4B.uexp" 1755
"C:/Users/symbi/Documents/School Stuff/LvlDesign2/Project2/Emily/LvlDesign02_TeamLuminous_Project02/Content/LevelPrototyping/LevelPrototypes/TeamFolder(RenameWhatYouWant)/_GENERATED/prana/Boolean_74F2D832.ubulk" 1756
"C:/Users/symbi/Documents/School Stuff/LvlDesign2/Project2/Emily/LvlDesign02_TeamLuminous_Project02/Content/LevelPrototyping/LevelPrototypes/TeamFolder(RenameWhatYouWant)/_GENERATED/prana/Boolean_74F2D832.uasset" 1757
"C:/Users/symbi/Documents/School Stuff/LvlDesign2/Project2/Emily/LvlDesign02_TeamLuminous_Project02/Content/LevelPrototyping/LevelPrototypes/TeamFolder(RenameWhatYouWant)/_GENERATED/prana/Boolean_74F2D832.uexp" 1758
"C:/Users/symbi/Documents/School Stuff/LvlDesign2/Project2/Emily/LvlDesign02_TeamLuminous_Project02/Content/LevelPrototyping/LevelPrototypes/TeamFolder(RenameWhatYouWant)/_GENERATED/prana/Boolean_9C3AC173.ubulk" 1759
"C:/Users/symbi/Documents/School Stuff/LvlDesign2/Project2/Emily/LvlDesign02_TeamLuminous_Project02/Content/LevelPrototyping/LevelPrototypes/TeamFolder(RenameWhatYouWant)/_GENERATED/prana/Boolean_9C3AC173.uasset" 1760
"C:/Users/symbi/Documents/School Stuff/LvlDesign2/Project2/Emily/LvlDesign02_TeamLuminous_Project02/Content/LevelPrototyping/LevelPrototypes/TeamFolder(RenameWhatYouWant)/_GENERATED/prana/Boolean_9C3AC173.uexp" 1761
"C:/Users/symbi/Documents/School Stuff/LvlDesign2/Project2/Emily/LvlDesign02_TeamLuminous_Project02/Content/LevelPrototyping/LevelPrototypes/TeamFolder(RenameWhatYouWant)/_GENERATED/prana/Capsule_16E535D7.ubulk" 1762
"C:/Users/symbi/Documents/School Stuff/LvlDesign2/Project2/Emily/LvlDesign02_TeamLuminous_Project02/Content/LevelPrototyping/LevelPrototypes/TeamFolder(RenameWhatYouWant)/_GENERATED/prana/Capsule_16E535D7.uasset" 1763
"C:/Users/symbi/Documents/School Stuff/LvlDesign2/Project2/Emily/LvlDesign02_TeamLuminous_Project02/Content/LevelPrototyping/LevelPrototypes/TeamFolder(RenameWhatYouWant)/_GENERATED/prana/Capsule_16E535D7.uexp" 1764
"C:/Users/symbi/Documents/School Stuff/LvlDesign2/Project2/Emily/LvlDesign02_TeamLuminous_Project02/Content/LevelPrototyping/LevelPrototypes/TeamFolder(RenameWhatYouWant)/_GENERATED/prana/Capsule_F8B9ADD1.ubulk" 1765
"C:/Users/symbi/Documents/School Stuff/LvlDesign2/Project2/Emily/LvlDesign02_TeamLuminous_Project02/Content/LevelPrototyping/LevelPrototypes/TeamFolder(RenameWhatYouWant)/_GENERATED/prana/Capsule_F8B9ADD1.uasset" 1766
"C:/Users/symbi/Documents/School Stuff/LvlDesign2/Project2/Emily/LvlDesign02_TeamLuminous_Project02/Content/LevelPrototyping/LevelPrototypes/TeamFolder(RenameWhatYouWant)/_GENERATED/prana/Capsule_F8B9ADD1.uexp" 1767
"C:/Users/symbi/Documents/School Stuff/LvlDesign2/Project2/Emily/LvlDesign02_TeamLuminous_Project02/Content/LevelPrototyping/LevelPrototypes/TeamFolder(RenameWhatYouWant)/_GENERATED/prana/Merge_0F1AABBF.ubulk" 1768
"C:/Users/symbi/Documents/School Stuff/LvlDesign2/Project2/Emily/LvlDesign02_TeamLuminous_Project02/Content/LevelPrototyping/LevelPrototypes/TeamFolder(RenameWhatYouWant)/_GENERATED/prana/Merge_0F1AABBF.uasset" 1769
"C:/Users/symbi/Documents/School Stuff/LvlDesign2/Project2/Emily/LvlDesign02_TeamLuminous_Project02/Content/LevelPrototyping/LevelPrototypes/TeamFolder(RenameWhatYouWant)/_GENERATED/prana/Merge_0F1AABBF.uexp" 1770
"C:/Users/symbi/Documents/School Stuff/LvlDesign2/Project2/Emily/LvlDesign02_TeamLuminous_Project02/Content/LevelPrototyping/LevelPrototypes/TeamFolder(RenameWhatYouWant)/_GENERATED/prana/Merge_A26C2015.ubulk" 1771
"C:/Users/symbi/Documents/School Stuff/LvlDesign2/Project2/Emily/LvlDesign02_TeamLuminous_Project02/Content/LevelPrototyping/LevelPrototypes/TeamFolder(RenameWhatYouWant)/_GENERATED/prana/Merge_A26C2015.uasset" 1772
"C:/Users/symbi/Documents/School Stuff/LvlDesign2/Project2/Emily/LvlDesign02_TeamLuminous_Project02/Content/LevelPrototyping/LevelPrototypes/TeamFolder(RenameWhatYouWant)/_GENERATED/prana/Merge_A26C2015.uexp" 1773
"C:/Users/symbi/Documents/School Stuff/LvlDesign2/Project2/Emily/LvlDesign02_TeamLuminous_Project02/Content/LevelPrototyping/LevelPrototypes/TeamFolderRenameWhatYouWant/TeamBSide_Level.uexp" 1774
"C:/Users/symbi/Documents/School Stuff/LvlDesign2/Project2/Emily/LvlDesign02_TeamLuminous_Project02/Content/LevelPrototyping/LevelPrototypes/TeamFolderRenameWhatYouWant/TeamBSide_Level.umap" 1775
"C:/Users/symbi/Documents/School Stuff/LvlDesign2/Project2/Emily/LvlDesign02_TeamLuminous_Project02/Content/LevelPrototyping/Materials/MI_DefaultColorway_InstYellow.uasset" 1776
"C:/Users/symbi/Documents/School Stuff/LvlDesign2/Project2/Emily/LvlDesign02_TeamLuminous_Project02/Content/LevelPrototyping/Materials/MI_DefaultColorway_InstYellow.uexp" 1777
"C:/Users/symbi/Documents/School Stuff/LvlDesign2/Project2/Emily/LvlDesign02_TeamLuminous_Project02/Content/LevelPrototyping/Materials/MI_DefaultColorway_InstLight.uasset" 1778
"C:/Users/symbi/Documents/School Stuff/LvlDesign2/Project2/Emily/LvlDesign02_TeamLuminous_Project02/Content/LevelPrototyping/Materials/MI_DefaultColorway_InstLight.uexp" 1779
"C:/Users/symbi/Documents/School Stuff/LvlDesign2/Project2/Emily/LvlDesign02_TeamLuminous_Project02/Content/LevelPrototyping/LevelPrototypes/TeamFolder(RenameWhatYouWant)/_GENERATED/symbi/Boolean_38450EDC.ubulk" 1780
"C:/Users/symbi/Documents/School Stuff/LvlDesign2/Project2/Emily/LvlDesign02_TeamLuminous_Project02/Content/LevelPrototyping/LevelPrototypes/TeamFolder(RenameWhatYouWant)/_GENERATED/symbi/Boolean_38450EDC.uasset" 1781
"C:/Users/symbi/Documents/School Stuff/LvlDesign2/Project2/Emily/LvlDesign02_TeamLuminous_Project02/Content/LevelPrototyping/LevelPrototypes/TeamFolder(RenameWhatYouWant)/_GENERATED/symbi/Boolean_38450EDC.uexp" 1782
"C:/Users/symbi/Documents/School Stuff/LvlDesign2/Project2/Emily/LvlDesign02_TeamLuminous_Project02/Content/LevelPrototyping/LevelPrototypes/TeamFolder(RenameWhatYouWant)/_GENERATED/symbi/Boolean_3A055218.ubulk" 1783
"C:/Users/symbi/Documents/School Stuff/LvlDesign2/Project2/Emily/LvlDesign02_TeamLuminous_Project02/Content/LevelPrototyping/LevelPrototypes/TeamFolder(RenameWhatYouWant)/_GENERATED/symbi/Boolean_3A055218.uasset" 1784
"C:/Users/symbi/Documents/School Stuff/LvlDesign2/Project2/Emily/LvlDesign02_TeamLuminous_Project02/Content/LevelPrototyping/LevelPrototypes/TeamFolder(RenameWhatYouWant)/_GENERATED/symbi/Boolean_3A055218.uexp" 1785
"C:/Users/symbi/Documents/School Stuff/LvlDesign2/Project2/Emily/LvlDesign02_TeamLuminous_Project02/Content/LevelPrototyping/LevelPrototypes/TeamFolder(RenameWhatYouWant)/_GENERATED/symbi/Boolean_49B88DF5.ubulk" 1786
"C:/Users/symbi/Documents/School Stuff/LvlDesign2/Project2/Emily/LvlDesign02_TeamLuminous_Project02/Content/LevelPrototyping/LevelPrototypes/TeamFolder(RenameWhatYouWant)/_GENERATED/symbi/Boolean_49B88DF5.uasset" 1787
"C:/Users/symbi/Documents/School Stuff/LvlDesign2/Project2/Emily/LvlDesign02_TeamLuminous_Project02/Content/LevelPrototyping/LevelPrototypes/TeamFolder(RenameWhatYouWant)/_GENERATED/symbi/Boolean_49B88DF5.uexp" 1788
"C:/Users/symbi/Documents/School Stuff/LvlDesign2/Project2/Emily/LvlDesign02_TeamLuminous_Project02/Content/LevelPrototyping/LevelPrototypes/TeamFolder(RenameWhatYouWant)/_GENERATED/symbi/Boolean_6224C0F1.ubulk" 1789
"C:/Users/symbi/Documents/School Stuff/LvlDesign2/Project2/Emily/LvlDesign02_TeamLuminous_Project02/Content/LevelPrototyping/LevelPrototypes/TeamFolder(RenameWhatYouWant)/_GENERATED/symbi/Boolean_6224C0F1.uasset" 1790
"C:/Users/symbi/Documents/School Stuff/LvlDesign2/Project2/Emily/LvlDesign02_TeamLuminous_Project02/Content/LevelPrototyping/LevelPrototypes/TeamFolder(RenameWhatYouWant)/_GENERATED/symbi/Boolean_6224C0F1.uexp" 1791
"C:/Users/symbi/Documents/School Stuff/LvlDesign2/Project2/Emily/LvlDesign02_TeamLuminous_Project02/Content/LevelPrototyping/LevelPrototypes/TeamFolder(RenameWhatYouWant)/_GENERATED/symbi/Boolean_783917D1.ubulk" 1792
"C:/Users/symbi/Documents/School Stuff/LvlDesign2/Project2/Emily/LvlDesign02_TeamLuminous_Project02/Content/LevelPrototyping/LevelPrototypes/TeamFolder(RenameWhatYouWant)/_GENERATED/symbi/Boolean_783917D1.uasset" 1793
"C:/Users/symbi/Documents/School Stuff/LvlDesign2/Project2/Emily/LvlDesign02_TeamLuminous_Project02/Content/LevelPrototyping/LevelPrototypes/TeamFolder(RenameWhatYouWant)/_GENERATED/symbi/Boolean_783917D1.uexp" 1794
"C:/Users/symbi/Documents/School Stuff/LvlDesign2/Project2/Emily/LvlDesign02_TeamLuminous_Project02/Content/LevelPrototyping/LevelPrototypes/TeamFolder(RenameWhatYouWant)/_GENERATED/symbi/Boolean_9C416461.ubulk" 1795
"C:/Users/symbi/Documents/School Stuff/LvlDesign2/Project2/Emily/LvlDesign02_TeamLuminous_Project02/Content/LevelPrototyping/LevelPrototypes/TeamFolder(RenameWhatYouWant)/_GENERATED/symbi/Boolean_9C416461.uasset" 1796
"C:/Users/symbi/Documents/School Stuff/LvlDesign2/Project2/Emily/LvlDesign02_TeamLuminous_Project02/Content/LevelPrototyping/LevelPrototypes/TeamFolder(RenameWhatYouWant)/_GENERATED/symbi/Boolean_9C416461.uexp" 1797
"C:/Users/symbi/Documents/School Stuff/LvlDesign2/Project2/Emily/LvlDesign02_TeamLuminous_Project02/Content/LevelPrototyping/LevelPrototypes/TeamFolder(RenameWhatYouWant)/_GENERATED/symbi/Boolean_9EF262F5.ubulk" 1798
"C:/Users/symbi/Documents/School Stuff/LvlDesign2/Project2/Emily/LvlDesign02_TeamLuminous_Project02/Content/LevelPrototyping/LevelPrototypes/TeamFolder(RenameWhatYouWant)/_GENERATED/symbi/Boolean_9EF262F5.uasset" 1799
"C:/Users/symbi/Documents/School Stuff/LvlDesign2/Project2/Emily/LvlDesign02_TeamLuminous_Project02/Content/LevelPrototyping/LevelPrototypes/TeamFolder(RenameWhatYouWant)/_GENERATED/symbi/Boolean_9EF262F5.uexp" 1800
"C:/Users/symbi/Documents/School Stuff/LvlDesign2/Project2/Emily/LvlDesign02_TeamLuminous_Project02/Content/LevelPrototyping/LevelPrototypes/TeamFolder(RenameWhatYouWant)/_GENERATED/symbi/Boolean_BFC5858C.ubulk" 1801
"C:/Users/symbi/Documents/School Stuff/LvlDesign2/Project2/Emily/LvlDesign02_TeamLuminous_Project02/Content/LevelPrototyping/LevelPrototypes/TeamFolder(RenameWhatYouWant)/_GENERATED/symbi/Boolean_BFC5858C.uasset" 1802
"C:/Users/symbi/Documents/School Stuff/LvlDesign2/Project2/Emily/LvlDesign02_TeamLuminous_Project02/Content/LevelPrototyping/LevelPrototypes/TeamFolder(RenameWhatYouWant)/_GENERATED/symbi/Boolean_BFC5858C.uexp" 1803
"C:/Users/symbi/Documents/School Stuff/LvlDesign2/Project2/Emily/LvlDesign02_TeamLuminous_Project02/Content/LevelPrototyping/LevelPrototypes/TeamFolder(RenameWhatYouWant)/_GENERATED/symbi/Boolean_C1856CEF.ubulk" 1804
"C:/Users/symbi/Documents/School Stuff/LvlDesign2/Project2/Emily/LvlDesign02_TeamLuminous_Project02/Content/LevelPrototyping/LevelPrototypes/TeamFolder(RenameWhatYouWant)/_GENERATED/symbi/Boolean_C1856CEF.uasset" 1805
"C:/Users/symbi/Documents/School Stuff/LvlDesign2/Project2/Emily/LvlDesign02_TeamLuminous_Project02/Content/LevelPrototyping/LevelPrototypes/TeamFolder(RenameWhatYouWant)/_GENERATED/symbi/Boolean_C1856CEF.uexp" 1806
"C:/Users/symbi/Documents/School Stuff/LvlDesign2/Project2/Emily/LvlDesign02_TeamLuminous_Project02/Content/LevelPrototyping/LevelPrototypes/TeamFolder(RenameWhatYouWant)/_GENERATED/symbi/Boolean_D192A218.ubulk" 1807
"C:/Users/symbi/Documents/School Stuff/LvlDesign2/Project2/Emily/LvlDesign02_TeamLuminous_Project02/Content/LevelPrototyping/LevelPrototypes/TeamFolder(RenameWhatYouWant)/_GENERATED/symbi/Boolean_D192A218.uasset" 1808
"C:/Users/symbi/Documents/School Stuff/LvlDesign2/Project2/Emily/LvlDesign02_TeamLuminous_Project02/Content/LevelPrototyping/LevelPrototypes/TeamFolder(RenameWhatYouWant)/_GENERATED/symbi/Boolean_D192A218.uexp" 1809
"C:/Users/symbi/Documents/School Stuff/LvlDesign2/Project2/Emily/LvlDesign02_TeamLuminous_Project02/Content/LevelPrototyping/LevelPrototypes/TeamFolder(RenameWhatYouWant)/_GENERATED/symbi/Boolean_E92082AB.ubulk" 1810
"C:/Users/symbi/Documents/School Stuff/LvlDesign2/Project2/Emily/LvlDesign02_TeamLuminous_Project02/Content/LevelPrototyping/LevelPrototypes/TeamFolder(RenameWhatYouWant)/_GENERATED/symbi/Boolean_E92082AB.uasset" 1811
"C:/Users/symbi/Documents/School Stuff/LvlDesign2/Project2/Emily/LvlDesign02_TeamLuminous_Project02/Content/LevelPrototyping/LevelPrototypes/TeamFolder(RenameWhatYouWant)/_GENERATED/symbi/Boolean_E92082AB.uexp" 1812
"C:/Users/symbi/Documents/School Stuff/LvlDesign2/Project2/Emily/LvlDesign02_TeamLuminous_Project02/Content/LevelPrototyping/LevelPrototypes/TeamFolder(RenameWhatYouWant)/_GENERATED/symbi/Boolean_FD305631.ubulk" 1813
"C:/Users/symbi/Documents/School Stuff/LvlDesign2/Project2/Emily/LvlDesign02_TeamLuminous_Project02/Content/LevelPrototyping/LevelPrototypes/TeamFolder(RenameWhatYouWant)/_GENERATED/symbi/Boolean_FD305631.uasset" 1814
"C:/Users/symbi/Documents/School Stuff/LvlDesign2/Project2/Emily/LvlDesign02_TeamLuminous_Project02/Content/LevelPrototyping/LevelPrototypes/TeamFolder(RenameWhatYouWant)/_GENERATED/symbi/Boolean_FD305631.uexp" 1815
"C:/Users/symbi/Documents/School Stuff/LvlDesign2/Project2/Emily/LvlDesign02_TeamLuminous_Project02/Content/LevelPrototyping/LevelPrototypes/TeamFolder(RenameWhatYouWant)/_GENERATED/symbi/Combined_B9DDD1B8.ubulk" 1816
"C:/Users/symbi/Documents/School Stuff/LvlDesign2/Project2/Emily/LvlDesign02_TeamLuminous_Project02/Content/LevelPrototyping/LevelPrototypes/TeamFolder(RenameWhatYouWant)/_GENERATED/symbi/Combined_B9DDD1B8.uasset" 1817
"C:/Users/symbi/Documents/School Stuff/LvlDesign2/Project2/Emily/LvlDesign02_TeamLuminous_Project02/Content/LevelPrototyping/LevelPrototypes/TeamFolder(RenameWhatYouWant)/_GENERATED/symbi/Combined_B9DDD1B8.uexp" 1818
"C:/Users/symbi/Documents/School Stuff/LvlDesign2/Project2/Emily/LvlDesign02_TeamLuminous_Project02/Content/LevelPrototyping/LevelPrototypes/TeamFolder(RenameWhatYouWant)/_GENERATED/symbi/Combined_CFA3B627.ubulk" 1819
"C:/Users/symbi/Documents/School Stuff/LvlDesign2/Project2/Emily/LvlDesign02_TeamLuminous_Project02/Content/LevelPrototyping/LevelPrototypes/TeamFolder(RenameWhatYouWant)/_GENERATED/symbi/Combined_CFA3B627.uasset" 1820
"C:/Users/symbi/Documents/School Stuff/LvlDesign2/Project2/Emily/LvlDesign02_TeamLuminous_Project02/Content/LevelPrototyping/LevelPrototypes/TeamFolder(RenameWhatYouWant)/_GENERATED/symbi/Combined_CFA3B627.uexp" 1821
"C:/Users/symbi/Documents/School Stuff/LvlDesign2/Project2/Emily/LvlDesign02_TeamLuminous_Project02/Content/LevelPrototyping/LevelPrototypes/TeamFolder(RenameWhatYouWant)/_GENERATED/symbi/Boolean_A63453D9.ubulk" 1822
"C:/Users/symbi/Documents/School Stuff/LvlDesign2/Project2/Emily/LvlDesign02_TeamLuminous_Project02/Content/LevelPrototyping/LevelPrototypes/TeamFolder(RenameWhatYouWant)/_GENERATED/symbi/Boolean_A63453D9.uasset" 1823
"C:/Users/symbi/Documents/School Stuff/LvlDesign2/Project2/Emily/LvlDesign02_TeamLuminous_Project02/Content/LevelPrototyping/LevelPrototypes/TeamFolder(RenameWhatYouWant)/_GENERATED/symbi/Boolean_A63453D9.uexp" 1824
"C:/Users/symbi/Documents/School Stuff/LvlDesign2/Project2/Emily/LvlDesign02_TeamLuminous_Project02/Content/LevelPrototyping/LevelPrototypes/TeamFolderRenameWhatYouWant/TeamASide_Level.uexp" 1825
"C:/Users/symbi/Documents/School Stuff/LvlDesign2/Project2/Emily/LvlDesign02_TeamLuminous_Project02/Content/LevelPrototyping/LevelPrototypes/TeamFolderRenameWhatYouWant/TeamASide_Level.umap" 1826
"C:/Users/symbi/Documents/School Stuff/LvlDesign2/Project2/Emily/LvlDesign02_TeamLuminous_Project02/Content/LevelPrototyping/LevelPrototypes/TeamFolder(RenameWhatYouWant)/TeamSandbox_PracticeRange.uexp" 1827
"C:/Users/symbi/Documents/School Stuff/LvlDesign2/Project2/Emily/LvlDesign02_TeamLuminous_Project02/Content/LevelPrototyping/LevelPrototypes/TeamFolder(RenameWhatYouWant)/TeamSandbox_PracticeRange.umap" 1828
"C:/Users/symbi/Documents/School Stuff/LvlDesign2/Project2/Emily/LvlDesign02_TeamLuminous_Project02/Content/LevelPrototyping/LevelPrototypes/TeamFolder(RenameWhatYouWant)/TeamNoMansUpper_Level.uexp" 1829
"C:/Users/symbi/Documents/School Stuff/LvlDesign2/Project2/Emily/LvlDesign02_TeamLuminous_Project02/Content/LevelPrototyping/LevelPrototypes/TeamFolder(RenameWhatYouWant)/TeamNoMansUpper_Level.umap" 1830
"C:/Users/symbi/Documents/School Stuff/LvlDesign2/Project2/Emily/LvlDesign02_TeamLuminous_Project02/Content/LevelPrototyping/LevelPrototypes/TeamFolder(RenameWhatYouWant)/TeamNoMansUnder_Level.uexp" 1831
"C:/Users/symbi/Documents/School Stuff/LvlDesign2/Project2/Emily/LvlDesign02_TeamLuminous_Project02/Content/LevelPrototyping/LevelPrototypes/TeamFolder(RenameWhatYouWant)/TeamNoMansUnder_Level.umap" 1832
"C:/Users/symbi/Documents/School Stuff/LvlDesign2/Project2/Emily/LvlDesign02_TeamLuminous_Project02/Content/LevelPrototyping/LevelPrototypes/TeamFolder(RenameWhatYouWant)/TeamBSide_Level.uexp" 1833
"C:/Users/symbi/Documents/School Stuff/LvlDesign2/Project2/Emily/LvlDesign02_TeamLuminous_Project02/Content/LevelPrototyping/LevelPrototypes/TeamFolder(RenameWhatYouWant)/TeamBSide_Level.umap" 1834
"../../../Engine/Content/TemplateResources/M_Template_Master.uasset" 1835
"../../../Engine/Content/TemplateResources/M_Template_Master.uexp" 1836
"../../../Engine/Content/TemplateResources/MI_Template_BaseGray.uasset" 1837
"../../../Engine/Content/TemplateResources/MI_Template_BaseGray.uexp" 1838
"../../../Engine/Content/EngineSky/T_Sky_Stars.ubulk" 1839
"../../../Engine/Content/EngineSky/T_Sky_Stars.uasset" 1840
"../../../Engine/Content/EngineSky/T_Sky_Stars.uexp" 1841
"../../../Engine/Content/EngineSky/T_Sky_Clouds_M.ubulk" 1842
"../../../Engine/Content/EngineSky/T_Sky_Clouds_M.uasset" 1843
"../../../Engine/Content/EngineSky/T_Sky_Clouds_M.uexp" 1844
"../../../Engine/Content/EngineSky/T_Sky_Blue.ubulk" 1845
"../../../Engine/Content/EngineSky/T_Sky_Blue.uasset" 1846
"../../../Engine/Content/EngineSky/T_Sky_Blue.uexp" 1847
"../../../Engine/Content/EngineSky/M_Sky_Panning_Clouds2.uasset" 1848
"../../../Engine/Content/EngineSky/M_Sky_Panning_Clouds2.uexp" 1849
"../../../Engine/Content/EngineSky/SM_SkySphere.ubulk" 1850
"../../../Engine/Content/EngineSky/SM_SkySphere.uasset" 1851
"../../../Engine/Content/EngineSky/SM_SkySphere.uexp" 1852
"../../../Engine/Content/EngineSky/M_SimpleSkyDome.uasset" 1853
"../../../Engine/Content/EngineSky/M_SimpleSkyDome.uexp" 1854
"C:/Users/symbi/Documents/School Stuff/LvlDesign2/Project2/Emily/LvlDesign02_TeamLuminous_Project02/Content/LevelPrototyping/Sequences/Opening_Cinematic.uasset" 1855
"C:/Users/symbi/Documents/School Stuff/LvlDesign2/Project2/Emily/LvlDesign02_TeamLuminous_Project02/Content/LevelPrototyping/Sequences/Opening_Cinematic.uexp" 1856
"../../../Engine/Content/EngineResources/DefaultTexture.ubulk" 1857
"../../../Engine/Content/EngineResources/DefaultTexture.uasset" 1858
"../../../Engine/Content/EngineResources/DefaultTexture.uexp" 1859
"../../../Engine/Content/EngineMaterials/DefaultNormal.ubulk" 1860
"../../../Engine/Content/EngineMaterials/DefaultNormal.uasset" 1861
"../../../Engine/Content/EngineMaterials/DefaultNormal.uexp" 1862
"../../../Engine/Content/Functions/Engine_MaterialFunctions02/Texturing/CustomRotator.uasset" 1863
"../../../Engine/Content/Functions/Engine_MaterialFunctions02/Texturing/CustomRotator.uexp" 1864
"../../../Engine/Content/Functions/Engine_MaterialFunctions02/Math/CreateThirdOrthogonalVector.uasset" 1865
"../../../Engine/Content/Functions/Engine_MaterialFunctions02/Math/CreateThirdOrthogonalVector.uexp" 1866
"../../../Engine/Content/EngineMaterials/DefaultNormal_Uncompressed.ubulk" 1867
"../../../Engine/Content/EngineMaterials/DefaultNormal_Uncompressed.uasset" 1868
"../../../Engine/Content/EngineMaterials/DefaultNormal_Uncompressed.uexp" 1869
"../../../Engine/Content/Functions/Engine_MaterialFunctions02/WorldAlignedNormals_HighQuality.uasset" 1870
"../../../Engine/Content/Functions/Engine_MaterialFunctions02/WorldAlignedNormals_HighQuality.uexp" 1871
"../../../Engine/Content/Functions/Engine_MaterialFunctions02/Texturing/HeightLerpWithTwoHeightMaps.uasset" 1872
"../../../Engine/Content/Functions/Engine_MaterialFunctions02/Texturing/HeightLerpWithTwoHeightMaps.uexp" 1873
"../../../Engine/Content/Functions/Engine_MaterialFunctions02/Texturing/WorldAlignedTextures_Complex.uasset" 1874
"../../../Engine/Content/Functions/Engine_MaterialFunctions02/Texturing/WorldAlignedTextures_Complex.uexp" 1875
"../../../Engine/Plugins/Enterprise/DatasmithContent/Content/Materials/FBXImporter/DeltaGenUVEdit.uasset" 1876
"../../../Engine/Plugins/Enterprise/DatasmithContent/Content/Materials/FBXImporter/DeltaGenUVEdit.uexp" 1877
"../../../Engine/Plugins/Enterprise/DatasmithContent/Content/Materials/FBXImporter/DeltaGenBase.uasset" 1878
"../../../Engine/Plugins/Enterprise/DatasmithContent/Content/Materials/FBXImporter/DeltaGenBase.uexp" 1879
"../../../Engine/Plugins/Enterprise/DatasmithContent/Content/Materials/FBXImporter/DeltaGenReferenceClearCoat.uasset" 1880
"../../../Engine/Plugins/Enterprise/DatasmithContent/Content/Materials/FBXImporter/DeltaGenReferenceClearCoat.uexp" 1881
"C:/Users/symbi/Documents/School Stuff/LvlDesign2/Project2/Emily/LvlDesign02_TeamLuminous_Project02/Content/LevelPrototyping/Particles/Fountain.uasset" 1882
"C:/Users/symbi/Documents/School Stuff/LvlDesign2/Project2/Emily/LvlDesign02_TeamLuminous_Project02/Content/LevelPrototyping/Particles/Fountain.uexp" 1883
"C:/Users/symbi/Documents/School Stuff/LvlDesign2/Project2/Emily/LvlDesign02_TeamLuminous_Project02/Content/LevelPrototyping/Meshes/UpdatesNMUpper.ubulk" 1884
"C:/Users/symbi/Documents/School Stuff/LvlDesign2/Project2/Emily/LvlDesign02_TeamLuminous_Project02/Content/LevelPrototyping/Meshes/UpdatesNMUpper.uasset" 1885
"C:/Users/symbi/Documents/School Stuff/LvlDesign2/Project2/Emily/LvlDesign02_TeamLuminous_Project02/Content/LevelPrototyping/Meshes/UpdatesNMUpper.uexp" 1886
"C:/Users/symbi/Documents/School Stuff/LvlDesign2/Project2/Emily/LvlDesign02_TeamLuminous_Project02/Content/LevelPrototyping/Meshes/sidebox.ubulk" 1887
"C:/Users/symbi/Documents/School Stuff/LvlDesign2/Project2/Emily/LvlDesign02_TeamLuminous_Project02/Content/LevelPrototyping/Meshes/sidebox.uasset" 1888
"C:/Users/symbi/Documents/School Stuff/LvlDesign2/Project2/Emily/LvlDesign02_TeamLuminous_Project02/Content/LevelPrototyping/Meshes/sidebox.uexp" 1889
"C:/Users/symbi/Documents/School Stuff/LvlDesign2/Project2/Emily/LvlDesign02_TeamLuminous_Project02/Content/Variant_Shooter/Sounds/Luminous_Custom/LevelAmbient_Sound.ubulk" 1890
"C:/Users/symbi/Documents/School Stuff/LvlDesign2/Project2/Emily/LvlDesign02_TeamLuminous_Project02/Content/Variant_Shooter/Sounds/Luminous_Custom/LevelAmbient_Sound.uasset" 1891
"C:/Users/symbi/Documents/School Stuff/LvlDesign2/Project2/Emily/LvlDesign02_TeamLuminous_Project02/Content/Variant_Shooter/Sounds/Luminous_Custom/LevelAmbient_Sound.uexp" 1892
"C:/Users/symbi/Documents/School Stuff/LvlDesign2/Project2/Emily/LvlDesign02_TeamLuminous_Project02/Content/LevelPrototyping/LevelPrototypes/TeamFolder(RenameWhatYouWant)/_GENERATED/symbi/Sphere_C3035385.ubulk" 1893
"C:/Users/symbi/Documents/School Stuff/LvlDesign2/Project2/Emily/LvlDesign02_TeamLuminous_Project02/Content/LevelPrototyping/LevelPrototypes/TeamFolder(RenameWhatYouWant)/_GENERATED/symbi/Sphere_C3035385.uasset" 1894
"C:/Users/symbi/Documents/School Stuff/LvlDesign2/Project2/Emily/LvlDesign02_TeamLuminous_Project02/Content/LevelPrototyping/LevelPrototypes/TeamFolder(RenameWhatYouWant)/_GENERATED/symbi/Sphere_C3035385.uexp" 1895
"C:/Users/symbi/Documents/School Stuff/LvlDesign2/Project2/Emily/LvlDesign02_TeamLuminous_Project02/Content/LevelPrototyping/LevelPrototypes/TeamFolder(RenameWhatYouWant)/_GENERATED/jordanandrews/Box_AB3D23DD.ubulk" 1896
"C:/Users/symbi/Documents/School Stuff/LvlDesign2/Project2/Emily/LvlDesign02_TeamLuminous_Project02/Content/LevelPrototyping/LevelPrototypes/TeamFolder(RenameWhatYouWant)/_GENERATED/jordanandrews/Box_AB3D23DD.uasset" 1897
"C:/Users/symbi/Documents/School Stuff/LvlDesign2/Project2/Emily/LvlDesign02_TeamLuminous_Project02/Content/LevelPrototyping/LevelPrototypes/TeamFolder(RenameWhatYouWant)/_GENERATED/jordanandrews/Box_AB3D23DD.uexp" 1898
"C:/Users/symbi/Documents/School Stuff/LvlDesign2/Project2/Emily/LvlDesign02_TeamLuminous_Project02/Content/LevelPrototyping/LevelPrototypes/TeamFolder(RenameWhatYouWant)/_GENERATED/symbi/Boolean_973DE9DD.ubulk" 1899
"C:/Users/symbi/Documents/School Stuff/LvlDesign2/Project2/Emily/LvlDesign02_TeamLuminous_Project02/Content/LevelPrototyping/LevelPrototypes/TeamFolder(RenameWhatYouWant)/_GENERATED/symbi/Boolean_973DE9DD.uasset" 1900
"C:/Users/symbi/Documents/School Stuff/LvlDesign2/Project2/Emily/LvlDesign02_TeamLuminous_Project02/Content/LevelPrototyping/LevelPrototypes/TeamFolder(RenameWhatYouWant)/_GENERATED/symbi/Boolean_973DE9DD.uexp" 1901
"C:/Users/symbi/Documents/School Stuff/LvlDesign2/Project2/Emily/LvlDesign02_TeamLuminous_Project02/Content/LevelPrototyping/LevelPrototypes/TeamFolder(RenameWhatYouWant)/_GENERATED/jordanandrews/Box_99305F2E.ubulk" 1902
"C:/Users/symbi/Documents/School Stuff/LvlDesign2/Project2/Emily/LvlDesign02_TeamLuminous_Project02/Content/LevelPrototyping/LevelPrototypes/TeamFolder(RenameWhatYouWant)/_GENERATED/jordanandrews/Box_99305F2E.uasset" 1903
"C:/Users/symbi/Documents/School Stuff/LvlDesign2/Project2/Emily/LvlDesign02_TeamLuminous_Project02/Content/LevelPrototyping/LevelPrototypes/TeamFolder(RenameWhatYouWant)/_GENERATED/jordanandrews/Box_99305F2E.uexp" 1904
"C:/Users/symbi/Documents/School Stuff/LvlDesign2/Project2/Emily/LvlDesign02_TeamLuminous_Project02/Content/LevelPrototyping/LevelPrototypes/TeamFolder(RenameWhatYouWant)/_GENERATED/jordanandrews/Box_009B8638.ubulk" 1905
"C:/Users/symbi/Documents/School Stuff/LvlDesign2/Project2/Emily/LvlDesign02_TeamLuminous_Project02/Content/LevelPrototyping/LevelPrototypes/TeamFolder(RenameWhatYouWant)/_GENERATED/jordanandrews/Box_009B8638.uasset" 1906
"C:/Users/symbi/Documents/School Stuff/LvlDesign2/Project2/Emily/LvlDesign02_TeamLuminous_Project02/Content/LevelPrototyping/LevelPrototypes/TeamFolder(RenameWhatYouWant)/_GENERATED/jordanandrews/Box_009B8638.uexp" 1907
"C:/Users/symbi/Documents/School Stuff/LvlDesign2/Project2/Emily/LvlDesign02_TeamLuminous_Project02/Content/LevelPrototyping/LevelPrototypes/TeamFolder(RenameWhatYouWant)/_GENERATED/jordanandrews/Box_05DDC735.ubulk" 1908
"C:/Users/symbi/Documents/School Stuff/LvlDesign2/Project2/Emily/LvlDesign02_TeamLuminous_Project02/Content/LevelPrototyping/LevelPrototypes/TeamFolder(RenameWhatYouWant)/_GENERATED/jordanandrews/Box_05DDC735.uasset" 1909
"C:/Users/symbi/Documents/School Stuff/LvlDesign2/Project2/Emily/LvlDesign02_TeamLuminous_Project02/Content/LevelPrototyping/LevelPrototypes/TeamFolder(RenameWhatYouWant)/_GENERATED/jordanandrews/Box_05DDC735.uexp" 1910
"C:/Users/symbi/Documents/School Stuff/LvlDesign2/Project2/Emily/LvlDesign02_TeamLuminous_Project02/Content/LevelPrototyping/LevelPrototypes/TeamFolder(RenameWhatYouWant)/_GENERATED/jordanandrews/Box_0DFC112D.ubulk" 1911
"C:/Users/symbi/Documents/School Stuff/LvlDesign2/Project2/Emily/LvlDesign02_TeamLuminous_Project02/Content/LevelPrototyping/LevelPrototypes/TeamFolder(RenameWhatYouWant)/_GENERATED/jordanandrews/Box_0DFC112D.uasset" 1912
"C:/Users/symbi/Documents/School Stuff/LvlDesign2/Project2/Emily/LvlDesign02_TeamLuminous_Project02/Content/LevelPrototyping/LevelPrototypes/TeamFolder(RenameWhatYouWant)/_GENERATED/jordanandrews/Box_0DFC112D.uexp" 1913
"C:/Users/symbi/Documents/School Stuff/LvlDesign2/Project2/Emily/LvlDesign02_TeamLuminous_Project02/Content/LevelPrototyping/LevelPrototypes/TeamFolder(RenameWhatYouWant)/_GENERATED/jordanandrews/Box_5C3D4EA9.ubulk" 1914
"C:/Users/symbi/Documents/School Stuff/LvlDesign2/Project2/Emily/LvlDesign02_TeamLuminous_Project02/Content/LevelPrototyping/LevelPrototypes/TeamFolder(RenameWhatYouWant)/_GENERATED/jordanandrews/Box_5C3D4EA9.uasset" 1915
"C:/Users/symbi/Documents/School Stuff/LvlDesign2/Project2/Emily/LvlDesign02_TeamLuminous_Project02/Content/LevelPrototyping/LevelPrototypes/TeamFolder(RenameWhatYouWant)/_GENERATED/jordanandrews/Box_5C3D4EA9.uexp" 1916
"C:/Users/symbi/Documents/School Stuff/LvlDesign2/Project2/Emily/LvlDesign02_TeamLuminous_Project02/Content/LevelPrototyping/LevelPrototypes/TeamFolder(RenameWhatYouWant)/_GENERATED/jordanandrews/Box_90AACBBC.ubulk" 1917
"C:/Users/symbi/Documents/School Stuff/LvlDesign2/Project2/Emily/LvlDesign02_TeamLuminous_Project02/Content/LevelPrototyping/LevelPrototypes/TeamFolder(RenameWhatYouWant)/_GENERATED/jordanandrews/Box_90AACBBC.uasset" 1918
"C:/Users/symbi/Documents/School Stuff/LvlDesign2/Project2/Emily/LvlDesign02_TeamLuminous_Project02/Content/LevelPrototyping/LevelPrototypes/TeamFolder(RenameWhatYouWant)/_GENERATED/jordanandrews/Box_90AACBBC.uexp" 1919
"C:/Users/symbi/Documents/School Stuff/LvlDesign2/Project2/Emily/LvlDesign02_TeamLuminous_Project02/Content/LevelPrototyping/LevelPrototypes/TeamFolder(RenameWhatYouWant)/_GENERATED/jordanandrews/Box_A6F5B8EC.ubulk" 1920
"C:/Users/symbi/Documents/School Stuff/LvlDesign2/Project2/Emily/LvlDesign02_TeamLuminous_Project02/Content/LevelPrototyping/LevelPrototypes/TeamFolder(RenameWhatYouWant)/_GENERATED/jordanandrews/Box_A6F5B8EC.uasset" 1921
"C:/Users/symbi/Documents/School Stuff/LvlDesign2/Project2/Emily/LvlDesign02_TeamLuminous_Project02/Content/LevelPrototyping/LevelPrototypes/TeamFolder(RenameWhatYouWant)/_GENERATED/jordanandrews/Box_A6F5B8EC.uexp" 1922
"C:/Users/symbi/Documents/School Stuff/LvlDesign2/Project2/Emily/LvlDesign02_TeamLuminous_Project02/Content/LevelPrototyping/LevelPrototypes/TeamFolder(RenameWhatYouWant)/_GENERATED/jordanandrews/Box_EF5AC80D.ubulk" 1923
"C:/Users/symbi/Documents/School Stuff/LvlDesign2/Project2/Emily/LvlDesign02_TeamLuminous_Project02/Content/LevelPrototyping/LevelPrototypes/TeamFolder(RenameWhatYouWant)/_GENERATED/jordanandrews/Box_EF5AC80D.uasset" 1924
"C:/Users/symbi/Documents/School Stuff/LvlDesign2/Project2/Emily/LvlDesign02_TeamLuminous_Project02/Content/LevelPrototyping/LevelPrototypes/TeamFolder(RenameWhatYouWant)/_GENERATED/jordanandrews/Box_EF5AC80D.uexp" 1925
"C:/Users/symbi/Documents/School Stuff/LvlDesign2/Project2/Emily/LvlDesign02_TeamLuminous_Project02/Content/LevelPrototyping/LevelPrototypes/TeamFolder(RenameWhatYouWant)/_GENERATED/jordanandrews/Cylinder_6ABF3C61.ubulk" 1926
"C:/Users/symbi/Documents/School Stuff/LvlDesign2/Project2/Emily/LvlDesign02_TeamLuminous_Project02/Content/LevelPrototyping/LevelPrototypes/TeamFolder(RenameWhatYouWant)/_GENERATED/jordanandrews/Cylinder_6ABF3C61.uasset" 1927
"C:/Users/symbi/Documents/School Stuff/LvlDesign2/Project2/Emily/LvlDesign02_TeamLuminous_Project02/Content/LevelPrototyping/LevelPrototypes/TeamFolder(RenameWhatYouWant)/_GENERATED/jordanandrews/Cylinder_6ABF3C61.uexp" 1928
"C:/Users/symbi/Documents/School Stuff/LvlDesign2/Project2/Emily/LvlDesign02_TeamLuminous_Project02/Content/LevelPrototyping/LevelPrototypes/TeamFolder(RenameWhatYouWant)/_GENERATED/jordanandrews/Merge_9C649734.ubulk" 1929
"C:/Users/symbi/Documents/School Stuff/LvlDesign2/Project2/Emily/LvlDesign02_TeamLuminous_Project02/Content/LevelPrototyping/LevelPrototypes/TeamFolder(RenameWhatYouWant)/_GENERATED/jordanandrews/Merge_9C649734.uasset" 1930
"C:/Users/symbi/Documents/School Stuff/LvlDesign2/Project2/Emily/LvlDesign02_TeamLuminous_Project02/Content/LevelPrototyping/LevelPrototypes/TeamFolder(RenameWhatYouWant)/_GENERATED/jordanandrews/Merge_9C649734.uexp" 1931
"C:/Users/symbi/Documents/School Stuff/LvlDesign2/Project2/Emily/LvlDesign02_TeamLuminous_Project02/Content/LevelPrototyping/LevelPrototypes/TeamFolderRenameWhatYouWant/TeamMain_LevelTest.uexp" 1932
"C:/Users/symbi/Documents/School Stuff/LvlDesign2/Project2/Emily/LvlDesign02_TeamLuminous_Project02/Content/LevelPrototyping/LevelPrototypes/TeamFolderRenameWhatYouWant/TeamMain_LevelTest.umap" 1933
"C:/Users/symbi/Documents/School Stuff/LvlDesign2/Project2/Emily/LvlDesign02_TeamLuminous_Project02/Content/LevelPrototyping/LevelPrototypes/TeamFolder(RenameWhatYouWant)/_GENERATED/symbi/Boolean_4BC23FC9.ubulk" 1934
"C:/Users/symbi/Documents/School Stuff/LvlDesign2/Project2/Emily/LvlDesign02_TeamLuminous_Project02/Content/LevelPrototyping/LevelPrototypes/TeamFolder(RenameWhatYouWant)/_GENERATED/symbi/Boolean_4BC23FC9.uasset" 1935
"C:/Users/symbi/Documents/School Stuff/LvlDesign2/Project2/Emily/LvlDesign02_TeamLuminous_Project02/Content/LevelPrototyping/LevelPrototypes/TeamFolder(RenameWhatYouWant)/_GENERATED/symbi/Boolean_4BC23FC9.uexp" 1936
"C:/Users/symbi/Documents/School Stuff/LvlDesign2/Project2/Emily/LvlDesign02_TeamLuminous_Project02/Content/LevelPrototyping/LevelPrototypes/TeamFolderRenameWhatYouWant/_GENERATED/symbi/Sphere_C3035385.ubulk" 1937
"C:/Users/symbi/Documents/School Stuff/LvlDesign2/Project2/Emily/LvlDesign02_TeamLuminous_Project02/Content/LevelPrototyping/LevelPrototypes/TeamFolderRenameWhatYouWant/_GENERATED/symbi/Sphere_C3035385.uasset" 1938
"C:/Users/symbi/Documents/School Stuff/LvlDesign2/Project2/Emily/LvlDesign02_TeamLuminous_Project02/Content/LevelPrototyping/LevelPrototypes/TeamFolderRenameWhatYouWant/_GENERATED/symbi/Sphere_C3035385.uexp" 1939
"C:/Users/symbi/Documents/School Stuff/LvlDesign2/Project2/Emily/LvlDesign02_TeamLuminous_Project02/Content/LevelPrototyping/LevelPrototypes/TeamFolderRenameWhatYouWant/_GENERATED/symbi/Boolean_A6004F6C.ubulk" 1940
"C:/Users/symbi/Documents/School Stuff/LvlDesign2/Project2/Emily/LvlDesign02_TeamLuminous_Project02/Content/LevelPrototyping/LevelPrototypes/TeamFolderRenameWhatYouWant/_GENERATED/symbi/Boolean_A6004F6C.uasset" 1941
"C:/Users/symbi/Documents/School Stuff/LvlDesign2/Project2/Emily/LvlDesign02_TeamLuminous_Project02/Content/LevelPrototyping/LevelPrototypes/TeamFolderRenameWhatYouWant/_GENERATED/symbi/Boolean_A6004F6C.uexp" 1942
"C:/Users/symbi/Documents/School Stuff/LvlDesign2/Project2/Emily/LvlDesign02_TeamLuminous_Project02/Content/LevelPrototyping/LevelPrototypes/TeamFolderRenameWhatYouWant/_GENERATED/symbi/Combined_23AB451B.ubulk" 1943
"C:/Users/symbi/Documents/School Stuff/LvlDesign2/Project2/Emily/LvlDesign02_TeamLuminous_Project02/Content/LevelPrototyping/LevelPrototypes/TeamFolderRenameWhatYouWant/_GENERATED/symbi/Combined_23AB451B.uasset" 1944
"C:/Users/symbi/Documents/School Stuff/LvlDesign2/Project2/Emily/LvlDesign02_TeamLuminous_Project02/Content/LevelPrototyping/LevelPrototypes/TeamFolderRenameWhatYouWant/_GENERATED/symbi/Combined_23AB451B.uexp" 1945
"C:/Users/symbi/Documents/School Stuff/LvlDesign2/Project2/Emily/LvlDesign02_TeamLuminous_Project02/Content/LevelPrototyping/LevelPrototypes/TeamFolder(RenameWhatYouWant)/TeamASide_Level.uexp" 1946
"C:/Users/symbi/Documents/School Stuff/LvlDesign2/Project2/Emily/LvlDesign02_TeamLuminous_Project02/Content/LevelPrototyping/LevelPrototypes/TeamFolder(RenameWhatYouWant)/TeamASide_Level.umap" 1947
