"C:/Users/symbi/Documents/School Stuff/LvlDesign2/Project2/Emily/LvlDesign02_TeamLuminous_Project02/MyProject3.uproject" 1
"../../../Engine/Plugins/AudioGameplay/AudioGameplay.uplugin" 2
"../../../Engine/Plugins/AudioGameplayVolume/AudioGameplayVolume.uplugin" 3
"../../../Engine/Plugins/ChaosClothAsset/ChaosClothAsset.uplugin" 4
"../../../Engine/Plugins/Bridge/Bridge.uplugin" 5
"../../../Engine/Plugins/ChaosInsights/ChaosInsights.uplugin" 6
"../../../Engine/Plugins/ChaosVD/ChaosVD.uplugin" 7
"../../../Engine/Plugins/ChaosCloth/ChaosCloth.uplugin" 8
"../../../Engine/Plugins/Chooser/Chooser.uplugin" 9
"../../../Engine/Plugins/BlueprintFileUtils/BlueprintFileUtils.uplugin" 10
"../../../Engine/Plugins/ChaosClothAssetEditor/ChaosClothAssetEditor.uplugin" 11
"../../../Engine/Plugins/CmdLinkServer/CmdLinkServer.uplugin" 12
"../../../Engine/Plugins/EnhancedInput/EnhancedInput.uplugin" 13
"../../../Engine/Plugins/Fab/Fab.uplugin" 14
"../../../Engine/Plugins/FastBuildController/FastBuildController.uplugin" 15
"../../../Engine/Plugins/DiscoveryBeaconReceiver/DiscoveryBeaconReceiver.uplugin" 16
"../../../Engine/Plugins/JsonBlueprintUtilities/JsonBlueprintUtilities.uplugin" 17
"../../../Engine/Plugins/LightWeightInstancesEditor/LightWeightInstancesEditor.uplugin" 18
"../../../Engine/Plugins/IoStoreInsights/IoStoreInsights.uplugin" 19
"../../../Engine/Plugins/MassInsights/MassInsights.uplugin" 20
"../../../Engine/Plugins/AudioInsights/AudioInsights.uplugin" 21
"../../../Engine/Plugins/MemoryUsageQueries/MemoryUsageQueries.uplugin" 22
"../../../Engine/Plugins/MeshPainting/MeshPainting.uplugin" 23
"../../../Engine/Plugins/Mutable/Mutable.uplugin" 24
"../../../Engine/Plugins/PCG/PCG.uplugin" 25
"../../../Engine/Plugins/TextureGraph/TextureGraph.uplugin" 26
"../../../Engine/Plugins/UbaController/UbaController.uplugin" 27
"../../../Engine/Plugins/RenderGraphInsights/RenderGraphInsights.uplugin" 28
"../../../Engine/Plugins/TraceUtilities/TraceUtilities.uplugin" 29
"../../../Engine/Plugins/XGEController/XGEController.uplugin" 30
"../../../Engine/Plugins/WorldMetrics/WorldMetrics.uplugin" 31
"../../../Engine/Plugins/Cameras/EngineCameras/EngineCameras.uplugin" 32
"../../../Engine/Plugins/ScriptPlugin/ScriptPlugin.uplugin" 33
"../../../Engine/Plugins/Cameras/GameplayCameras/GameplayCameras.uplugin" 34
"../../../Engine/Plugins/Compositing/Composure/Composure.uplugin" 35
"../../../Engine/Plugins/Compositing/LensDistortion/LensDistortion.uplugin" 36
"../../../Engine/Plugins/Developer/AnimationSharing/AnimationSharing.uplugin" 37
"../../../Engine/Plugins/Developer/CLionSourceCodeAccess/CLionSourceCodeAccess.uplugin" 38
"../../../Engine/Plugins/Compositing/OpenColorIO/OpenColorIO.uplugin" 39
"../../../Engine/Plugins/Cameras/CameraShakePreviewer/CameraShakePreviewer.uplugin" 40
"../../../Engine/Plugins/Developer/BlankPlugin/BlankPlugin.uplugin" 41
"../../../Engine/Plugins/Compositing/OpenCVLensDistortion/OpenCVLensDistortion.uplugin" 42
"../../../Engine/Plugins/Developer/CodeLiteSourceCodeAccess/CodeLiteSourceCodeAccess.uplugin" 43
"../../../Engine/Plugins/Developer/FieldNotificationTrace/FieldNotificationTrace.uplugin" 44
"../../../Engine/Plugins/Developer/DumpGPUServices/DumpGPUServices.uplugin" 45
"../../../Engine/Plugins/Developer/DirectoryPlaceholder/DirectoryPlaceholder.uplugin" 46
"../../../Engine/Plugins/Developer/N10XSourceCodeAccess/N10XSourceCodeAccess.uplugin" 47
"../../../Engine/Plugins/Developer/GitSourceControl/GitSourceControl.uplugin" 48
"../../../Engine/Plugins/Developer/KDevelopSourceCodeAccess/KDevelopSourceCodeAccess.uplugin" 49
"../../../Engine/Plugins/Developer/NullSourceCodeAccess/NullSourceCodeAccess.uplugin" 50
"../../../Engine/Plugins/Developer/NamingTokens/NamingTokens.uplugin" 51
"../../../Engine/Plugins/Developer/PerforceSourceControl/PerforceSourceControl.uplugin" 52
"../../../Engine/Plugins/Developer/PixWinPlugin/PixWinPlugin.uplugin" 53
"../../../Engine/Plugins/Developer/OneSkyLocalizationService/OneSkyLocalizationService.uplugin" 54
"../../../Engine/Plugins/Developer/PluginUtils/PluginUtils.uplugin" 55
"../../../Engine/Plugins/Developer/ProjectLauncher/ProjectLauncher.uplugin" 56
"../../../Engine/Plugins/Developer/PropertyAccessNode/PropertyAccessNode.uplugin" 57
"../../../Engine/Plugins/Developer/SubversionSourceControl/SubversionSourceControl.uplugin" 58
"../../../Engine/Plugins/Developer/RenderDocPlugin/RenderDocPlugin.uplugin" 59
"../../../Engine/Plugins/Developer/TextureFormatOodle/TextureFormatOodle.uplugin" 60
"../../../Engine/Plugins/Developer/TraceDataFiltering/TraceDataFilters.uplugin" 61
"../../../Engine/Plugins/Developer/TraceSourceFiltering/TraceSourceFilters.uplugin" 62
"../../../Engine/Plugins/Developer/VisualStudioSourceCodeAccess/VisualStudioSourceCodeAccess.uplugin" 63
"../../../Engine/Plugins/Developer/XcodeGPUDebuggerPlugin/XcodeGPUDebuggerPlugin.uplugin" 64
"../../../Engine/Plugins/Developer/XCodeSourceCodeAccess/XCodeSourceCodeAccess.uplugin" 65
"../../../Engine/Plugins/Developer/VisualStudioCodeSourceCodeAccess/VisualStudioCodeSourceCodeAccess.uplugin" 66
"../../../Engine/Plugins/Developer/UObjectPlugin/UObjectPlugin.uplugin" 67
"../../../Engine/Plugins/Enterprise/AxFImporter/AxFImporter.uplugin" 68
"../../../Engine/Plugins/Enterprise/DatasmithC4DImporter/DatasmithC4DImporter.uplugin" 69
"../../../Engine/Plugins/Enterprise/DataprepEditor/DataprepEditor.uplugin" 70
"../../../Engine/Plugins/Enterprise/DatasmithContent/DatasmithContent.uplugin" 71
"../../../Engine/Plugins/Enterprise/DatasmithFBXImporter/DatasmithFBXImporter.uplugin" 72
"../../../Engine/Plugins/Enterprise/DatasmithCADImporter/DatasmithCADImporter.uplugin" 73
"../../../Engine/Plugins/Developer/RiderSourceCodeAccess/RiderSourceCodeAccess.uplugin" 74
"../../../Engine/Plugins/Importers/AlembicHairImporter/AlembicHairImporter.uplugin" 75
"../../../Engine/Plugins/Enterprise/DatasmithImporter/DatasmithImporter.uplugin" 76
"../../../Engine/Plugins/Developer/PlasticSourceControl/PlasticSourceControl.uplugin" 77
"../../../Engine/Plugins/Enterprise/VariantManager/VariantManager.uplugin" 78
"../../../Engine/Plugins/Importers/AlembicImporter/AlembicImporter.uplugin" 79
"../../../Engine/Plugins/Enterprise/MDLImporter/MDLImporter.uplugin" 80
"../../../Engine/Plugins/Enterprise/VariantManagerContent/VariantManagerContent.uplugin" 81
"../../../Engine/Plugins/Enterprise/LidarPointCloud/LidarPointCloud.uplugin" 82
"../../../Engine/Plugins/Importers/USDImporter/USDImporter.uplugin" 83
"../../../Engine/Plugins/Messaging/MessagingDebugger/MessagingDebugger.uplugin" 84
"../../../Engine/Plugins/Importers/USDMultiUser/USDMultiUser.uplugin" 85
"../../../Engine/Plugins/Importers/USDImporterMDL/USDImporterMDL.uplugin" 86
"../../../Engine/Plugins/MovieScene/ActorSequence/ActorSequence.uplugin" 87
"../../../Engine/Plugins/Messaging/UdpMessaging/UdpMessaging.uplugin" 88
"../../../Engine/Plugins/MovieScene/CustomizableSequencerTracks/CustomizableSequencerTracks.uplugin" 89
"../../../Engine/Plugins/MovieScene/MoviePipelineMaskRenderPass/MoviePipelineMaskRenderPass.uplugin" 90
"../../../Engine/Plugins/Messaging/TcpMessaging/TcpMessaging.uplugin" 91
"../../../Engine/Plugins/MovieScene/LevelSequenceEditor/LevelSequenceEditor.uplugin" 92
"../../../Engine/Plugins/MovieScene/MovieRenderPipeline/MovieRenderPipeline.uplugin" 93
"../../../Engine/Plugins/MovieScene/ReplayTracks/ReplayTracks.uplugin" 94
"../../../Engine/Plugins/MovieScene/MovieSceneTextTrack/MovieSceneTextTrack.uplugin" 95
"../../../Engine/Plugins/MovieScene/SequencerScripting/SequencerScripting.uplugin" 96
"../../../Engine/Plugins/MovieScene/TemplateSequence/TemplateSequence.uplugin" 97
"../../../Engine/Plugins/Online/EOSOverlayInputProvider/EOSOverlayInputProvider.uplugin" 98
"../../../Engine/Plugins/Enterprise/GLTFExporter/GLTFExporter.uplugin" 99
"../../../Engine/Plugins/Online/EOSShared/EOSShared.uplugin" 100
"../../../Engine/Plugins/Online/OnlineServices/OnlineServices.uplugin" 101
"../../../Engine/Plugins/Online/OnlineServicesEOSGS/OnlineServicesEOSGS.uplugin" 102
"../../../Engine/Plugins/Online/OnlineServicesNull/OnlineServicesNull.uplugin" 103
"../../../Engine/Plugins/Online/OnlineFramework/OnlineFramework.uplugin" 104
"../../../Engine/Plugins/Online/OnlineServicesOSSAdapter/OnlineServicesOSSAdapter.uplugin" 105
"../../../Engine/Plugins/Online/OnlineSubsystem/OnlineSubsystem.uplugin" 106
"../../../Engine/Plugins/Online/OnlineServicesEpicCommon/OnlineServicesEpicCommon.uplugin" 107
"../../../Engine/Plugins/Online/OnlineSubsystemAmazon/OnlineSubsystemAmazon.uplugin" 108
"../../../Engine/Plugins/Online/OnlineSubsystemApple/OnlineSubsystemApple.uplugin" 109
"../../../Engine/Plugins/Online/OnlineSubsystemFacebook/OnlineSubsystemFacebook.uplugin" 110
"../../../Engine/Plugins/Online/OnlineSubsystemEOS/OnlineSubsystemEOS.uplugin" 111
"../../../Engine/Plugins/Online/OnlineSubsystemGoogle/OnlineSubsystemGoogle.uplugin" 112
"../../../Engine/Plugins/Online/OnlineServicesEOS/OnlineServicesEOS.uplugin" 113
"../../../Engine/Plugins/Online/OnlineSubsystemSteam/OnlineSubsystemSteam.uplugin" 114
"../../../Engine/Plugins/Online/OnlineBase/OnlineBase.uplugin" 115
"../../../Engine/Plugins/Online/OnlineSubsystemTencent/OnlineSubsystemTencent.uplugin" 116
"../../../Engine/Plugins/Portal/LauncherChunkInstaller/LauncherChunkInstaller.uplugin" 117
"../../../Engine/Plugins/Online/SocketSubsystemEOS/SocketSubsystemEOS.uplugin" 118
"../../../Engine/Plugins/Online/SocketSubsystemSteamIP/SocketSubsystemSteamIP.uplugin" 119
"../../../Engine/Plugins/Slate/SlateInsights/SlateInsights.uplugin" 120
"../../../Engine/Plugins/Slate/SlateScripting/SlateScripting.uplugin" 121
"../../../Engine/Plugins/Editor/AssetRegistryExport/AssetRegistryExport.uplugin" 122
"../../../Engine/Plugins/Online/WebAuth/WebAuth.uplugin" 123
"../../../Engine/Plugins/Online/OnlineSubsystemNull/OnlineSubsystemNull.uplugin" 124
"../../../Engine/Plugins/Editor/AssetSearch/AssetSearch.uplugin" 125
"../../../Engine/Plugins/Editor/ChangelistReview/ChangelistReview.uplugin" 126
"../../../Engine/Plugins/Editor/BlueprintHeaderView/BlueprintHeaderView.uplugin" 127
"../../../Engine/Plugins/Editor/ColorGrading/ColorGrading.uplugin" 128
"../../../Engine/Plugins/Editor/AssetReferenceRestrictions/AssetReferenceRestrictions.uplugin" 129
"../../../Engine/Plugins/Web/HttpBlueprint/HttpBlueprint.uplugin" 130
"../../../Engine/Plugins/Editor/AssetManagerEditor/AssetManagerEditor.uplugin" 131
"../../../Engine/Plugins/Editor/ConsoleVariablesEditor/ConsoleVariables.uplugin" 132
"../../../Engine/Plugins/Editor/BlueprintMaterialTextureNodes/BlueprintMaterialTextureNodes.uplugin" 133
"../../../Engine/Plugins/Editor/CurveEditorTools/CurveEditorTools.uplugin" 134
"../../../Engine/Plugins/Editor/CryptoKeys/CryptoKeys.uplugin" 135
"../../../Engine/Plugins/Editor/DataValidation/DataValidation.uplugin" 136
"../../../Engine/Plugins/Editor/EditorScriptingUtilities/EditorScriptingUtilities.uplugin" 137
"../../../Engine/Plugins/Editor/EditorSysConfigAssistant/EditorSysConfigAssistant.uplugin" 138
"../../../Engine/Plugins/Editor/DisplayClusterLaunch/DisplayClusterLaunch.uplugin" 139
"../../../Engine/Plugins/Editor/EditorDebugTools/EditorDebugTools.uplugin" 140
"../../../Engine/Plugins/Editor/GeometryMode/GeometryMode.uplugin" 141
"../../../Engine/Plugins/Editor/FacialAnimation/FacialAnimation.uplugin" 142
"../../../Engine/Plugins/Editor/GameplayTagsEditor/GameplayTagsEditor.uplugin" 143
"../../../Engine/Plugins/Editor/GuidedTutorials/GuidedTutorials.uplugin" 144
"../../../Engine/Plugins/Editor/LiveUpdateForSlate/LiveUpdateForSlate.uplugin" 145
"../../../Engine/Plugins/Editor/MacGraphicsSwitching/MacGraphicsSwitching.uplugin" 146
"../../../Engine/Plugins/Editor/MakeCookedEditorAsDLC/MakeCookedEditorAsDLC.uplugin" 147
"../../../Engine/Plugins/Editor/MaterialAnalyzer/MaterialAnalyzer.uplugin" 148
"../../../Engine/Plugins/Editor/EngineAssetDefinitions/EngineAssetDefinitions.uplugin" 149
"../../../Engine/Plugins/Editor/MobileLauncherProfileWizard/MobileLauncherProfileWizard.uplugin" 150
"../../../Engine/Plugins/Online/OnlineSubsystemUtils/OnlineSubsystemUtils.uplugin" 151
"../../../Engine/Plugins/Editor/MeshLODToolset/MeshLODToolset.uplugin" 152
"../../../Engine/Plugins/Editor/ModelViewViewModelPreview/ModelViewViewModelPreview.uplugin" 153
"../../../Engine/Plugins/Editor/PluginBrowser/PluginBrowser.uplugin" 154
"../../../Engine/Plugins/Editor/SampleToolsEditorMode/SampleToolsEditorMode.uplugin" 155
"../../../Engine/Plugins/Editor/ProxyLODPlugin/ProxyLODPlugin.uplugin" 156
"../../../Engine/Plugins/Editor/SequencerAnimTools/SequencerAnimTools.uplugin" 157
"../../../Engine/Plugins/Editor/ScriptableToolsEditorMode/ScriptableToolsEditorMode.uplugin" 158
"../../../Engine/Plugins/Editor/ModelingToolsEditorMode/ModelingToolsEditorMode.uplugin" 159
"../../../Engine/Plugins/Editor/SpeedTreeImporter/SpeedTreeImporter.uplugin" 160
"../../../Engine/Plugins/Experimental/ActorPalette/ActorPalette.uplugin" 161
"../../../Engine/Plugins/Experimental/AbilitySystemGameFeatureActions/AbilitySystemGameFeatureActions.uplugin" 162
"../../../Engine/Plugins/Editor/UMGWidgetPreview/UMGWidgetPreview.uplugin" 163
"../../../Engine/Plugins/Editor/WorldPartitionHLODUtilities/WorldPartitionHLODUtilities.uplugin" 164
"../../../Engine/Plugins/Experimental/AnimNextAnimGraph/AnimNextAnimGraph.uplugin" 165
"../../../Engine/Plugins/Experimental/AdvancedRenamer/AdvancedRenamer.uplugin" 166
"../../../Engine/Plugins/Editor/StylusInput/StylusInput.uplugin" 167
"../../../Engine/Plugins/Editor/WaveformEditor/WaveformEditor.uplugin" 168
"../../../Engine/Plugins/Experimental/AnimNext/AnimNext.uplugin" 169
"../../../Engine/Plugins/Editor/UVEditor/UVEditor.uplugin" 170
"../../../Engine/Plugins/Experimental/AnimNextChooser/AnimNextChooser.uplugin" 171
"../../../Engine/Plugins/Editor/StaticMeshEditorModeling/StaticMeshEditorModeling.uplugin" 172
"../../../Engine/Plugins/Experimental/AnimNextControlRig/AnimNextControlRig.uplugin" 173
"../../../Engine/Plugins/Experimental/AnimNextStateTree/AnimNextStateTree.uplugin" 174
"../../../Engine/Plugins/Experimental/AnimNextWarping/AnimNextWarping.uplugin" 175
"../../../Engine/Plugins/Experimental/AnimToTexture/AnimToTexture.uplugin" 176
"../../../Engine/Plugins/Experimental/AsyncMessageSystemTests/AsyncMessageSystemTests.uplugin" 177
"../../../Engine/Plugins/Experimental/AsyncMessageSystem/AsyncMessageSystem.uplugin" 178
"../../../Engine/Plugins/Experimental/AnimNextPoseSearch/AnimNextPoseSearch.uplugin" 179
"../../../Engine/Plugins/Experimental/AutomationUtils/AutomationUtils.uplugin" 180
"../../../Engine/Plugins/Experimental/AvalancheDataLink/AvalancheDataLink.uplugin" 181
"../../../Engine/Plugins/Experimental/AvalancheDisplayCluster/AvalancheDisplayCluster.uplugin" 182
"../../../Engine/Plugins/Experimental/AvalancheSceneState/AvalancheSceneState.uplugin" 183
"../../../Engine/Plugins/Experimental/AvalancheSequenceNavigator/AvalancheSequenceNavigator.uplugin" 184
"../../../Engine/Plugins/Experimental/BlueprintStats/BlueprintStats.uplugin" 185
"../../../Engine/Plugins/Experimental/BlueprintSnapNodes/BlueprintSnapNodes.uplugin" 186
"../../../Engine/Plugins/Experimental/BackChannel/BackChannel.uplugin" 187
"../../../Engine/Plugins/Experimental/Buoyancy/Buoyancy.uplugin" 188
"../../../Engine/Plugins/Experimental/ChaosCaching/ChaosCaching.uplugin" 189
"../../../Engine/Plugins/Experimental/ChaosCachingUSD/ChaosCachingUSD.uplugin" 190
"../../../Engine/Plugins/Experimental/ChaosClothEditor/ChaosClothEditor.uplugin" 191
"../../../Engine/Plugins/Experimental/ChaosEditor/ChaosEditor.uplugin" 192
"../../../Engine/Plugins/Experimental/ChaosFlesh/ChaosFlesh.uplugin" 193
"../../../Engine/Plugins/Experimental/ChaosMover/ChaosMover.uplugin" 194
"../../../Engine/Plugins/Experimental/ChaosModularVehicleExamples/ChaosModularVehicleExamples.uplugin" 195
"../../../Engine/Plugins/Experimental/ChaosModularVehicle/ChaosModularVehicle.uplugin" 196
"../../../Engine/Plugins/Experimental/ChaosNiagara/ChaosNiagara.uplugin" 197
"../../../Engine/Plugins/Experimental/ChaosOutfitAsset/ChaosOutfitAsset.uplugin" 198
"../../../Engine/Plugins/Experimental/ChaosUserDataPT/ChaosUserDataPT.uplugin" 199
"../../../Engine/Plugins/Experimental/ChaosSolverPlugin/ChaosSolverPlugin.uplugin" 200
"../../../Engine/Plugins/Experimental/ChaosVehiclesPlugin/ChaosVehiclesPlugin.uplugin" 201
"../../../Engine/Plugins/Experimental/CharacterAI/CharacterAI.uplugin" 202
"../../../Engine/Plugins/Experimental/CinematicPrestreaming/CinematicPrestreaming.uplugin" 203
"../../../Engine/Plugins/Experimental/CineCameraRigs/CineCameraRigs.uplugin" 204
"../../../Engine/Plugins/Experimental/CodeEditor/CodeEditor.uplugin" 205
"../../../Engine/Plugins/Experimental/CineCameraSceneCapture/CineCameraSceneCapture.uplugin" 206
"../../../Engine/Plugins/Experimental/CodeView/CodeView.uplugin" 207
"../../../Engine/Plugins/Experimental/CommonConversation/CommonConversation.uplugin" 208
"../../../Engine/Plugins/Experimental/ColorCorrectRegions/ColorCorrectRegions.uplugin" 209
"../../../Engine/Plugins/Experimental/ControlFlows/ControlFlows.uplugin" 210
"../../../Engine/Plugins/Experimental/Dataflow/Dataflow.uplugin" 211
"../../../Engine/Plugins/Experimental/DataLink/DataLink.uplugin" 212
"../../../Engine/Plugins/Experimental/DataLinkOAuth/DataLinkOAuth.uplugin" 213
"../../../Engine/Plugins/Experimental/DaySequence/DaySequence.uplugin" 214
"../../../Engine/Plugins/Experimental/DefaultInstallBundleManager/DefaultInstallBundleManager.uplugin" 215
"../../../Engine/Plugins/Experimental/DynamicMaterialMediaStreamBridge/DynamicMaterialMediaStreamBridge.uplugin" 216
"../../../Engine/Plugins/Experimental/EditorDataStorage/EditorDataStorage.uplugin" 217
"../../../Engine/Plugins/Experimental/EditorDataStorageFeatures/EditorDataStorageFeatures.uplugin" 218
"../../../Engine/Plugins/Experimental/EditorTelemetry/EditorTelemetry.uplugin" 219
"../../../Engine/Plugins/Experimental/FastGeoStreaming/FastGeoStreaming.uplugin" 220
"../../../Engine/Plugins/Experimental/EvaluationNotifies/EvaluationNotifies.uplugin" 221
"../../../Engine/Plugins/Experimental/FieldSystemPlugin/FieldSystemPlugin.uplugin" 222
"../../../Engine/Plugins/Experimental/Fracture/Fracture.uplugin" 223
"../../../Engine/Plugins/Experimental/FloatingProperties/FloatingProperties.uplugin" 224
"../../../Engine/Plugins/Experimental/FullBodyIK/FullBodyIK.uplugin" 225
"../../../Engine/Plugins/Experimental/GameInputWindows/GameInputWindows.uplugin" 226
"../../../Engine/Plugins/Experimental/GameplayBehaviors/GameplayBehaviors.uplugin" 227
"../../../Engine/Plugins/Experimental/GameplayGraph/GameplayGraph.uplugin" 228
"../../../Engine/Plugins/Experimental/GameplayTargetingSystem/TargetingSystem.uplugin" 229
"../../../Engine/Plugins/Experimental/Gauntlet/Gauntlet.uplugin" 230
"../../../Engine/Plugins/Experimental/GeometryCacheAbcFile/GeometryCacheAbcFile.uplugin" 231
"../../../Engine/Plugins/Experimental/GeometryCacheLevelSequenceBaker/GeometryCacheLevelSequenceBaker.uplugin" 232
"../../../Engine/Plugins/Experimental/GeometryCollectionPlugin/GeometryCollectionPlugin.uplugin" 233
"../../../Engine/Plugins/Experimental/GeometryDataflow/GeometryDataflow.uplugin" 234
"../../../Engine/Plugins/Experimental/GeometryFlow/GeometryFlow.uplugin" 235
"../../../Engine/Plugins/Experimental/GizmoEdMode/GizmoEdMode.uplugin" 236
"../../../Engine/Plugins/Experimental/GizmoFramework/GizmoFramework.uplugin" 237
"../../../Engine/Plugins/Experimental/GPULightmass/GPULightmass.uplugin" 238
"../../../Engine/Plugins/Experimental/HairCardGenerator/HairCardGenerator.uplugin" 239
"../../../Engine/Plugins/Experimental/HairModelingToolset/HairModelingToolset.uplugin" 240
"../../../Engine/Plugins/Experimental/HairStrandsMutable/HairStrandsMutable.uplugin" 241
"../../../Engine/Plugins/Experimental/ImageWidgets/ImageWidgets.uplugin" 242
"../../../Engine/Plugins/Experimental/InteractionInterface/InteractionInterface.uplugin" 243
"../../../Engine/Plugins/Experimental/InlineMaterialInstance/InlineMaterialInstance.uplugin" 244
"../../../Engine/Plugins/Experimental/Landmass/Landmass.uplugin" 245
"../../../Engine/Plugins/Experimental/InstanceDataObjectFixupTool/InstanceDataObjectFixupTool.uplugin" 246
"../../../Engine/Plugins/Experimental/LearningAgents/LearningAgents.uplugin" 247
"../../../Engine/Plugins/Experimental/ImpostorBaker/ImpostorBaker.uplugin" 248
"../../../Engine/Plugins/Experimental/Iris/Iris.uplugin" 249
"../../../Engine/Plugins/Experimental/LandscapePatch/LandscapePatch.uplugin" 250
"../../../Engine/Plugins/Experimental/ImagePlate/ImagePlate.uplugin" 251
"../../../Engine/Plugins/Experimental/JWT/JWT.uplugin" 252
"../../../Engine/Plugins/Experimental/LiveLinkControlRig/LiveLinkControlRig.uplugin" 253
"../../../Engine/Plugins/Experimental/LiveLinkFaceImporter/LiveLinkFaceImporter.uplugin" 254
"../../../Engine/Plugins/Experimental/LocalizableMessage/LocalizableMessage.uplugin" 255
"../../../Engine/Plugins/Experimental/LowLevelNetTrace/LowLevelNetTrace.uplugin" 256
"../../../Engine/Plugins/Experimental/LiveLinkOpenVR/LiveLinkOpenVR.uplugin" 257
"../../../Engine/Plugins/Experimental/MediaStream/MediaStream.uplugin" 258
"../../../Engine/Plugins/Experimental/MeshModelingToolsetExp/MeshModelingToolsetExp.uplugin" 259
"../../../Engine/Plugins/Experimental/MeshResizing/MeshResizing.uplugin" 260
"../../../Engine/Plugins/Experimental/MLflow/MLflow.uplugin" 261
"../../../Engine/Plugins/Experimental/MetasoundExperimental/MetasoundExperimental.uplugin" 262
"../../../Engine/Plugins/Experimental/MotorSimOutputMotoSynth/MotorSimOutputMotoSynth.uplugin" 263
"../../../Engine/Plugins/Experimental/MoverAnimNext/MoverAnimNext.uplugin" 264
"../../../Engine/Plugins/Experimental/Mover/Mover.uplugin" 265
"../../../Engine/Plugins/Experimental/MoverIntegrations/MoverIntegrations.uplugin" 266
"../../../Engine/Plugins/Experimental/MotoSynth/MotoSynth.uplugin" 267
"../../../Engine/Plugins/Experimental/MoverExamples/MoverExamples.uplugin" 268
"../../../Engine/Plugins/Experimental/LevelSequenceNavigatorBridge/LevelSequenceNavigatorBridge.uplugin" 269
"../../../Engine/Plugins/Experimental/MoverTests/MoverTests.uplugin" 270
"../../../Engine/Plugins/Experimental/EditorPerformance/EditorPerformance.uplugin" 271
"../../../Engine/Plugins/Experimental/MovieSceneAnimMixer/MovieSceneAnimMixer.uplugin" 272
"../../../Engine/Plugins/Experimental/MutableClothing/MutableClothing.uplugin" 273
"../../../Engine/Plugins/Experimental/NaniteDisplacedMesh/NaniteDisplacedMesh.uplugin" 274
"../../../Engine/Plugins/Experimental/MovieScenePoseSearchTracks/MovieScenePoseSearchTracks.uplugin" 275
"../../../Engine/Plugins/Experimental/NeuralRendering/NeuralRendering.uplugin" 276
"../../../Engine/Plugins/Experimental/NNERuntimeBasicCpu/NNERuntimeBasicCpu.uplugin" 277
"../../../Engine/Plugins/Experimental/MutablePopulation/MutablePopulation.uplugin" 278
"../../../Engine/Plugins/Experimental/NFORDenoise/NFORDenoise.uplugin" 279
"../../../Engine/Plugins/Experimental/CelestialVault/CelestialVault.uplugin" 280
"../../../Engine/Plugins/Experimental/OpenImageDenoise/OpenImageDenoise.uplugin" 281
"../../../Engine/Plugins/Experimental/NNERuntimeIREE/NNERuntimeIREE.uplugin" 282
"../../../Engine/Plugins/Experimental/PanoramicCapture/PanoramicCapture.uplugin" 283
"../../../Engine/Plugins/Experimental/PCGBiomeCore/PCGBiomeCore.uplugin" 284
"../../../Engine/Plugins/Experimental/PCGBiomeSample/PCGBiomeSample.uplugin" 285
"../../../Engine/Plugins/Experimental/OptiXDenoise/OptiXDenoise.uplugin" 286
"../../../Engine/Plugins/Experimental/PhysicsControl/PhysicsControl.uplugin" 287
"../../../Engine/Plugins/Experimental/MediaViewer/MediaViewer.uplugin" 288
"../../../Engine/Plugins/Experimental/PixelStreamingPlayer/PixelStreamingPlayer.uplugin" 289
"../../../Engine/Plugins/Experimental/PlainPropsUObject/PlainPropsUObject.uplugin" 290
"../../../Engine/Plugins/Experimental/PlainProps/PlainProps.uplugin" 291
"../../../Engine/Plugins/Experimental/PlatformCrypto/PlatformCrypto.uplugin" 292
"../../../Engine/Plugins/Experimental/PlanarCutPlugin/PlanarCut.uplugin" 293
"../../../Engine/Plugins/Experimental/PluginAudit/PluginAudit.uplugin" 294
"../../../Engine/Plugins/Experimental/PluginTemplateTool/PluginTemplateTool.uplugin" 295
"../../../Engine/Plugins/Experimental/PostProcessMaterialChainGraph/PostProcessMaterialChainGraph.uplugin" 296
"../../../Engine/Plugins/Experimental/NNERuntimeCoreML/NNERuntimeCoreML.uplugin" 297
"../../../Engine/Plugins/Experimental/PluginReferenceViewer/PluginReferenceViewer.uplugin" 298
"../../../Engine/Plugins/Experimental/RawInput/RawInput.uplugin" 299
"../../../Engine/Plugins/Experimental/PythonScriptPlugin/PythonScriptPlugin.uplugin" 300
"../../../Engine/Plugins/Experimental/PythonFoundationPackages/PythonFoundationPackages.uplugin" 301
"../../../Engine/Plugins/Experimental/NNERuntimeRDG/NNERuntimeRDG.uplugin" 302
"../../../Engine/Plugins/Experimental/RemoteSession/RemoteSession.uplugin" 303
"../../../Engine/Plugins/Experimental/RemoteControlComponents/RemoteControlComponents.uplugin" 304
"../../../Engine/Plugins/Experimental/RazerChromaDevices/RazerChromaDevices.uplugin" 305
"../../../Engine/Plugins/Experimental/QuicMessaging/QuicMessaging.uplugin" 306
"../../../Engine/Plugins/Experimental/ScreenReader/ScreenReader.uplugin" 307
"../../../Engine/Plugins/Experimental/RigLogicAnimNext/RigLogicAnimNext.uplugin" 308
"../../../Engine/Plugins/Experimental/RigLogicMutable/RigLogicMutable.uplugin" 309
"../../../Engine/Plugins/Experimental/SceneState/SceneState.uplugin" 310
"../../../Engine/Plugins/Experimental/SerializationUtils/SerializationUtils.uplugin" 311
"../../../Engine/Plugins/Experimental/RenderGrid/RenderGrid.uplugin" 312
"../../../Engine/Plugins/Experimental/PSDImporterMaterialDesignerBridge/PSDImporterMaterialDesignerBridge.uplugin" 313
"../../../Engine/Plugins/Experimental/SecuritySandbox/SecuritySandbox.uplugin" 314
"../../../Engine/Plugins/Experimental/SequenceNavigator/SequenceNavigator.uplugin" 315
"../../../Engine/Plugins/Experimental/SimpleHMD/SimpleHMD.uplugin" 316
"../../../Engine/Plugins/Experimental/SkeletalReduction/SkeletalReduction.uplugin" 317
"../../../Engine/Plugins/Experimental/SlateIM/SlateIM.uplugin" 318
"../../../Engine/Plugins/Experimental/SlateModelViewViewModel/SlateModelViewViewModel.uplugin" 319
"../../../Engine/Plugins/Experimental/Shotgrid/Shotgrid.uplugin" 320
"../../../Engine/Plugins/Experimental/SpatialReadiness/SpatialReadiness.uplugin" 321
"../../../Engine/Plugins/Experimental/SlateScreenReader/SlateScreenReader.uplugin" 322
"../../../Engine/Plugins/Experimental/StateGraph/StateGraph.uplugin" 323
"../../../Engine/Plugins/Experimental/StructUtils/StructUtils.uplugin" 324
"../../../Engine/Plugins/Experimental/SubtitlesAndClosedCaptions/SubtitlesAndClosedCaptions.uplugin" 325
"../../../Engine/Plugins/Experimental/SubmitToolEditor/SubmitToolEditor.uplugin" 326
"../../../Engine/Plugins/Experimental/SurfaceEffects/SurfaceEffects.uplugin" 327
"../../../Engine/Plugins/Experimental/SVGImporter/SVGImporter.uplugin" 328
"../../../Engine/Plugins/Experimental/TechAudioTools/TechAudioTools.uplugin" 329
"../../../Engine/Plugins/Experimental/TetMeshing/TetMeshing.uplugin" 330
"../../../Engine/Plugins/Experimental/Text3D/Text3D.uplugin" 331
"../../../Engine/Plugins/Experimental/TargetDeviceServicesScripting/TargetDeviceServicesScripting.uplugin" 332
"../../../Engine/Plugins/Experimental/PSDImporter/PSDImporter.uplugin" 333
"../../../Engine/Plugins/Experimental/Tensorboard/Tensorboard.uplugin" 334
"../../../Engine/Plugins/Experimental/TextToSpeech/TextToSpeech.uplugin" 335
"../../../Engine/Plugins/Experimental/ToolPresets/ToolPresets.uplugin" 336
"../../../Engine/Plugins/Experimental/TextureMediaPlayer/TextureMediaPlayer.uplugin" 337
"../../../Engine/Plugins/Experimental/UserToolBoxBasicCommand/UserToolBoxBasicCommand.uplugin" 338
"../../../Engine/Plugins/Experimental/UIFramework/UIFramework.uplugin" 339
"../../../Engine/Plugins/Experimental/UserToolBoxCore/UserToolBoxCore.uplugin" 340
"../../../Engine/Plugins/Experimental/VirtualProductionUtilities/VirtualProductionUtilities.uplugin" 341
"../../../Engine/Plugins/Experimental/Water/Water.uplugin" 342
"../../../Engine/Plugins/Experimental/WaterAdvanced/WaterAdvanced.uplugin" 343
"../../../Engine/Plugins/Experimental/VirtualHeightfieldMesh/VirtualHeightfieldMesh.uplugin" 344
"../../../Engine/Plugins/Experimental/Volumetrics/Volumetrics.uplugin" 345
"../../../Engine/Plugins/Experimental/WaterExtras/WaterExtras.uplugin" 346
"../../../Engine/Plugins/Experimental/WaveFunctionCollapse/WaveFunctionCollapse.uplugin" 347
"../../../Engine/Plugins/Experimental/WebSocketNetworking/WebSocketNetworking.uplugin" 348
"../../../Engine/Plugins/Media/AjaMedia/AjaMedia.uplugin" 349
"../../../Engine/Plugins/Experimental/WebSocketMessaging/WebSocketMessaging.uplugin" 350
"../../../Engine/Plugins/Experimental/Workspace/Workspace.uplugin" 351
"../../../Engine/Plugins/Experimental/XRCreativeFramework/XRCreativeFramework.uplugin" 352
"../../../Engine/Plugins/Media/AppleProResDecoderElectra/AppleProResDecoderElectra.uplugin" 353
"../../../Engine/Plugins/Media/AndroidMedia/AndroidMedia.uplugin" 354
"../../../Engine/Plugins/Media/AppleProResMedia/AppleProResMedia.uplugin" 355
"../../../Engine/Plugins/Experimental/WidgetEditorToolPalette/WidgetEditorToolPalette.uplugin" 356
"../../../Engine/Plugins/Media/AvfMedia/AvfMedia.uplugin" 357
"../../../Engine/Plugins/Media/AudioCaptureTimecodeProvider/AudioCaptureTimecodeProvider.uplugin" 358
"../../../Engine/Plugins/Media/AvidDNxHDDecoderElectra/AvidDNxHDDecoderElectra.uplugin" 359
"../../../Engine/Plugins/Media/BlackmagicMedia/BlackmagicMedia.uplugin" 360
"../../../Engine/Plugins/Media/D3D12VideoDecodersElectra/D3D12VideoDecodersElectra.uplugin" 361
"../../../Engine/Plugins/Media/ElectraCDM/ElectraCDM.uplugin" 362
"../../../Engine/Plugins/Media/ElectraCodecs/ElectraCodecs.uplugin" 363
"../../../Engine/Plugins/Media/ElectraUtil/ElectraUtil.uplugin" 364
"../../../Engine/Plugins/Media/ElectraSubtitles/ElectraSubtitles.uplugin" 365
"../../../Engine/Plugins/Media/AvidDNxMedia/AvidDNxMedia.uplugin" 366
"../../../Engine/Plugins/Media/HAPMedia/HAPMedia.uplugin" 367
"../../../Engine/Plugins/Media/BinkMedia/BinkMedia.uplugin" 368
"../../../Engine/Plugins/Media/HardwareEncoders/HardwareEncoders.uplugin" 369
"../../../Engine/Plugins/Media/HAPDecoderElectra/HAPDecoderElectra.uplugin" 370
"../../../Engine/Plugins/Media/MediaCompositing/MediaCompositing.uplugin" 371
"../../../Engine/Plugins/Media/MediaPlayerEditor/MediaPlayerEditor.uplugin" 372
"../../../Engine/Plugins/Experimental/RuntimeTelemetry/RuntimeTelemetry.uplugin" 373
"../../../Engine/Plugins/Media/ImgMedia/ImgMedia.uplugin" 374
"../../../Engine/Plugins/Media/MediaFrameworkUtilities/MediaFrameworkUtilities.uplugin" 375
"../../../Engine/Plugins/Media/MediaMovieStreamer/MediaMovieStreamer.uplugin" 376
"../../../Engine/Plugins/Media/AndroidCamera/AndroidCamera.uplugin" 377
"../../../Engine/Plugins/Media/ElectraPlayer/ElectraPlayer.uplugin" 378
"../../../Engine/Plugins/Media/LinearTimecode/LinearTimecode.uplugin" 379
"../../../Engine/Plugins/Media/MediaPlate/MediaPlate.uplugin" 380
"../../../Engine/Plugins/Media/MfMedia/MfMedia.uplugin" 381
"../../../Engine/Plugins/Media/FlacDecoderElectra/FlacDecoderElectra.uplugin" 382
"../../../Engine/Plugins/Media/NDIMedia/NDIMedia.uplugin" 383
"../../../Engine/Plugins/Media/PixelCapture/PixelCapture.uplugin" 384
"../../../Engine/Plugins/Protocols/MQTT/MQTT.uplugin" 385
"../../../Engine/Plugins/Media/MediaIOFramework/MediaIOFramework.uplugin" 386
"../../../Engine/Plugins/Media/OpusDecoderElectra/OpusDecoderElectra.uplugin" 387
"../../../Engine/Plugins/Media/PixelStreaming2/PixelStreaming2.uplugin" 388
"../../../Engine/Plugins/Media/PixelStreaming/PixelStreaming.uplugin" 389
"../../../Engine/Plugins/Media/WebMMedia/WebMMedia.uplugin" 390
"../../../Engine/Plugins/Media/VPxDecoderElectra/VPxDecoderElectra.uplugin" 391
"../../../Engine/Plugins/NetcodeUnitTest/NetcodeUnitTest/NetcodeUnitTest.uplugin" 392
"../../../Engine/Plugins/NetcodeUnitTest/NUTUnrealEngine/NUTUnrealEngine.uplugin" 393
"../../../Engine/Plugins/PCGInterops/PCGExternalDataInterop/PCGExternalDataInterop.uplugin" 394
"../../../Engine/Plugins/Media/TimecodeSynchronizer/TimecodeSynchronizer.uplugin" 395
"../../../Engine/Plugins/Media/WmfMedia/WmfMedia.uplugin" 396
"../../../Engine/Plugins/Tests/AutomationDriverTests/AutomationDriverTests.uplugin" 397
"../../../Engine/Plugins/PCGInterops/PCGGeometryScriptInterop/PCGGeometryScriptInterop.uplugin" 398
"../../../Engine/Plugins/Tests/CQTest/CQTest.uplugin" 399
"../../../Engine/Plugins/Tests/CQTestEnhancedInput/CQTestEnhancedInput.uplugin" 400
"../../../Engine/Plugins/Tests/EditorTests/EditorTests.uplugin" 401
"../../../Engine/Plugins/Tests/FbxAutomationTestBuilder/FbxAutomationTestBuilder.uplugin" 402
"../../../Engine/Plugins/Tests/FunctionalTestingEditor/FunctionalTestingEditor.uplugin" 403
"../../../Engine/Plugins/Tests/InterchangeTests/InterchangeTests.uplugin" 404
"../../../Engine/Plugins/VirtualProduction/ActorModifierCore/ActorModifierCore.uplugin" 405
"../../../Engine/Plugins/Tests/PythonAutomationTest/PythonAutomationTest.uplugin" 406
"../../../Engine/Plugins/Tests/RHITests/RHITests.uplugin" 407
"../../../Engine/Plugins/VirtualProduction/ActorModifier/ActorModifier.uplugin" 408
"../../../Engine/Plugins/Tests/TestSamples/TestSamples.uplugin" 409
"../../../Engine/Plugins/Tests/TestFramework/TestFramework.uplugin" 410
"../../../Engine/Plugins/Tests/RuntimeTests/RuntimeTests.uplugin" 411
"../../../Engine/Plugins/VirtualProduction/Avalanche/Avalanche.uplugin" 412
"../../../Engine/Plugins/Tests/WidgetAutomationTests/WidgetAutomationTests.uplugin" 413
"../../../Engine/Plugins/VirtualProduction/CameraCalibration/CameraCalibration.uplugin" 414
"../../../Engine/Plugins/VirtualProduction/CaptureData/CaptureData.uplugin" 415
"../../../Engine/Plugins/VirtualProduction/CompositePlane/CompositePlane.uplugin" 416
"../../../Engine/Plugins/VirtualProduction/CinematicAssemblyTools/CinematicAssemblyTools.uplugin" 417
"../../../Engine/Plugins/VirtualProduction/CustomDetailsView/CustomDetailsView.uplugin" 418
"../../../Engine/Plugins/VirtualProduction/CameraCalibrationML/CameraCalibrationML.uplugin" 419
"../../../Engine/Plugins/VirtualProduction/CameraCalibrationCore/CameraCalibrationCore.uplugin" 420
"../../../Engine/Plugins/VirtualProduction/ClonerEffector/ClonerEffector.uplugin" 421
"../../../Engine/Plugins/VirtualProduction/DataCharts/DataCharts.uplugin" 422
"../../../Engine/Plugins/VirtualProduction/DynamicMaterial/DynamicMaterial.uplugin" 423
"../../../Engine/Plugins/VirtualProduction/GeometryMask/GeometryMask.uplugin" 424
"../../../Engine/Plugins/VirtualProduction/ICVFXTesting/ICVFXTesting.uplugin" 425
"../../../Engine/Plugins/VirtualProduction/ICVFX/ICVFX.uplugin" 426
"../../../Engine/Plugins/VirtualProduction/LevelSnapshots/LevelSnapshots.uplugin" 427
"../../../Engine/Plugins/VirtualProduction/LiveLinkFreeD/LiveLinkFreeD.uplugin" 428
"../../../Engine/Plugins/VirtualProduction/LiveLinkCamera/LiveLinkCamera.uplugin" 429
"../../../Engine/Plugins/VirtualProduction/LiveLinkInputDevice/LiveLinkInputDevice.uplugin" 430
"../../../Engine/Plugins/VirtualProduction/LiveLinkPrestonMDR/LiveLinkPrestonMDR.uplugin" 431
"../../../Engine/Plugins/VirtualProduction/LiveLinkMasterLockit/LiveLinkMasterLockit.uplugin" 432
"../../../Engine/Plugins/VirtualProduction/LiveLinkXR/LiveLinkXR.uplugin" 433
"../../../Engine/Plugins/VirtualProduction/LiveLinkVRPN/LiveLinkVRPN.uplugin" 434
"../../../Engine/Plugins/VirtualProduction/LensComponent/LensComponent.uplugin" 435
"../../../Engine/Plugins/VirtualProduction/OperatorStack/OperatorStack.uplugin" 436
"../../../Engine/Plugins/VirtualProduction/MultiUserTakes/MultiUserTakes.uplugin" 437
"../../../Engine/Plugins/VirtualProduction/LiveLinkOpenTrackIO/LiveLinkOpenTrackIO.uplugin" 438
"../../../Engine/Plugins/VirtualProduction/EpicStageApp/EpicStageApp.uplugin" 439
"../../../Engine/Plugins/VirtualProduction/PropertyAnimator/PropertyAnimator.uplugin" 440
"../../../Engine/Plugins/VirtualProduction/PerformanceCaptureWorkflow/PerformanceCaptureWorkflow.uplugin" 441
"../../../Engine/Plugins/VirtualProduction/PropertyAnimatorCore/PropertyAnimatorCore.uplugin" 442
"../../../Engine/Plugins/VirtualProduction/RemoteControl/RemoteControl.uplugin" 443
"../../../Engine/Plugins/VirtualProduction/RemoteControlInterception/RemoteControlInterception.uplugin" 444
"../../../Engine/Plugins/VirtualProduction/RemoteControlProtocolDMX/RemoteControlProtocolDMX.uplugin" 445
"../../../Engine/Plugins/VirtualProduction/RemoteControlProtocolOSC/RemoteControlProtocolOSC.uplugin" 446
"../../../Engine/Plugins/VirtualProduction/RemoteControlProtocolMIDI/RemoteControlProtocolMIDI.uplugin" 447
"../../../Engine/Plugins/VirtualProduction/StageMonitoring/StageMonitoring.uplugin" 448
"../../../Engine/Plugins/VirtualProduction/SequencerPlaylists/SequencerPlaylists.uplugin" 449
"../../../Engine/Plugins/VirtualProduction/StormSyncAvalancheBridge/StormSyncAvalancheBridge.uplugin" 450
"../../../Engine/Plugins/VirtualProduction/Switchboard/Switchboard.uplugin" 451
"../../../Engine/Plugins/VirtualProduction/StormSync/StormSync.uplugin" 452
"../../../Engine/Plugins/2D/Paper2D/Paper2D.uplugin" 453
"../../../Engine/Plugins/VirtualProduction/TextureShare/TextureShare.uplugin" 454
"../../../Engine/Plugins/AI/AISupport/AISupport.uplugin" 455
"../../../Engine/Plugins/VirtualProduction/Takes/Takes.uplugin" 456
"../../../Engine/Plugins/VirtualProduction/TimedDataMonitor/TimedDataMonitor.uplugin" 457
"../../../Engine/Plugins/VirtualProduction/VirtualScouting/VirtualScouting.uplugin" 458
"../../../Engine/Plugins/AI/MassAI/MassAI.uplugin" 459
"../../../Engine/Plugins/AI/HTNPlanner/HTNPlanner.uplugin" 460
"../../../Engine/Plugins/AI/EnvironmentQueryEditor/EnvironmentQueryEditor.uplugin" 461
"../../../Engine/Plugins/VirtualProduction/RemoteControlWebInterface/RemoteControlWebInterface.uplugin" 462
"../../../Engine/Plugins/AI/MassCrowd/MassCrowd.uplugin" 463
"../../../Engine/Plugins/VirtualProduction/VirtualCamera/VirtualCamera.uplugin" 464
"../../../Engine/Plugins/Animation/ACLPlugin/ACLPlugin.uplugin" 465
"../../../Engine/Plugins/VirtualProduction/VirtualCameraCore/VirtualCameraCore.uplugin" 466
"../../../Engine/Plugins/Animation/AnimationData/AnimationData.uplugin" 467
"../../../Engine/Plugins/Animation/AnimationLocomotionLibrary/AnimationLocomotionLibrary.uplugin" 468
"../../../Engine/Plugins/Animation/AnimationModifierLibrary/AnimationModifierLibrary.uplugin" 469
"../../../Engine/Plugins/Animation/AnimatorKit/AnimatorKit.uplugin" 470
"../../../Engine/Plugins/Animation/BlendSpaceMotionAnalysis/BlendSpaceMotionAnalysis.uplugin" 471
"../../../Engine/Plugins/Animation/AnimationWarping/AnimationWarping.uplugin" 472
"../../../Engine/Plugins/Animation/BlendStack/BlendStack.uplugin" 473
"../../../Engine/Plugins/Animation/ControlRig/ControlRig.uplugin" 474
"../../../Engine/Plugins/Animation/ControlRigModules/ControlRigModules.uplugin" 475
"../../../Engine/Plugins/Animation/ControlRigSpline/ControlRigSpline.uplugin" 476
"../../../Engine/Plugins/Animation/DeformerGraph/DeformerGraph.uplugin" 477
"../../../Engine/Plugins/Animation/DNACalib/DNACalib.uplugin" 478
"../../../Engine/Plugins/Animation/GameplayInsights/GameplayInsights.uplugin" 479
"../../../Engine/Plugins/Animation/GeneSplicer/GeneSplicer.uplugin" 480
"../../../Engine/Plugins/Animation/IKRig/IKRig.uplugin" 481
"../../../Engine/Plugins/Animation/LiveLink/LiveLink.uplugin" 482
"../../../Engine/Plugins/Animation/LiveLinkCurveDebugUI/LiveLinkCurveDebugUI.uplugin" 483
"../../../Engine/Plugins/AI/MLAdapter/MLAdapter.uplugin" 484
"../../../Engine/Plugins/Animation/LiveLinkDevice/LiveLinkDevice.uplugin" 485
"../../../Engine/Plugins/Animation/MotionWarping/MotionWarping.uplugin" 486
"../../../Engine/Plugins/Animation/LiveLinkExampleDevice/LiveLinkExampleDevice.uplugin" 487
"../../../Engine/Plugins/Compression/OodleNetwork/OodleNetwork.uplugin" 488
"../../../Engine/Plugins/Animation/PerformanceCaptureCore/PerformanceCaptureCore.uplugin" 489
"../../../Engine/Plugins/Animation/RigLogic/RigLogic.uplugin" 490
"../../../Engine/Plugins/Animation/TweeningUtils/TweeningUtils.uplugin" 491
"../../../Engine/Plugins/FX/CascadeToNiagaraConverter/CascadeToNiagaraConverter.uplugin" 492
"../../../Engine/Plugins/FX/NiagaraSimCaching/NiagaraSimCaching.uplugin" 493
"../../../Engine/Plugins/FX/NiagaraFluids/NiagaraFluids.uplugin" 494
"../../../Engine/Plugins/FX/Cascade/Cascade.uplugin" 495
"../../../Engine/Plugins/FX/ExampleCustomDataInterface/ExampleCustomDataInterface.uplugin" 496
"../../../Engine/Plugins/Interchange/Assets/InterchangeAssets.uplugin" 497
"../../../Engine/Plugins/FX/NiagaraMRQ/NiagaraMRQ.uplugin" 498
"../../../Engine/Plugins/Performance/AutomatedPerfTesting/AutomatedPerfTesting.uplugin" 499
"../../../Engine/Plugins/Animation/SkeletalMeshModelingTools/SkeletalMeshModelingTools.uplugin" 500
"../../../Engine/Plugins/FX/Niagara/Niagara.uplugin" 501
"../../../Engine/Plugins/Animation/PoseSearch/PoseSearch.uplugin" 502
"../../../Engine/Plugins/Animation/LiveLinkHub/LiveLinkHub.uplugin" 503
"../../../Engine/Plugins/Interchange/Editor/InterchangeEditor.uplugin" 504
"../../../Engine/Plugins/VirtualProduction/LiveLinkLens/LiveLinkLens.uplugin" 505
"../../../Engine/Plugins/MetaHuman/MetaHumanAnimator/MetaHuman.uplugin" 506
"../../../Engine/Plugins/MetaHuman/MetaHumanCalibrationProcessing/MetaHumanCalibrationProcessing.uplugin" 507
"../../../Engine/Plugins/Performance/PerformanceMonitor/PerformanceMonitor.uplugin" 508
"../../../Engine/Plugins/MetaHuman/MetaHumanCharacter/MetaHumanCharacter.uplugin" 509
"../../../Engine/Plugins/MetaHuman/MetaHumanLiveLink/MetaHumanLiveLink.uplugin" 510
"../../../Engine/Plugins/Interchange/Runtime/Interchange.uplugin" 511
"../../../Engine/Plugins/MetaHuman/MetaHumanCoreTechLib/MetaHumanCoreTech.uplugin" 512
"../../../Engine/Plugins/NNE/NNERuntimeORT/NNERuntimeORT.uplugin" 513
"../../../Engine/Plugins/Runtime/ADM/ADM.uplugin" 514
"../../../Engine/Plugins/Runtime/AndroidDeviceProfileSelector/AndroidDeviceProfileSelector.uplugin" 515
"../../../Engine/Plugins/NNE/NNEDenoiser/NNEDenoiser.uplugin" 516
"../../../Engine/Plugins/MetaHuman/MetaHumanSDK/MetaHumanSDK.uplugin" 517
"../../../Engine/Plugins/Runtime/AndroidMoviePlayer/AndroidMoviePlayer.uplugin" 518
"../../../Engine/Plugins/Runtime/AndroidPermission/AndroidPermission.uplugin" 519
"../../../Engine/Plugins/Runtime/AnimationBudgetAllocator/AnimationBudgetAllocator.uplugin" 520
"../../../Engine/Plugins/Runtime/ApexDestruction/ApexDestruction.uplugin" 521
"../../../Engine/Plugins/Runtime/AndroidBackgroundService/AndroidBackgroundService.uplugin" 522
"../../../Engine/Plugins/Runtime/AppleImageUtils/AppleImageUtils.uplugin" 523
"../../../Engine/Plugins/Runtime/AppleMoviePlayer/AppleMoviePlayer.uplugin" 524
"../../../Engine/Plugins/Runtime/ArchVisCharacter/ArchVisCharacter.uplugin" 525
"../../../Engine/Plugins/Runtime/ActorLayerUtilities/ActorLayerUtilities.uplugin" 526
"../../../Engine/Plugins/Runtime/AudioModulation/AudioModulation.uplugin" 527
"../../../Engine/Plugins/Runtime/AssetTags/AssetTags.uplugin" 528
"../../../Engine/Plugins/Runtime/AudioMotorSim/AudioMotorSim.uplugin" 529
"../../../Engine/Plugins/Runtime/AudioSynesthesia/AudioSynesthesia.uplugin" 530
"../../../Engine/Plugins/Runtime/AudioWidgets/AudioWidgets.uplugin" 531
"../../../Engine/Plugins/Runtime/CableComponent/CableComponent.uplugin" 532
"../../../Engine/Plugins/Runtime/ChunkDownloader/ChunkDownloader.uplugin" 533
"../../../Engine/Plugins/Runtime/ComputeFramework/ComputeFramework.uplugin" 534
"../../../Engine/Plugins/Runtime/AudioCapture/AudioCapture.uplugin" 535
"../../../Engine/Plugins/Runtime/CustomMeshComponent/CustomMeshComponent.uplugin" 536
"../../../Engine/Plugins/Runtime/AndroidFileServer/AndroidFileServer.uplugin" 537
"../../../Engine/Plugins/Runtime/Firebase/Firebase.uplugin" 538
"../../../Engine/Plugins/Runtime/GameFeatures/GameFeatures.uplugin" 539
"../../../Engine/Plugins/Runtime/GameInput/GameInput.uplugin" 540
"../../../Engine/Plugins/Runtime/GameplayAbilities/GameplayAbilities.uplugin" 541
"../../../Engine/Plugins/Runtime/GameplayStateTree/GameplayStateTree.uplugin" 542
"../../../Engine/Plugins/Runtime/GameplayBehaviorSmartObjects/GameplayBehaviorSmartObjects.uplugin" 543
"../../../Engine/Plugins/Runtime/GameplayInteractions/GameplayInteractions.uplugin" 544
"../../../Engine/Plugins/Runtime/ExampleDeviceProfileSelector/ExampleDeviceProfileSelector.uplugin" 545
"../../../Engine/Plugins/Runtime/GeometryCache/GeometryCache.uplugin" 546
"../../../Engine/Plugins/Runtime/GeometryScripting/GeometryScripting.uplugin" 547
"../../../Engine/Plugins/Runtime/GeometryProcessing/GeometryProcessing.uplugin" 548
"../../../Engine/Plugins/Runtime/GooglePAD/GooglePAD.uplugin" 549
"../../../Engine/Plugins/Runtime/GoogleCloudMessaging/GoogleCloudMessaging.uplugin" 550
"../../../Engine/Plugins/Runtime/GeoReferencing/GeoReferencing.uplugin" 551
"../../../Engine/Plugins/Runtime/CommonUI/CommonUI.uplugin" 552
"../../../Engine/Plugins/Runtime/Harmonix/Harmonix.uplugin" 553
"../../../Engine/Plugins/Runtime/HPMotionController/HPMotionController.uplugin" 554
"../../../Engine/Plugins/Runtime/InputDebugging/InputDebugging.uplugin" 555
"../../../Engine/Plugins/Runtime/InstancedActors/InstancedActors.uplugin" 556
"../../../Engine/Plugins/Runtime/HTTPChunkInstaller/HTTPChunkInstaller.uplugin" 557
"../../../Engine/Plugins/Runtime/IOSDeviceProfileSelector/IOSDeviceProfileSelector.uplugin" 558
"../../../Engine/Plugins/Runtime/HDRIBackdrop/HDRIBackdrop.uplugin" 559
"../../../Engine/Plugins/Runtime/IOSReplayKit/IOSReplayKit.uplugin" 560
"../../../Engine/Plugins/Runtime/LinuxDeviceProfileSelector/LinuxDeviceProfileSelector.uplugin" 561
"../../../Engine/Plugins/Runtime/LevelStreamingPersistence/LevelStreamingPersistence.uplugin" 562
"../../../Engine/Plugins/Runtime/LiveLinkOvernDisplay/LiveLinkOverNDisplay.uplugin" 563
"../../../Engine/Plugins/Runtime/LocationServicesIOSImpl/LocationServicesIOSImpl.uplugin" 564
"../../../Engine/Plugins/Runtime/LocationServicesAndroidImpl/LocationServicesAndroidImpl.uplugin" 565
"../../../Engine/Plugins/Runtime/LocationServicesBPLibrary/LocationServicesBPLibrary.uplugin" 566
"../../../Engine/Plugins/Runtime/DataRegistry/DataRegistry.uplugin" 567
"../../../Engine/Plugins/Runtime/MassEntity/MassEntity.uplugin" 568
"../../../Engine/Plugins/Runtime/MeshModelingToolset/MeshModelingToolset.uplugin" 569
"../../../Engine/Plugins/Runtime/Metasound/Metasound.uplugin" 570
"../../../Engine/Plugins/Runtime/MicrosoftSpatialAudio/MicroSoftSpatialSound.uplugin" 571
"../../../Engine/Plugins/Runtime/MIDIDevice/MIDIDevice.uplugin" 572
"../../../Engine/Plugins/Runtime/MixedRealityCaptureFramework/MixedRealityCaptureFramework.uplugin" 573
"../../../Engine/Plugins/Runtime/MobileFSR/MobileFSR.uplugin" 574
"../../../Engine/Plugins/Runtime/MobilePatchingUtils/MobilePatchingUtils.uplugin" 575
"../../../Engine/Plugins/Runtime/ModularGameplay/ModularGameplay.uplugin" 576
"../../../Engine/Plugins/Runtime/ModelViewViewModel/ModelViewViewModel.uplugin" 577
"../../../Engine/Plugins/Runtime/HairStrands/HairStrands.uplugin" 578
"../../../Engine/Plugins/Runtime/MsQuic/MsQuic.uplugin" 579
"../../../Engine/Plugins/Runtime/MultiServerReplication/MultiServerReplication.uplugin" 580
"../../../Engine/Plugins/Runtime/MassGameplay/MassGameplay.uplugin" 581
"../../../Engine/Plugins/Runtime/NavCorridor/NavCorridor.uplugin" 582
"../../../Engine/Plugins/Runtime/nDisplay/nDisplay.uplugin" 583
"../../../Engine/Plugins/Runtime/NetworkPrediction/NetworkPrediction.uplugin" 584
"../../../Engine/Plugins/Runtime/nDisplayModularFeatures/nDisplayModularFeatures.uplugin" 585
"../../../Engine/Plugins/Runtime/NetworkPredictionInsights/NetworkPredictionInsights.uplugin" 586
"../../../Engine/Plugins/Runtime/OpenCV/OpenCV.uplugin" 587
"../../../Engine/Plugins/Runtime/NetworkPredictionExtras/NetworkPredictionExtras.uplugin" 588
"../../../Engine/Plugins/Runtime/OpenXR/OpenXR.uplugin" 589
"../../../Engine/Plugins/Runtime/OpenXREyeTracker/OpenXREyeTracker.uplugin" 590
"../../../Engine/Plugins/Runtime/OpenXRHandTracking/OpenXRHandTracking.uplugin" 591
"../../../Engine/Plugins/Runtime/OpenXRMsftHandInteraction/OpenXRMsftHandInteraction.uplugin" 592
"../../../Engine/Plugins/Runtime/OpenXRViveTracker/OpenXRViveTracker.uplugin" 593
"../../../Engine/Plugins/Runtime/OSC/OSC.uplugin" 594
"../../../Engine/Plugins/Runtime/OptionalMobileFeaturesBPLibrary/OptionalMobileFeaturesBPLibrary.uplugin" 595
"../../../Engine/Plugins/Runtime/PreLoadScreenMoviePlayer/PreLoadScreenMoviePlayer.uplugin" 596
"../../../Engine/Plugins/Runtime/ProceduralMeshComponent/ProceduralMeshComponent.uplugin" 597
"../../../Engine/Plugins/Runtime/PropertyAccess/PropertyAccessEditor.uplugin" 598
"../../../Engine/Plugins/Runtime/ReplicationGraph/ReplicationGraph.uplugin" 599
"../../../Engine/Plugins/Runtime/RenderTrace/RenderTrace.uplugin" 600
"../../../Engine/Plugins/Runtime/PropertyBindingUtils/PropertyBindingUtils.uplugin" 601
"../../../Engine/Plugins/Runtime/ReplicationSystemTestPlugin/ReplicationSystemTestPlugin.uplugin" 602
"../../../Engine/Plugins/Runtime/ResonanceAudio/ResonanceAudio.uplugin" 603
"../../../Engine/Plugins/Runtime/RigVM/RigVM.uplugin" 604
"../../../Engine/Plugins/Runtime/ScriptableToolsFramework/ScriptableToolsFramework.uplugin" 605
"../../../Engine/Plugins/Runtime/SkeletalMerging/SkeletalMerging.uplugin" 606
"../../../Engine/Plugins/Runtime/SignificanceManager/SignificanceManager.uplugin" 607
"../../../Engine/Plugins/Runtime/SmartObjects/SmartObjects.uplugin" 608
"../../../Engine/Plugins/Runtime/SoundFields/SoundFields.uplugin" 609
"../../../Engine/Plugins/Runtime/Soundscape/Soundscape.uplugin" 610
"../../../Engine/Plugins/Runtime/MusicEnvironment/MusicEnvironment.uplugin" 611
"../../../Engine/Plugins/Runtime/SoundMod/SoundMod.uplugin" 612
"../../../Engine/Plugins/Runtime/SoundUtilities/SoundUtilities.uplugin" 613
"../../../Engine/Plugins/Runtime/StateTree/StateTree.uplugin" 614
"../../../Engine/Plugins/Runtime/Spatialization/Spatialization.uplugin" 615
"../../../Engine/Plugins/Runtime/SunPosition/SunPosition.uplugin" 616
"../../../Engine/Plugins/Runtime/Synthesis/Synthesis.uplugin" 617
"../../../Engine/Plugins/Runtime/USDCore/USDCore.uplugin" 618
"../../../Engine/Plugins/Runtime/SoundCueTemplates/SoundCueTemplates.uplugin" 619
"../../../Engine/Plugins/Runtime/WarpUtils/WarpUtils.uplugin" 620
"../../../Engine/Plugins/Runtime/WebMMoviePlayer/WebMMoviePlayer.uplugin" 621
"../../../Engine/Plugins/Runtime/WebBrowserWidget/WebBrowserWidget.uplugin" 622
"../../../Engine/Plugins/Runtime/WindowsDeviceProfileSelector/WindowsDeviceProfileSelector.uplugin" 623
"../../../Engine/Plugins/Runtime/WorldConditions/WorldConditions.uplugin" 624
"../../../Engine/Plugins/Runtime/WebBrowserNativeProxy/WebBrowserNativeProxy.uplugin" 625
"../../../Engine/Plugins/Runtime/XRBase/XRBase.uplugin" 626
"../../../Engine/Plugins/Runtime/ZoneGraph/ZoneGraph.uplugin" 627
"../../../Engine/Plugins/Runtime/WindowsMoviePlayer/WindowsMoviePlayer.uplugin" 628
"../../../Engine/Plugins/Runtime/PacketHandlers/AESGCMHandlerComponent/AESGCMHandlerComponent.uplugin" 629
"../../../Engine/Plugins/Runtime/ZoneGraphAnnotations/ZoneGraphAnnotations.uplugin" 630
"../../../Engine/Plugins/Runtime/PacketHandlers/AESHandlerComponent/AESHandlerComponent.uplugin" 631
"../../../Engine/Plugins/Runtime/PacketHandlers/DTLSHandlerComponent/DTLSHandlerComponent.uplugin" 632
"../../../Engine/Plugins/Runtime/Steam/SteamController/SteamController.uplugin" 633
"../../../Engine/Plugins/Runtime/Steam/SteamShared/SteamShared.uplugin" 634
"../../../Engine/Plugins/Runtime/WaveTable/WaveTable.uplugin" 635
"../../../Engine/Plugins/Runtime/Steam/SteamAudio/SteamAudio.uplugin" 636
"../../../Engine/Plugins/Runtime/Steam/SteamSockets/SteamSockets.uplugin" 637
"../../../Engine/Plugins/Developer/Concert/ConcertMain/ConcertMain.uplugin" 638
"../../../Engine/Plugins/Experimental/AVCodecs/AMFCodecs/AMFCodecs.uplugin" 639
"../../../Engine/Plugins/Online/IOS/OnlineSubsystemIOS/OnlineSubsystemIOS.uplugin" 640
"../../../Engine/Plugins/Experimental/AVCodecs/LibVpxCodecs/LibVpxCodecs.uplugin" 641
"../../../Engine/Plugins/Runtime/Windows/XInputDevice/XInputDevice.uplugin" 642
"../../../Engine/Plugins/Experimental/AVCodecs/AVCodecsCore/AVCodecsCore.uplugin" 643
"../../../Engine/Plugins/Editor/Localization/PortableObjectFileDataSource/PortableObjectFileDataSource.uplugin" 644
"../../../Engine/Plugins/Experimental/MetaHuman/MetaHumanRuntime/MetaHumanRuntime.uplugin" 645
"../../../Engine/Plugins/Experimental/AVCodecs/NVCodecs/NVCodecs.uplugin" 646
"../../../Engine/Plugins/Runtime/Windows/WinDualShock/WinDualShock.uplugin" 647
"../../../Engine/Plugins/Experimental/CharacterFXEditor/BaseCharacterFXEditor/BaseCharacterFXEditor.uplugin" 648
"../../../Engine/Plugins/Experimental/AVCodecs/WMFCodecs/WMFCodecs.uplugin" 649
"../../../Engine/Plugins/Experimental/AVCodecs/VTCodecs/VTCodecs.uplugin" 650
"../../../Engine/Plugins/Experimental/CharacterFXEditor/ExampleCharacterFXEditor/ExampleCharacterFXEditor.uplugin" 651
"../../../Engine/Plugins/Experimental/Web/WebAPI/WebAPI.uplugin" 652
"../../../Engine/Plugins/Online/Android/AndroidFetchBackgroundDownload/AndroidFetchBackgroundDownload.uplugin" 653
"../../../Engine/Plugins/VirtualProduction/DMX/DMXDisplayCluster/DMXDisplayCluster.uplugin" 654
"../../../Engine/Plugins/VirtualProduction/DMX/DatasmithMVR/DatasmithMVR.uplugin" 655
"../../../Engine/Plugins/VirtualProduction/DMX/DMXControlConsole/DMXControlConsole.uplugin" 656
"../../../Engine/Plugins/VirtualProduction/DMX/DMXEngine/DMXEngine.uplugin" 657
"../../../Engine/Plugins/VirtualProduction/DMX/DMXFixtures/DMXFixtures.uplugin" 658
"../../../Engine/Plugins/Online/Android/OnlineSubsystemGooglePlay/OnlineSubsystemGooglePlay.uplugin" 659
"../../../Engine/Plugins/VirtualProduction/DMX/DMXGDTF/DMXGDTF.uplugin" 660
"../../../Engine/Plugins/VirtualProduction/DMX/DMXModularFeatures/DMXModularFeatures.uplugin" 661
"../../../Engine/Plugins/VirtualProduction/DMX/DMXProtocol/DMXProtocol.uplugin" 662
"../../../Engine/Plugins/VirtualProduction/DMX/DMXPixelMapping/DMXPixelMapping.uplugin" 663
"../../../Engine/Plugins/Experimental/Animation/CurveExpression/CurveExpression.uplugin" 664
"../../../Engine/Plugins/Experimental/Animation/ContextualAnimation/ContextualAnimation.uplugin" 665
"../../../Engine/Plugins/Experimental/Animation/HierarchyTableAnimation/HierarchyTableAnimation.uplugin" 666
"../../../Engine/Plugins/Experimental/Animation/HierarchyTable/HierarchyTable.uplugin" 667
"../../../Engine/Plugins/Experimental/Animation/Locomotor/Locomotor.uplugin" 668
"../../../Engine/Plugins/Experimental/Animation/Optimus/Optimus.uplugin" 669
"../../../Engine/Plugins/Experimental/Animation/PackedAttributes/PackedAttributes.uplugin" 670
"../../../Engine/Plugins/Experimental/Animation/MotionTrajectory/MotionTrajectory.uplugin" 671
"../../../Engine/Plugins/Experimental/Compositing/CompositeCore/CompositeCore.uplugin" 672
"../../../Engine/Plugins/Experimental/Animation/RigMapper/RigMapper.uplugin" 673
"../../../Engine/Plugins/Experimental/Compositing/HoldoutComposite/HoldoutComposite.uplugin" 674
"../../../Engine/Plugins/Experimental/Animation/SkeletalMeshMorphTargetEditingTools/SkeletalMeshMorphTargetEditingTools.uplugin" 675
"../../../Engine/Plugins/Experimental/Animation/TrajectoryTools/TrajectoryTools.uplugin" 676
"../../../Engine/Plugins/Experimental/Animation/SkeletonTemplateFramework/SkeletonTemplateFramework.uplugin" 677
"../../../Engine/Plugins/Interchange/Extensions/OpenVDB/InterchangeOpenVDB.uplugin" 678
"../../../Engine/Plugins/Interchange/Extensions/OpenUSD/InterchangeOpenUSD.uplugin" 679
"../../../Engine/Plugins/Experimental/PCGInterops/PCGNiagaraInterop/PCGNiagaraInterop.uplugin" 680
"../../../Engine/Plugins/Experimental/PCGInterops/PCGInstancedActorsInterop/PCGInstancedActorsInterop.uplugin" 681
"../../../Engine/Plugins/Editor/ContentBrowser/ContentBrowserAssetDataSource/ContentBrowserAssetDataSource.uplugin" 682
"../../../Engine/Plugins/Editor/ContentBrowser/ContentBrowserClassDataSource/ContentBrowserClassDataSource.uplugin" 683
"../../../Engine/Plugins/Editor/ContentBrowser/ContentBrowserFileDataSource/ContentBrowserFileDataSource.uplugin" 684
"../../../Engine/Plugins/Editor/ContentBrowser/ContentBrowserAliasDataSource/ContentBrowserAliasDataSource.uplugin" 685
"../../../Engine/Plugins/Experimental/PCGInterops/PCGWaterInterop/PCGWaterInterop.uplugin" 686
"../../../Engine/Plugins/Online/VoiceChat/EOSVoiceChat/EOSVoiceChat.uplugin" 687
"../../../Engine/Plugins/Runtime/Database/ADOSupport/ADOSupport.uplugin" 688
"../../../Engine/Plugins/Online/VoiceChat/VoiceChat/VoiceChat.uplugin" 689
"../../../Engine/Plugins/Editor/ObjectMixer/LightMixer/LightMixer.uplugin" 690
"../../../Engine/Plugins/Editor/ObjectMixer/ObjectMixer/ObjectMixer.uplugin" 691
"../../../Engine/Plugins/Experimental/Enterprise/DataprepGeometryOperations/DataprepGeometryOperations.uplugin" 692
"../../../Engine/Plugins/Experimental/Enterprise/DatasmithInterchange/DatasmithInterchange.uplugin" 693
"../../../Engine/Plugins/Runtime/Database/SQLiteSupport/SQLiteSupport.uplugin" 694
"../../../Engine/Plugins/VirtualProduction/Rivermax/RivermaxCore/RivermaxCore.uplugin" 695
"../../../Engine/Plugins/VirtualProduction/Rivermax/RivermaxMedia/RivermaxMedia.uplugin" 696
"../../../Engine/Plugins/VirtualProduction/Rivermax/RivermaxSync/RivermaxSync.uplugin" 697
"../../../Engine/Plugins/Experimental/Enterprise/DatasmithRuntime/DatasmithRuntime.uplugin" 698
"../../../Engine/Plugins/Runtime/Nvidia/GeForceNOWWrapper/GeForceNOWWrapper.uplugin" 699
"../../../Engine/Plugins/Runtime/Nvidia/Reflex/Reflex.uplugin" 700
"../../../Engine/Plugins/Experimental/VirtualProduction/VPSettings/VPSettings.uplugin" 701
"../../../Engine/Plugins/Experimental/VirtualProduction/LedWallCalibration/LedWallCalibration.uplugin" 702
"../../../Engine/Plugins/Runtime/Database/DatabaseSupport/DatabaseSupport.uplugin" 703
"../../../Engine/Plugins/VirtualProduction/CaptureManager/CaptureManagerCore/CaptureManagerCore.uplugin" 704
"../../../Engine/Plugins/Runtime/Database/SQLiteCore/SQLiteCore.uplugin" 705
"../../../Engine/Plugins/VirtualProduction/CaptureManager/CaptureManagerDevices/CaptureManagerDevices.uplugin" 706
"../../../Engine/Plugins/Runtime/Analytics/Adjust/Adjust.uplugin" 707
"../../../Engine/Plugins/Runtime/Database/RemoteDatabaseSupport/RemoteDatabaseSupport.uplugin" 708
"../../../Engine/Plugins/Runtime/Analytics/AnalyticsMulticast/AnalyticsMulticast.uplugin" 709
"../../../Engine/Plugins/Runtime/Analytics/FileLogging/FileLogging.uplugin" 710
"../../../Engine/Plugins/VirtualProduction/CaptureManager/CaptureManagerApp/CaptureManagerApp.uplugin" 711
"../../../Engine/Plugins/Animation/MLDeformer/ChaosClothGenerator/ChaosClothGenerator.uplugin" 712
"../../../Engine/Plugins/Runtime/MeshReconstruction/DummyMeshReconstructor/DummyMeshReconstructor.uplugin" 713
"../../../Engine/Plugins/Experimental/VirtualProduction/VPRoles/VPRoles.uplugin" 714
"../../../Engine/Plugins/Animation/MLDeformer/ChaosFleshGenerator/ChaosFleshGenerator.uplugin" 715
"../../../Engine/Plugins/Animation/MLDeformer/NearestNeighborModel/NearestNeighborModel.uplugin" 716
"../../../Engine/Plugins/Animation/MLDeformer/NeuralMorphModel/NeuralMorphModel.uplugin" 717
"../../../Engine/Plugins/Animation/MLDeformer/VertexDeltaModel/VertexDeltaModel.uplugin" 718
"../../../Engine/Plugins/Runtime/AR/ARUtilities/ARUtilities.uplugin" 719
"../../../Engine/Plugins/Runtime/XR/XRScribe/XRScribe.uplugin" 720
"../../../Engine/Plugins/Runtime/Advertising/IOSTapJoy/IOSTapJoy.uplugin" 721
"../../../Engine/Plugins/Animation/MLDeformer/MLDeformerFramework/MLDeformerFramework.uplugin" 722
"../../../Engine/Plugins/Runtime/XR/XRVisualization/XRVisualization.uplugin" 723
"../../../Engine/Plugins/Developer/Concert/ConcertSync/ConcertSyncCore/ConcertSyncCore.uplugin" 724
"../../../Engine/Plugins/Developer/Concert/ConcertUI/ConcertClientSharedSlate/ConcertClientSharedSlate.uplugin" 725
"../../../Engine/Plugins/Developer/Concert/ConcertSync/ConcertSyncClient/ConcertSyncClient.uplugin" 726
"../../../Engine/Plugins/Developer/Concert/ConcertSync/ConcertSyncServer/ConcertSyncServer.uplugin" 727
"../../../Engine/Plugins/Developer/Concert/ConcertUI/ConcertSharedSlate/ConcertSharedSlate.uplugin" 728
"../../../Engine/Plugins/Runtime/AR/Google/GoogleARCoreServices/GoogleARCoreServices.uplugin" 729
"../../../Engine/Plugins/Developer/Concert/ConcertSync/ConcertSyncTest/ConcertSyncTest.uplugin" 730
"../../../Engine/Plugins/Runtime/AR/Google/GoogleARCore/GoogleARCore.uplugin" 731
"../../../Engine/Plugins/Experimental/Animation/MLDeformer/DetailPoseModel/DetailPoseModel.uplugin" 732
"../../../Engine/Plugins/Developer/Concert/ConcertApp/DisasterRecoveryClient/DisasterRecoveryClient.uplugin" 733
"../../../Engine/Plugins/Runtime/AR/AppleAR/AppleARKit/AppleARKit.uplugin" 734
"../../../Engine/Plugins/Developer/Concert/ConcertApp/MultiUserServer/MultiUserServer.uplugin" 735
"../../../Engine/Plugins/VirtualProduction/CaptureManager/CaptureManagerEditor/CaptureManagerEditor.uplugin" 736
"../../../Engine/Plugins/Developer/Concert/ConcertInsights/ConcertInsightsServer/ConcertInsightsServer.uplugin" 737
"../../../Engine/Plugins/Developer/Concert/ConcertInsights/ConcertInsightsVisualizer/ConcertInsightsVisualizer.uplugin" 738
"../../../Engine/Plugins/Runtime/AR/AppleAR/AppleARKitFaceSupport/AppleARKitFaceSupport.uplugin" 739
"../../../Engine/Plugins/Developer/Concert/ConcertInsights/ConcertInsightsCore/ConcertInsightsCore.uplugin" 740
"../../../Engine/Plugins/Developer/Concert/ConcertScripting/ConcertReplicationScripting/ConcertReplicationScripting.uplugin" 741
"../../../Engine/Plugins/Runtime/Analytics/AnalyticsBlueprintLibrary/AnalyticsBlueprintLibrary.uplugin" 742
"../../../Engine/Plugins/Developer/Concert/ConcertInsights/ConcertInsightsClient/ConcertInsightsClient.uplugin" 743
"../../../Engine/Plugins/Developer/Concert/ConcertApp/MultiUserClient/MultiUserClient.uplugin" 744
"../../../Engine/Platforms/Android/Plugins/RigLogic/RigLogic_Android.uplugin" 745
"../../../Engine/Platforms/Android/Plugins/Animation/ACLPlugin/ACLPlugin_Android.uplugin" 746
"../../../Engine/Platforms/IOS/Plugins/RigLogic/RigLogic_IOS.uplugin" 747
"../../../Engine/Content/Internationalization/icudt64l/cnvalias.icu" 748
"../../../Engine/Content/Internationalization/icudt64l/res_index.res" 749
"../../../Engine/Content/Internationalization/icudt64l/plurals.res" 750
"../../../Engine/Content/Internationalization/icudt64l/lang/en.res" 751
"../../../Engine/Content/Internationalization/icudt64l/lang/pool.res" 752
"../../../Engine/Content/Internationalization/icudt64l/lang/root.res" 753
"../../../Engine/Content/Internationalization/icudt64l/region/en.res" 754
"../../../Engine/Content/Internationalization/icudt64l/region/pool.res" 755
"../../../Engine/Content/Internationalization/icudt64l/region/root.res" 756
"../../../Engine/Content/Internationalization/icudt64l/windowsZones.res" 757
"../../../Engine/Content/Internationalization/icudt64l/zoneinfo64.res" 758
"../../../Engine/Content/Internationalization/icudt64l/keyTypeData.res" 759
"../../../Engine/Content/Internationalization/icudt64l/timezoneTypes.res" 760
"../../../Engine/Content/Internationalization/icudt64l/likelySubtags.res" 761
"../../../Engine/Content/Internationalization/icudt64l/en_US.res" 762
"../../../Engine/Content/Internationalization/icudt64l/pool.res" 763
"../../../Engine/Content/Internationalization/icudt64l/en.res" 764
"../../../Engine/Content/Internationalization/icudt64l/root.res" 765
"../../../Engine/Content/Internationalization/icudt64l/supplementalData.res" 766
"../../../Engine/Config/ConfigRedirects.ini" 767
"C:/Users/symbi/AppData/Local/UnrealEngine/5.6/Saved/Config/WindowsEditor/Manifest.ini" 768
"../../../Engine/Config/BaseEngine.ini" 769
"../../../Engine/Config/Windows/BaseWindowsEngine.ini" 770
"C:/Users/symbi/Documents/School Stuff/LvlDesign2/Project2/Emily/LvlDesign02_TeamLuminous_Project02/Config/DefaultEngine.ini" 771
"../../../Engine/Config/BaseGame.ini" 772
"C:/Users/symbi/Documents/School Stuff/LvlDesign2/Project2/Emily/LvlDesign02_TeamLuminous_Project02/Config/DefaultGame.ini" 773
"../../../Engine/Config/Windows/WindowsGame.ini" 774
"C:/Users/symbi/Documents/School Stuff/LvlDesign2/Project2/Emily/LvlDesign02_TeamLuminous_Project02/Saved/Config/WindowsEditor/Game.ini" 775
"../../../Engine/Config/BaseInput.ini" 776
"../../../Engine/Config/Windows/BaseWindowsInput.ini" 777
"C:/Users/symbi/Documents/School Stuff/LvlDesign2/Project2/Emily/LvlDesign02_TeamLuminous_Project02/Config/DefaultInput.ini" 778
"../../../Engine/Config/Windows/WindowsInput.ini" 779
"../../../Engine/Config/BaseDeviceProfiles.ini" 780
"../../../Engine/Config/BaseGameUserSettings.ini" 781
"C:/Users/symbi/Documents/School Stuff/LvlDesign2/Project2/Emily/LvlDesign02_TeamLuminous_Project02/Saved/Config/WindowsEditor/GameUserSettings.ini" 782
"../../../Engine/Config/BaseScalability.ini" 783
"../../../Engine/Config/BaseRuntimeOptions.ini" 784
"../../../Engine/Config/BaseInstallBundle.ini" 785
"../../../Engine/Config/BaseHardware.ini" 786
"../../../Engine/Config/BaseCompat.ini" 787
"../../../Engine/Config/BaseLightmass.ini" 788
"../../../Engine/Config/BaseEditor.ini" 789
"C:/Users/symbi/Documents/School Stuff/LvlDesign2/Project2/Emily/LvlDesign02_TeamLuminous_Project02/Config/DefaultEditor.ini" 790
"C:/Users/symbi/Documents/School Stuff/LvlDesign2/Project2/Emily/LvlDesign02_TeamLuminous_Project02/Saved/Config/WindowsEditor/Editor.ini" 791
"../../../Engine/Config/BaseMaterialExpressions.ini" 792
"../../../Engine/Config/BaseEditorPerProjectUserSettings.ini" 793
"C:/Users/symbi/Documents/School Stuff/LvlDesign2/Project2/Emily/LvlDesign02_TeamLuminous_Project02/Config/DefaultEditorPerProjectUserSettings.ini" 794
"../../../Engine/Config/Windows/WindowsEditorPerProjectUserSettings.ini" 795
"C:/Users/symbi/Documents/School Stuff/LvlDesign2/Project2/Emily/LvlDesign02_TeamLuminous_Project02/Saved/Config/WindowsEditor/EditorPerProjectUserSettings.ini" 796
"../../../Engine/Config/BaseEditorSettings.ini" 797
"../../../Engine/Config/Windows/WindowsEditorSettings.ini" 798
"C:/Users/symbi/AppData/Local/UnrealEngine/5.6/Saved/Config/WindowsEditor/EditorSettings.ini" 799
"../../../Engine/Config/BaseEditorKeyBindings.ini" 800
"C:/Users/symbi/AppData/Local/UnrealEngine/5.6/Saved/Config/WindowsEditor/EditorLayout.ini" 801
"../../../Engine/Config/IOS/BaseIOSEngine.ini" 802
"../../../Engine/Config/Mac/BaseMacEngine.ini" 803
"../../../Engine/Config/Unix/UnixEngine.ini" 804
"C:/Users/symbi/Documents/School Stuff/LvlDesign2/Project2/Emily/LvlDesign02_TeamLuminous_Project02/Binaries/Win64/MyProject3-Win64-Shipping.target" 805
"../../../Engine/Config/Linux/BaseLinuxEngine.ini" 806
"../../../Engine/Config/Android/BaseAndroidEngine.ini" 807
"../../../Engine/Config/TVOS/TVOSEngine.ini" 808
"../../../Engine/Config/Android/AndroidEngine.ini" 809
"../../../Engine/Config/Linux/LinuxEngine.ini" 810
"../../../Engine/Binaries/Win64/BootstrapPackagedGame-Win64-Shipping.target" 811
"../../../Engine/Binaries/Win64/BuildPatchTool-Win64-Shipping.target" 812
"../../../Engine/Binaries/Win64/CrashReportClient-Win64-Shipping.target" 813
"../../../Engine/Binaries/Win64/CrashReportClientEditor-Win64-Shipping.target" 814
"../../../Engine/Binaries/Win64/DatasmithCADWorker.target" 815
"../../../Engine/Binaries/Win64/EpicWebHelper-Win64-Shipping.target" 816
"../../../Engine/Binaries/Win64/InterchangeWorker.target" 817
"../../../Engine/Binaries/Win64/LiveCodingConsole.target" 818
"../../../Engine/Binaries/Win64/LiveLinkHub.target" 819
"../../../Engine/Config/IOS/BaseIOSGame.ini" 820
"../../../Engine/Config/Android/BaseAndroidGame.ini" 821
"../../../Engine/Config/Mac/MacGame.ini" 822
"../../../Engine/Config/IOS/IOSGame.ini" 823
"../../../Engine/Config/Linux/LinuxGame.ini" 824
"../../../Engine/Config/Mac/BaseMacInput.ini" 825
"../../../Engine/Config/IOS/BaseIOSInput.ini" 826
"../../../Engine/Config/Android/BaseAndroidInput.ini" 827
"../../../Engine/Config/Android/AndroidScalability.ini" 828
"../../../Engine/Config/IOS/IOSScalability.ini" 829
"../../../Engine/Config/Android/BaseAndroidInstallBundle.ini" 830
"../../../Engine/Config/IOS/BaseIOSInstallBundle.ini" 831
"../../../Engine/Platforms/VisionOS/Config/BaseVisionOSEngine.ini" 832
"../../../Engine/Binaries/Win64/ShaderCompileWorker.target" 833
"../../../Engine/Platforms/VisionOS/Config/VisionOSEngine.ini" 834
"../../../Engine/Binaries/Win64/SwitchboardListener.target" 835
"../../../Engine/Binaries/Win64/SwitchboardListenerHelper.target" 836
"../../../Engine/Binaries/Win64/UnrealEditor-Win64-DebugGame.target" 837
"../../../Engine/Binaries/Win64/UnrealEditor.target" 838
"../../../Engine/Config/PluginBase.ini" 839
"../../../Engine/Plugins/ChaosVD/Config/DefaultChaosVD.ini" 840
"../../../Engine/Plugins/EnhancedInput/Config/BaseEnhancedInput.ini" 841
"../../../Engine/Plugins/Fab/Config/BaseFab.ini" 842
"../../../Engine/Plugins/TraceUtilities/Config/BaseTraceUtilities.ini" 843
"../../../Engine/Plugins/Cameras/GameplayCameras/Config/BaseGameplayCameras.ini" 844
"../../../Engine/Plugins/Enterprise/DatasmithContent/Config/BaseDatasmithContent.ini" 845
"../../../Engine/Plugins/Enterprise/GLTFExporter/Config/BaseGLTFExporter.ini" 846
"../../../Engine/Plugins/Enterprise/GLTFExporter/Config/DefaultGLTFExporter.ini" 847
"../../../Engine/Plugins/Enterprise/VariantManagerContent/Config/BaseVariantManagerContent.ini" 848
"../../../Engine/Plugins/Editor/EditorScriptingUtilities/Config/BaseEditorScriptingUtilities.ini" 849
"../../../Engine/Plugins/Experimental/FullBodyIK/Config/BaseFullBodyIK.ini" 850
"../../../Engine/Plugins/Experimental/ToolPresets/Config/BaseToolPresets.ini" 851
"../../../Engine/Plugins/VirtualProduction/CameraCalibrationCore/Config/BaseCameraCalibrationCore.ini" 852
"../../../Engine/Plugins/2D/Paper2D/Config/BasePaper2D.ini" 853
"../../../Engine/Plugins/VirtualProduction/Takes/Config/BaseTakes.ini" 854
"../../../Engine/Plugins/Animation/ControlRig/Config/BaseControlRig.ini" 855
"../../../Engine/Plugins/Animation/DeformerGraph/Config/BaseDeformerGraph.ini" 856
"../../../Engine/Plugins/Animation/IKRig/Config/BaseIKRig.ini" 857
"../../../Engine/Plugins/Interchange/Assets/Config/BaseInterchangeAssets.ini" 858
"../../../Engine/Plugins/FX/Niagara/Config/BaseNiagara.ini" 859
"../../../Engine/Plugins/Interchange/Runtime/Config/BaseInterchange.ini" 860
"../../../Engine/Plugins/MetaHuman/MetaHumanSDK/Config/BaseMetaHumanSDK.ini" 861
"../../../Engine/Plugins/Runtime/GameplayStateTree/Config/BaseGameplayStateTree.ini" 862
"../../../Engine/Plugins/Runtime/HairStrands/Config/BaseHairStrands.ini" 863
"../../../Engine/Plugins/Runtime/Metasound/Config/BaseMetasound.ini" 864
"../../../Engine/Plugins/Runtime/Metasound/Config/DefaultMetasound.ini" 865
"../../../Engine/Plugins/Runtime/PropertyBindingUtils/Config/BasePropertyBindingUtils.ini" 866
"../../../Engine/Plugins/Runtime/RigVM/Config/BaseRigVM.ini" 867
"../../../Engine/Plugins/Runtime/StateTree/Config/BaseStateTree.ini" 868
"../../../Engine/Plugins/Runtime/Synthesis/Config/BaseSynthesis.ini" 869
"../../../Engine/Plugins/Experimental/Compositing/CompositeCore/Config/BaseCompositeCore.ini" 870
"../../../Engine/Plugins/ChaosVD/Config/Engine.ini" 871
"../../../Engine/Plugins/EnhancedInput/Config/Input.ini" 872
"../../../Engine/Plugins/Experimental/RawInput/Config/Input.ini" 873
"../../../Engine/Plugins/Runtime/InputDebugging/Config/Input.ini" 874
"../../../Engine/Plugins/Runtime/Windows/XInputDevice/Config/Input.ini" 875
"../../../Engine/Plugins/Runtime/Windows/WinDualShock/Config/Input.ini" 876
"../../../Engine/Plugins/Online/OnlineSubsystemUtils/Config/Editor.ini" 877
"../../../Engine/Plugins/Runtime/RigVM/Config/Editor.ini" 878
"../../../Engine/Plugins/NNE/NNEDenoiser/Config/Game.ini" 879
"../../../Engine/Plugins/Editor/ModelingToolsEditorMode/Binaries/Win64/UnrealEditor.modules" 880
"../../../Engine/Plugins/Runtime/MeshModelingToolset/Binaries/Win64/UnrealEditor.modules" 881
"../../../Engine/Plugins/Experimental/MeshModelingToolsetExp/Binaries/Win64/UnrealEditor.modules" 882
"../../../Engine/Plugins/Editor/MeshLODToolset/Binaries/Win64/UnrealEditor.modules" 883
"../../../Engine/Plugins/Experimental/ToolPresets/Binaries/Win64/UnrealEditor.modules" 884
"../../../Engine/Plugins/Editor/StylusInput/Binaries/Win64/UnrealEditor.modules" 885
"../../../Engine/Plugins/Runtime/GeometryProcessing/Binaries/Win64/UnrealEditor.modules" 886
"../../../Engine/Plugins/Editor/ProxyLODPlugin/Binaries/Win64/UnrealEditor.modules" 887
"../../../Engine/Plugins/Experimental/PlanarCutPlugin/Binaries/Win64/UnrealEditor.modules" 888
"../../../Engine/Plugins/Runtime/GeometryCache/Binaries/Win64/UnrealEditor.modules" 889
"../../../Engine/Plugins/Experimental/GeometryFlow/Binaries/Win64/UnrealEditor.modules" 890
"../../../Engine/Plugins/Editor/EditorScriptingUtilities/Binaries/Win64/UnrealEditor.modules" 891
"../../../Engine/Plugins/FX/Niagara/Binaries/Win64/UnrealEditor.modules" 892
"../../../Engine/Plugins/Experimental/PythonScriptPlugin/Binaries/Win64/UnrealEditor.modules" 893
"../../../Engine/Plugins/Editor/ContentBrowser/ContentBrowserFileDataSource/Binaries/Win64/UnrealEditor.modules" 894
"../../../Engine/Plugins/Runtime/GameplayStateTree/Binaries/Win64/UnrealEditor.modules" 895
"../../../Engine/Plugins/Runtime/StateTree/Binaries/Win64/UnrealEditor.modules" 896
"../../../Engine/Plugins/Animation/GameplayInsights/Binaries/Win64/UnrealEditor.modules" 897
"../../../Engine/Plugins/Runtime/PropertyAccess/Binaries/Win64/UnrealEditor.modules" 898
"../../../Engine/Plugins/Runtime/PropertyBindingUtils/Binaries/Win64/UnrealEditor.modules" 899
"../../../Engine/Plugins/Runtime/Windows/WinDualShock/Binaries/Win64/UnrealEditor.modules" 900
"../../../Engine/Plugins/Experimental/RawInput/Binaries/Win64/UnrealEditor.modules" 901
"../../../Engine/Plugins/Bridge/Binaries/Win64/UnrealEditor.modules" 902
"../../../Engine/Plugins/MetaHuman/MetaHumanSDK/Binaries/Win64/UnrealEditor.modules" 903
"../../../Engine/Plugins/Animation/ControlRig/Binaries/Win64/UnrealEditor.modules" 904
"../../../Engine/Plugins/Runtime/HairStrands/Binaries/Win64/UnrealEditor.modules" 905
"../../../Engine/Plugins/Animation/RigLogic/Binaries/Win64/UnrealEditor.modules" 906
"../../../Engine/Plugins/Online/EOSShared/Binaries/Win64/UnrealEditor.modules" 907
"../../../Engine/Plugins/Runtime/RigVM/Binaries/Win64/UnrealEditor.modules" 908
"../../../Engine/Plugins/MovieScene/LevelSequenceEditor/Binaries/Win64/UnrealEditor.modules" 909
"../../../Engine/Plugins/MovieScene/SequencerScripting/Binaries/Win64/UnrealEditor.modules" 910
"../../../Engine/Plugins/Animation/TweeningUtils/Binaries/Win64/UnrealEditor.modules" 911
"../../../Engine/Plugins/Animation/DeformerGraph/Binaries/Win64/UnrealEditor.modules" 912
"../../../Engine/Plugins/Experimental/Dataflow/Binaries/Win64/UnrealEditor.modules" 913
"../../../Engine/Plugins/Runtime/ComputeFramework/Binaries/Win64/UnrealEditor.modules" 914
"../../../Engine/Plugins/Experimental/CharacterFXEditor/BaseCharacterFXEditor/Binaries/Win64/UnrealEditor.modules" 915
"../../../Engine/Plugins/Runtime/ProceduralMeshComponent/Binaries/Win64/UnrealEditor.modules" 916
"../../../Engine/Plugins/Experimental/ChaosCaching/Binaries/Win64/UnrealEditor.modules" 917
"../../../Engine/Plugins/Experimental/EditorDataStorage/Binaries/Win64/UnrealEditor.modules" 918
"../../../Engine/Plugins/Experimental/EditorDataStorageFeatures/Binaries/Win64/UnrealEditor.modules" 919
"../../../Engine/Plugins/VirtualProduction/Takes/Binaries/Win64/UnrealEditor.modules" 920
"../../../Engine/Plugins/Runtime/AudioCapture/Binaries/Win64/UnrealEditor.modules" 921
"../../../Engine/Plugins/Developer/NamingTokens/Binaries/Win64/UnrealEditor.modules" 922
"../../../Engine/Plugins/Editor/EngineAssetDefinitions/Binaries/Win64/UnrealEditor.modules" 923
"../../../Engine/Plugins/ChaosCloth/Binaries/Win64/UnrealEditor.modules" 924
"../../../Engine/Plugins/ChaosInsights/Binaries/Win64/UnrealEditor.modules" 925
"../../../Engine/Plugins/ChaosVD/Binaries/Win64/UnrealEditor.modules" 926
"../../../Engine/Plugins/CmdLinkServer/Binaries/Win64/UnrealEditor.modules" 927
"../../../Engine/Plugins/EnhancedInput/Binaries/Win64/UnrealEditor.modules" 928
"../../../Engine/Plugins/Editor/DataValidation/Binaries/Win64/UnrealEditor.modules" 929
"../../../Engine/Plugins/Fab/Binaries/Win64/UnrealEditor.modules" 930
"../../../Engine/Plugins/Interchange/Runtime/Binaries/Win64/UnrealEditor.modules" 931
"../../../Engine/Plugins/Enterprise/VariantManagerContent/Binaries/Win64/UnrealEditor.modules" 932
"../../../Engine/Plugins/Enterprise/VariantManager/Binaries/Win64/UnrealEditor.modules" 933
"../../../Engine/Plugins/Interchange/Assets/Binaries/Win64/UnrealEditor.modules" 934
"../../../Engine/Plugins/FastBuildController/Binaries/Win64/UnrealEditor.modules" 935
"../../../Engine/Plugins/IoStoreInsights/Binaries/Win64/UnrealEditor.modules" 936
"../../../Engine/Plugins/MassInsights/Binaries/Win64/UnrealEditor.modules" 937
"../../../Engine/Plugins/MeshPainting/Binaries/Win64/UnrealEditor.modules" 938
"../../../Engine/Plugins/Interchange/Editor/Binaries/Win64/UnrealEditor.modules" 939
"../../../Engine/Plugins/RenderGraphInsights/Binaries/Win64/UnrealEditor.modules" 940
"../../../Engine/Plugins/UbaController/Binaries/Win64/UnrealEditor.modules" 941
"../../../Engine/Plugins/TraceUtilities/Binaries/Win64/UnrealEditor.modules" 942
"../../../Engine/Plugins/XGEController/Binaries/Win64/UnrealEditor.modules" 943
"../../../Engine/Plugins/WorldMetrics/Binaries/Win64/UnrealEditor.modules" 944
"../../../Engine/Plugins/Cameras/EngineCameras/Binaries/Win64/UnrealEditor.modules" 945
"../../../Engine/Plugins/MovieScene/TemplateSequence/Binaries/Win64/UnrealEditor.modules" 946
"../../../Engine/Plugins/Cameras/CameraShakePreviewer/Binaries/Win64/UnrealEditor.modules" 947
"../../../Engine/Plugins/Cameras/GameplayCameras/Binaries/Win64/UnrealEditor.modules" 948
"../../../Engine/Plugins/VirtualProduction/CameraCalibrationCore/Binaries/Win64/UnrealEditor.modules" 949
"../../../Engine/Plugins/Developer/AnimationSharing/Binaries/Win64/UnrealEditor.modules" 950
"../../../Engine/Plugins/Runtime/SignificanceManager/Binaries/Win64/UnrealEditor.modules" 951
"../../../Engine/Plugins/Developer/CLionSourceCodeAccess/Binaries/Win64/UnrealEditor.modules" 952
"../../../Engine/Plugins/Developer/DumpGPUServices/Binaries/Win64/UnrealEditor.modules" 953
"../../../Engine/Plugins/Developer/GitSourceControl/Binaries/Win64/UnrealEditor.modules" 954
"../../../Engine/Plugins/Developer/N10XSourceCodeAccess/Binaries/Win64/UnrealEditor.modules" 955
"../../../Engine/Plugins/Developer/PerforceSourceControl/Binaries/Win64/UnrealEditor.modules" 956
"../../../Engine/Plugins/Developer/PixWinPlugin/Binaries/Win64/UnrealEditor.modules" 957
"../../../Engine/Plugins/Developer/PlasticSourceControl/Binaries/Win64/UnrealEditor.modules" 958
"../../../Engine/Plugins/Developer/PluginUtils/Binaries/Win64/UnrealEditor.modules" 959
"../../../Engine/Plugins/Developer/ProjectLauncher/Binaries/Win64/UnrealEditor.modules" 960
"../../../Engine/Plugins/Developer/PropertyAccessNode/Binaries/Win64/UnrealEditor.modules" 961
"../../../Engine/Plugins/Developer/RenderDocPlugin/Binaries/Win64/UnrealEditor.modules" 962
"../../../Engine/Plugins/Developer/SubversionSourceControl/Binaries/Win64/UnrealEditor.modules" 963
"../../../Engine/Plugins/Developer/RiderSourceCodeAccess/Binaries/Win64/UnrealEditor.modules" 964
"../../../Engine/Plugins/Developer/TextureFormatOodle/Binaries/Win64/UnrealEditor.modules" 965
"../../../Engine/Plugins/Developer/VisualStudioSourceCodeAccess/Binaries/Win64/UnrealEditor.modules" 966
"../../../Engine/Plugins/Developer/VisualStudioCodeSourceCodeAccess/Binaries/Win64/UnrealEditor.modules" 967
"../../../Engine/Plugins/Developer/UObjectPlugin/Binaries/Win64/UnrealEditor.modules" 968
"../../../Engine/Plugins/Enterprise/DatasmithContent/Binaries/Win64/UnrealEditor.modules" 969
"../../../Engine/Plugins/Importers/AlembicImporter/Binaries/Win64/UnrealEditor.modules" 970
"../../../Engine/Plugins/Enterprise/GLTFExporter/Binaries/Win64/UnrealEditor.modules" 971
"../../../Engine/Plugins/Messaging/TcpMessaging/Binaries/Win64/UnrealEditor.modules" 972
"../../../Engine/Plugins/MovieScene/ActorSequence/Binaries/Win64/UnrealEditor.modules" 973
"../../../Engine/Plugins/Messaging/UdpMessaging/Binaries/Win64/UnrealEditor.modules" 974
"../../../Engine/Plugins/Online/OnlineBase/Binaries/Win64/UnrealEditor.modules" 975
"../../../Engine/Plugins/Online/OnlineSubsystem/Binaries/Win64/UnrealEditor.modules" 976
"../../../Engine/Plugins/Online/OnlineSubsystemNull/Binaries/Win64/UnrealEditor.modules" 977
"../../../Engine/Plugins/Online/OnlineSubsystemUtils/Binaries/Win64/UnrealEditor.modules" 978
"../../../Engine/Plugins/Online/OnlineServices/Binaries/Win64/UnrealEditor.modules" 979
"../../../Engine/Plugins/Portal/LauncherChunkInstaller/Binaries/Win64/UnrealEditor.modules" 980
"../../../Engine/Plugins/Editor/AssetManagerEditor/Binaries/Win64/UnrealEditor.modules" 981
"../../../Engine/Plugins/Editor/ContentBrowser/ContentBrowserAssetDataSource/Binaries/Win64/UnrealEditor.modules" 982
"../../../Engine/Plugins/Editor/BlueprintHeaderView/Binaries/Win64/UnrealEditor.modules" 983
"../../../Engine/Plugins/Editor/ChangelistReview/Binaries/Win64/UnrealEditor.modules" 984
"../../../Engine/Plugins/Editor/ColorGrading/Binaries/Win64/UnrealEditor.modules" 985
"../../../Engine/Plugins/Editor/ObjectMixer/ObjectMixer/Binaries/Win64/UnrealEditor.modules" 986
"../../../Engine/Plugins/Editor/CryptoKeys/Binaries/Win64/UnrealEditor.modules" 987
"../../../Engine/Plugins/Editor/CurveEditorTools/Binaries/Win64/UnrealEditor.modules" 988
"../../../Engine/Plugins/Editor/EditorDebugTools/Binaries/Win64/UnrealEditor.modules" 989
"../../../Engine/Plugins/Editor/GeometryMode/Binaries/Win64/UnrealEditor.modules" 990
"../../../Engine/Plugins/Editor/FacialAnimation/Binaries/Win64/UnrealEditor.modules" 991
"../../../Engine/Plugins/Editor/GameplayTagsEditor/Binaries/Win64/UnrealEditor.modules" 992
"../../../Engine/Plugins/Editor/MaterialAnalyzer/Binaries/Win64/UnrealEditor.modules" 993
"../../../Engine/Plugins/Editor/MobileLauncherProfileWizard/Binaries/Win64/UnrealEditor.modules" 994
"../../../Engine/Plugins/Editor/PluginBrowser/Binaries/Win64/UnrealEditor.modules" 995
"../../../Engine/Plugins/Editor/SequencerAnimTools/Binaries/Win64/UnrealEditor.modules" 996
"../../../Engine/Plugins/Editor/SpeedTreeImporter/Binaries/Win64/UnrealEditor.modules" 997
"../../../Engine/Plugins/Editor/UMGWidgetPreview/Binaries/Win64/UnrealEditor.modules" 998
"../../../Engine/Plugins/Experimental/AdvancedRenamer/Binaries/Win64/UnrealEditor.modules" 999
"../../../Engine/Plugins/Editor/WorldPartitionHLODUtilities/Binaries/Win64/UnrealEditor.modules" 1000
"../../../Engine/Plugins/Editor/UVEditor/Binaries/Win64/UnrealEditor.modules" 1001
"../../../Engine/Plugins/Experimental/AutomationUtils/Binaries/Win64/UnrealEditor.modules" 1002
"../../../Engine/Plugins/Experimental/BackChannel/Binaries/Win64/UnrealEditor.modules" 1003
"../../../Engine/Plugins/Experimental/ChaosEditor/Binaries/Win64/UnrealEditor.modules" 1004
"../../../Engine/Plugins/Experimental/GeometryCollectionPlugin/Binaries/Win64/UnrealEditor.modules" 1005
"../../../Engine/Plugins/Experimental/Fracture/Binaries/Win64/UnrealEditor.modules" 1006
"../../../Engine/Plugins/Experimental/ChaosSolverPlugin/Binaries/Win64/UnrealEditor.modules" 1007
"../../../Engine/Plugins/Experimental/GeometryDataflow/Binaries/Win64/UnrealEditor.modules" 1008
"../../../Engine/Plugins/Experimental/ChaosNiagara/Binaries/Win64/UnrealEditor.modules" 1009
"../../../Engine/Plugins/Experimental/ChaosUserDataPT/Binaries/Win64/UnrealEditor.modules" 1010
"../../../Engine/Plugins/Experimental/CharacterAI/Binaries/Win64/UnrealEditor.modules" 1011
"../../../Engine/Plugins/Experimental/EditorPerformance/Binaries/Win64/UnrealEditor.modules" 1012
"../../../Engine/Plugins/Experimental/EditorTelemetry/Binaries/Win64/UnrealEditor.modules" 1013
"../../../Engine/Plugins/Experimental/LevelSequenceNavigatorBridge/Binaries/Win64/UnrealEditor.modules" 1014
"../../../Engine/Plugins/Experimental/SequenceNavigator/Binaries/Win64/UnrealEditor.modules" 1015
"../../../Engine/Plugins/Experimental/LocalizableMessage/Binaries/Win64/UnrealEditor.modules" 1016
"../../../Engine/Plugins/Experimental/NFORDenoise/Binaries/Win64/UnrealEditor.modules" 1017
"../../../Engine/Plugins/Experimental/PlatformCrypto/Binaries/Win64/UnrealEditor.modules" 1018
"../../../Engine/Plugins/Experimental/RuntimeTelemetry/Binaries/Win64/UnrealEditor.modules" 1019
"../../../Engine/Plugins/Experimental/SkeletalReduction/Binaries/Win64/UnrealEditor.modules" 1020
"../../../Engine/Plugins/Media/AndroidMedia/Binaries/Win64/UnrealEditor.modules" 1021
"../../../Engine/Plugins/Media/AvfMedia/Binaries/Win64/UnrealEditor.modules" 1022
"../../../Engine/Plugins/Media/ImgMedia/Binaries/Win64/UnrealEditor.modules" 1023
"../../../Engine/Plugins/Media/MediaPlayerEditor/Binaries/Win64/UnrealEditor.modules" 1024
"../../../Engine/Plugins/Media/MediaCompositing/Binaries/Win64/UnrealEditor.modules" 1025
"../../../Engine/Plugins/Media/MediaPlate/Binaries/Win64/UnrealEditor.modules" 1026
"../../../Engine/Plugins/Experimental/Compositing/CompositeCore/Binaries/Win64/UnrealEditor.modules" 1027
"../../../Engine/Plugins/Media/WmfMedia/Binaries/Win64/UnrealEditor.modules" 1028
"../../../Engine/Plugins/Tests/InterchangeTests/Binaries/Win64/UnrealEditor.modules" 1029
"../../../Engine/Plugins/2D/Paper2D/Binaries/Win64/UnrealEditor.modules" 1030
"../../../Engine/Plugins/AI/AISupport/Binaries/Win64/UnrealEditor.modules" 1031
"../../../Engine/Plugins/AI/EnvironmentQueryEditor/Binaries/Win64/UnrealEditor.modules" 1032
"../../../Engine/Plugins/Animation/ACLPlugin/Binaries/Win64/UnrealEditor.modules" 1033
"../../../Engine/Plugins/Animation/AnimationData/Binaries/Win64/UnrealEditor.modules" 1034
"../../../Engine/Plugins/Animation/AnimationModifierLibrary/Binaries/Win64/UnrealEditor.modules" 1035
"../../../Engine/Plugins/Animation/BlendSpaceMotionAnalysis/Binaries/Win64/UnrealEditor.modules" 1036
"../../../Engine/Plugins/Animation/ControlRigSpline/Binaries/Win64/UnrealEditor.modules" 1037
"../../../Engine/Plugins/Animation/IKRig/Binaries/Win64/UnrealEditor.modules" 1038
"../../../Engine/Plugins/Experimental/FullBodyIK/Binaries/Win64/UnrealEditor.modules" 1039
"../../../Engine/Plugins/Compression/OodleNetwork/Binaries/Win64/UnrealEditor.modules" 1040
"../../../Engine/Plugins/FX/Cascade/Binaries/Win64/UnrealEditor.modules" 1041
"../../../Engine/Plugins/Animation/SkeletalMeshModelingTools/Binaries/Win64/UnrealEditor.modules" 1042
"../../../Engine/Plugins/FX/NiagaraSimCaching/Binaries/Win64/UnrealEditor.modules" 1043
"../../../Engine/Plugins/NNE/NNEDenoiser/Binaries/Win64/UnrealEditor.modules" 1044
"../../../Engine/Plugins/NNE/NNERuntimeORT/Binaries/Win64/UnrealEditor.modules" 1045
"../../../Engine/Plugins/Runtime/ActorLayerUtilities/Binaries/Win64/UnrealEditor.modules" 1046
"../../../Engine/Plugins/Runtime/AndroidDeviceProfileSelector/Binaries/Win64/UnrealEditor.modules" 1047
"../../../Engine/Plugins/Runtime/AndroidFileServer/Binaries/Win64/UnrealEditor.modules" 1048
"../../../Engine/Plugins/Runtime/AndroidPermission/Binaries/Win64/UnrealEditor.modules" 1049
"../../../Engine/Plugins/Runtime/AppleImageUtils/Binaries/Win64/UnrealEditor.modules" 1050
"../../../Engine/Plugins/Runtime/ArchVisCharacter/Binaries/Win64/UnrealEditor.modules" 1051
"../../../Engine/Plugins/Runtime/AssetTags/Binaries/Win64/UnrealEditor.modules" 1052
"../../../Engine/Plugins/Runtime/CableComponent/Binaries/Win64/UnrealEditor.modules" 1053
"../../../Engine/Plugins/Runtime/ChunkDownloader/Binaries/Win64/UnrealEditor.modules" 1054
"../../../Engine/Plugins/Runtime/CustomMeshComponent/Binaries/Win64/UnrealEditor.modules" 1055
"../../../Engine/Plugins/Runtime/ExampleDeviceProfileSelector/Binaries/Win64/UnrealEditor.modules" 1056
"../../../Engine/Plugins/Runtime/GooglePAD/Binaries/Win64/UnrealEditor.modules" 1057
"../../../Engine/Plugins/Runtime/InputDebugging/Binaries/Win64/UnrealEditor.modules" 1058
"../../../Engine/Plugins/Runtime/LocationServicesBPLibrary/Binaries/Win64/UnrealEditor.modules" 1059
"../../../Engine/Plugins/Runtime/Metasound/Binaries/Win64/UnrealEditor.modules" 1060
"../../../Engine/Plugins/Runtime/AudioWidgets/Binaries/Win64/UnrealEditor.modules" 1061
"../../../Engine/Plugins/Runtime/AudioSynesthesia/Binaries/Win64/UnrealEditor.modules" 1062
"../../../Engine/Plugins/Runtime/WaveTable/Binaries/Win64/UnrealEditor.modules" 1063
"../../../Engine/Plugins/Runtime/MobilePatchingUtils/Binaries/Win64/UnrealEditor.modules" 1064
"../../../Engine/Plugins/Runtime/MsQuic/Binaries/Win64/UnrealEditor.modules" 1065
"../../../Engine/Plugins/Runtime/ResonanceAudio/Binaries/Win64/UnrealEditor.modules" 1066
"../../../Engine/Plugins/Runtime/SoundFields/Binaries/Win64/UnrealEditor.modules" 1067
"../../../Engine/Plugins/Runtime/Synthesis/Binaries/Win64/UnrealEditor.modules" 1068
"../../../Engine/Plugins/Runtime/WebMMoviePlayer/Binaries/Win64/UnrealEditor.modules" 1069
"../../../Engine/Plugins/Media/WebMMedia/Binaries/Win64/UnrealEditor.modules" 1070
"../../../Engine/Plugins/Runtime/WindowsDeviceProfileSelector/Binaries/Win64/UnrealEditor.modules" 1071
"../../../Engine/Plugins/Runtime/WindowsMoviePlayer/Binaries/Win64/UnrealEditor.modules" 1072
"../../../Engine/Plugins/Runtime/Windows/XInputDevice/Binaries/Win64/UnrealEditor.modules" 1073
"../../../Engine/Plugins/Editor/Localization/PortableObjectFileDataSource/Binaries/Win64/UnrealEditor.modules" 1074
"../../../Engine/Plugins/Editor/ContentBrowser/ContentBrowserClassDataSource/Binaries/Win64/UnrealEditor.modules" 1075
"../../../Engine/Plugins/Editor/ObjectMixer/LightMixer/Binaries/Win64/UnrealEditor.modules" 1076
"../../../Engine/Config/BaseSourceControlSettings.ini" 1077
"C:/Users/symbi/AppData/Local/UnrealEngine/5.6/Saved/Config/WindowsEditor/SourceControlSettings.ini" 1078
"../../../Engine/Content/Internationalization/icudt64l/coll/ucadata.icu" 1079
"../../../Engine/Content/Internationalization/icudt64l/coll/en_US.res" 1080
"../../../Engine/Content/Internationalization/icudt64l/coll/en.res" 1081
"../../../Engine/Content/Internationalization/icudt64l/coll/root.res" 1082
"../../../Engine/Content/Certificates/ThirdParty/cacert.pem" 1083
"../../../Engine/Config/ConsoleVariables.ini" 1084
"../../../Engine/Binaries/Win64/Android/UnrealEditor.modules" 1085
"../../../Engine/Binaries/Win64/IOS/UnrealEditor.modules" 1086
"../../../Engine/Binaries/Win64/Linux/UnrealEditor.modules" 1087
"../../../Engine/Content/Localization/Editor/en/Editor.locres" 1088
"../../../Engine/Content/Localization/EditorTutorials/en/EditorTutorials.locres" 1089
"../../../Engine/Content/Localization/Keywords/en/Keywords.locres" 1090
"../../../Engine/Content/Localization/Category/en/Category.locres" 1091
"../../../Engine/Content/Localization/ToolTips/en/ToolTips.locres" 1092
"../../../Engine/Content/Localization/PropertyNames/en/PropertyNames.locres" 1093
"../../../Engine/Content/Localization/Engine/en/Engine.locres" 1094
"../../../Engine/Plugins/Online/OnlineSubsystem/Content/Localization/OnlineSubsystem/en/OnlineSubsystem.locres" 1095
"../../../Engine/Plugins/Online/OnlineSubsystemUtils/Content/Localization/OnlineSubsystemUtils/en/OnlineSubsystemUtils.locres" 1096
"../../../Engine/Plugins/MetaHuman/MetaHumanSDK/Content/Localization/MetaHumanSDK/en/MetaHumanSDK.locres" 1097
"../../../Engine/Plugins/Online/IOS/OnlineSubsystemIOS/Content/Localization/OnlineSubsystemIOS/en/OnlineSubsystemIOS.locres" 1098
"../../../Engine/Plugins/Online/Android/OnlineSubsystemGooglePlay/Content/Localization/OnlineSubsystemGooglePlay/en/OnlineSubsystemGooglePlay.locres" 1099
"../../../Engine/Content/Internationalization/icudt64l/numberingSystems.res" 1100
"../../../Engine/Content/Internationalization/icudt64l/curr/supplementalData.res" 1101
"../../../Engine/Content/Internationalization/icudt64l/curr/en.res" 1102
"../../../Engine/Content/Internationalization/icudt64l/curr/pool.res" 1103
"../../../Engine/Content/Internationalization/icudt64l/curr/root.res" 1104
"../../../Engine/Content/Internationalization/icudt64l/lang/af.res" 1105
"../../../Engine/Content/Internationalization/icudt64l/region/af.res" 1106
"../../../Engine/Content/Internationalization/icudt64l/lang/agq.res" 1107
"../../../Engine/Content/Internationalization/icudt64l/region/agq.res" 1108
"../../../Engine/Content/Internationalization/icudt64l/lang/ak.res" 1109
"../../../Engine/Content/Internationalization/icudt64l/region/ak.res" 1110
"../../../Engine/Content/Internationalization/icudt64l/lang/am.res" 1111
"../../../Engine/Content/Internationalization/icudt64l/region/am.res" 1112
"../../../Engine/Content/Internationalization/icudt64l/lang/ar.res" 1113
"../../../Engine/Content/Internationalization/icudt64l/region/ar.res" 1114
"../../../Engine/Content/Internationalization/icudt64l/region/ar_AE.res" 1115
"../../../Engine/Content/Internationalization/icudt64l/lang/ar_EG.res" 1116
"../../../Engine/Content/Internationalization/icudt64l/lang/ar_LY.res" 1117
"../../../Engine/Content/Internationalization/icudt64l/region/ar_LY.res" 1118
"../../../Engine/Content/Internationalization/icudt64l/lang/ar_SA.res" 1119
"../../../Engine/Content/Internationalization/icudt64l/region/ar_SA.res" 1120
"../../../Engine/Content/Internationalization/icudt64l/lang/as.res" 1121
"../../../Engine/Content/Internationalization/icudt64l/region/as.res" 1122
"../../../Engine/Content/Internationalization/icudt64l/lang/asa.res" 1123
"../../../Engine/Content/Internationalization/icudt64l/region/asa.res" 1124
"../../../Engine/Content/Internationalization/icudt64l/lang/ast.res" 1125
"../../../Engine/Content/Internationalization/icudt64l/region/ast.res" 1126
"../../../Engine/Content/Internationalization/icudt64l/lang/az.res" 1127
"../../../Engine/Content/Internationalization/icudt64l/lang/az_Cyrl.res" 1128
"../../../Engine/Content/Internationalization/icudt64l/lang/az_AZ.res" 1129
"../../../Engine/Content/Internationalization/icudt64l/lang/az_Latn_AZ.res" 1130
"../../../Engine/Content/Internationalization/icudt64l/lang/az_Latn.res" 1131
"../../../Engine/Content/Internationalization/icudt64l/region/az_AZ.res" 1132
"../../../Engine/Content/Internationalization/icudt64l/region/az_Latn_AZ.res" 1133
"../../../Engine/Content/Internationalization/icudt64l/region/az_Latn.res" 1134
"../../../Engine/Content/Internationalization/icudt64l/region/az.res" 1135
"../../../Engine/Content/Internationalization/icudt64l/region/az_Cyrl.res" 1136
"../../../Engine/Content/Internationalization/icudt64l/lang/bas.res" 1137
"../../../Engine/Content/Internationalization/icudt64l/region/bas.res" 1138
"../../../Engine/Content/Internationalization/icudt64l/lang/be.res" 1139
"../../../Engine/Content/Internationalization/icudt64l/region/be.res" 1140
"../../../Engine/Content/Internationalization/icudt64l/lang/bem.res" 1141
"../../../Engine/Content/Internationalization/icudt64l/region/bem.res" 1142
"../../../Engine/Content/Internationalization/icudt64l/lang/bez.res" 1143
"../../../Engine/Content/Internationalization/icudt64l/region/bez.res" 1144
"../../../Engine/Content/Internationalization/icudt64l/lang/bg.res" 1145
"../../../Engine/Content/Internationalization/icudt64l/region/bg.res" 1146
"../../../Engine/Content/Internationalization/icudt64l/lang/bm.res" 1147
"../../../Engine/Content/Internationalization/icudt64l/region/bm.res" 1148
"../../../Engine/Content/Internationalization/icudt64l/lang/bn.res" 1149
"../../../Engine/Content/Internationalization/icudt64l/region/bn.res" 1150
"../../../Engine/Content/Internationalization/icudt64l/lang/bn_IN.res" 1151
"../../../Engine/Content/Internationalization/icudt64l/region/bn_IN.res" 1152
"../../../Engine/Content/Internationalization/icudt64l/lang/bo.res" 1153
"../../../Engine/Content/Internationalization/icudt64l/region/bo.res" 1154
"../../../Engine/Content/Internationalization/icudt64l/region/bo_IN.res" 1155
"../../../Engine/Content/Internationalization/icudt64l/lang/br.res" 1156
"../../../Engine/Content/Internationalization/icudt64l/region/br.res" 1157
"../../../Engine/Content/Internationalization/icudt64l/lang/brx.res" 1158
"../../../Engine/Content/Internationalization/icudt64l/region/brx.res" 1159
"../../../Engine/Content/Internationalization/icudt64l/lang/bs.res" 1160
"../../../Engine/Content/Internationalization/icudt64l/lang/bs_Cyrl.res" 1161
"../../../Engine/Content/Internationalization/icudt64l/lang/bs_BA.res" 1162
"../../../Engine/Content/Internationalization/icudt64l/lang/bs_Latn_BA.res" 1163
"../../../Engine/Content/Internationalization/icudt64l/lang/bs_Latn.res" 1164
"../../../Engine/Content/Internationalization/icudt64l/region/bs_BA.res" 1165
"../../../Engine/Content/Internationalization/icudt64l/region/bs_Latn_BA.res" 1166
"../../../Engine/Content/Internationalization/icudt64l/region/bs_Latn.res" 1167
"../../../Engine/Content/Internationalization/icudt64l/region/bs.res" 1168
"../../../Engine/Content/Internationalization/icudt64l/region/bs_Cyrl.res" 1169
"../../../Engine/Content/Internationalization/icudt64l/lang/ca.res" 1170
"../../../Engine/Content/Internationalization/icudt64l/region/ca.res" 1171
"../../../Engine/Content/Internationalization/icudt64l/lang/ccp.res" 1172
"../../../Engine/Content/Internationalization/icudt64l/region/ccp.res" 1173
"../../../Engine/Content/Internationalization/icudt64l/lang/ce.res" 1174
"../../../Engine/Content/Internationalization/icudt64l/region/ce.res" 1175
"../../../Engine/Content/Internationalization/icudt64l/lang/ceb.res" 1176
"../../../Engine/Content/Internationalization/icudt64l/region/ceb.res" 1177
"../../../Engine/Content/Internationalization/icudt64l/lang/cgg.res" 1178
"../../../Engine/Content/Internationalization/icudt64l/region/cgg.res" 1179
"../../../Engine/Content/Internationalization/icudt64l/lang/chr.res" 1180
"../../../Engine/Content/Internationalization/icudt64l/region/chr.res" 1181
"../../../Engine/Content/Internationalization/icudt64l/lang/ckb.res" 1182
"../../../Engine/Content/Internationalization/icudt64l/region/ckb.res" 1183
"../../../Engine/Content/Internationalization/icudt64l/lang/cs.res" 1184
"../../../Engine/Content/Internationalization/icudt64l/region/cs.res" 1185
"../../../Engine/Content/Internationalization/icudt64l/lang/cy.res" 1186
"../../../Engine/Content/Internationalization/icudt64l/region/cy.res" 1187
"../../../Engine/Content/Internationalization/icudt64l/lang/da.res" 1188
"../../../Engine/Content/Internationalization/icudt64l/region/da.res" 1189
"../../../Engine/Content/Internationalization/icudt64l/lang/dav.res" 1190
"../../../Engine/Content/Internationalization/icudt64l/region/dav.res" 1191
"../../../Engine/Content/Internationalization/icudt64l/lang/de.res" 1192
"../../../Engine/Content/Internationalization/icudt64l/lang/de_AT.res" 1193
"../../../Engine/Content/Internationalization/icudt64l/region/de_AT.res" 1194
"../../../Engine/Content/Internationalization/icudt64l/region/de.res" 1195
"../../../Engine/Content/Internationalization/icudt64l/lang/de_CH.res" 1196
"../../../Engine/Content/Internationalization/icudt64l/region/de_CH.res" 1197
"../../../Engine/Content/Internationalization/icudt64l/lang/de_LU.res" 1198
"../../../Engine/Content/Internationalization/icudt64l/lang/dje.res" 1199
"../../../Engine/Content/Internationalization/icudt64l/region/dje.res" 1200
"../../../Engine/Content/Internationalization/icudt64l/lang/dsb.res" 1201
"../../../Engine/Content/Internationalization/icudt64l/region/dsb.res" 1202
"../../../Engine/Content/Internationalization/icudt64l/lang/dua.res" 1203
"../../../Engine/Content/Internationalization/icudt64l/region/dua.res" 1204
"../../../Engine/Content/Internationalization/icudt64l/lang/dyo.res" 1205
"../../../Engine/Content/Internationalization/icudt64l/region/dyo.res" 1206
"../../../Engine/Content/Internationalization/icudt64l/lang/dz.res" 1207
"../../../Engine/Content/Internationalization/icudt64l/region/dz.res" 1208
"../../../Engine/Content/Internationalization/icudt64l/lang/ebu.res" 1209
"../../../Engine/Content/Internationalization/icudt64l/region/ebu.res" 1210
"../../../Engine/Content/Internationalization/icudt64l/lang/ee.res" 1211
"../../../Engine/Content/Internationalization/icudt64l/region/ee.res" 1212
"../../../Engine/Content/Internationalization/icudt64l/lang/el.res" 1213
"../../../Engine/Content/Internationalization/icudt64l/region/el.res" 1214
"../../../Engine/Content/Internationalization/icudt64l/lang/en_001.res" 1215
"../../../Engine/Content/Internationalization/icudt64l/lang/en_150.res" 1216
"../../../Engine/Content/Internationalization/icudt64l/region/en_150.res" 1217
"../../../Engine/Content/Internationalization/icudt64l/lang/en_AG.res" 1218
"../../../Engine/Content/Internationalization/icudt64l/region/en_AG.res" 1219
"../../../Engine/Content/Internationalization/icudt64l/lang/en_AI.res" 1220
"../../../Engine/Content/Internationalization/icudt64l/region/en_AI.res" 1221
"../../../Engine/Content/Internationalization/icudt64l/lang/en_AT.res" 1222
"../../../Engine/Content/Internationalization/icudt64l/region/en_AT.res" 1223
"../../../Engine/Content/Internationalization/icudt64l/lang/en_AU.res" 1224
"../../../Engine/Content/Internationalization/icudt64l/region/en_AU.res" 1225
"../../../Engine/Content/Internationalization/icudt64l/lang/en_BB.res" 1226
"../../../Engine/Content/Internationalization/icudt64l/region/en_BB.res" 1227
"../../../Engine/Content/Internationalization/icudt64l/lang/en_BE.res" 1228
"../../../Engine/Content/Internationalization/icudt64l/region/en_BE.res" 1229
"../../../Engine/Content/Internationalization/icudt64l/lang/en_BM.res" 1230
"../../../Engine/Content/Internationalization/icudt64l/region/en_BM.res" 1231
"../../../Engine/Content/Internationalization/icudt64l/lang/en_BS.res" 1232
"../../../Engine/Content/Internationalization/icudt64l/region/en_BS.res" 1233
"../../../Engine/Content/Internationalization/icudt64l/lang/en_BW.res" 1234
"../../../Engine/Content/Internationalization/icudt64l/region/en_BW.res" 1235
"../../../Engine/Content/Internationalization/icudt64l/lang/en_BZ.res" 1236
"../../../Engine/Content/Internationalization/icudt64l/region/en_BZ.res" 1237
"../../../Engine/Content/Internationalization/icudt64l/lang/en_CA.res" 1238
"../../../Engine/Content/Internationalization/icudt64l/region/en_CA.res" 1239
"../../../Engine/Content/Internationalization/icudt64l/lang/en_CC.res" 1240
"../../../Engine/Content/Internationalization/icudt64l/region/en_CC.res" 1241
"../../../Engine/Content/Internationalization/icudt64l/lang/en_CH.res" 1242
"../../../Engine/Content/Internationalization/icudt64l/region/en_CH.res" 1243
"../../../Engine/Content/Internationalization/icudt64l/lang/en_CK.res" 1244
"../../../Engine/Content/Internationalization/icudt64l/region/en_CK.res" 1245
"../../../Engine/Content/Internationalization/icudt64l/lang/en_CM.res" 1246
"../../../Engine/Content/Internationalization/icudt64l/region/en_CM.res" 1247
"../../../Engine/Content/Internationalization/icudt64l/lang/en_CX.res" 1248
"../../../Engine/Content/Internationalization/icudt64l/region/en_CX.res" 1249
"../../../Engine/Content/Internationalization/icudt64l/lang/en_CY.res" 1250
"../../../Engine/Content/Internationalization/icudt64l/region/en_CY.res" 1251
"../../../Engine/Content/Internationalization/icudt64l/lang/en_DE.res" 1252
"../../../Engine/Content/Internationalization/icudt64l/region/en_DE.res" 1253
"../../../Engine/Content/Internationalization/icudt64l/lang/en_DG.res" 1254
"../../../Engine/Content/Internationalization/icudt64l/region/en_DG.res" 1255
"../../../Engine/Content/Internationalization/icudt64l/lang/en_DK.res" 1256
"../../../Engine/Content/Internationalization/icudt64l/region/en_DK.res" 1257
"../../../Engine/Content/Internationalization/icudt64l/lang/en_DM.res" 1258
"../../../Engine/Content/Internationalization/icudt64l/region/en_DM.res" 1259
"../../../Engine/Content/Internationalization/icudt64l/lang/en_ER.res" 1260
"../../../Engine/Content/Internationalization/icudt64l/region/en_ER.res" 1261
"../../../Engine/Content/Internationalization/icudt64l/lang/en_FI.res" 1262
"../../../Engine/Content/Internationalization/icudt64l/region/en_FI.res" 1263
"../../../Engine/Content/Internationalization/icudt64l/lang/en_FJ.res" 1264
"../../../Engine/Content/Internationalization/icudt64l/region/en_FJ.res" 1265
"../../../Engine/Content/Internationalization/icudt64l/lang/en_FK.res" 1266
"../../../Engine/Content/Internationalization/icudt64l/region/en_FK.res" 1267
"../../../Engine/Content/Internationalization/icudt64l/lang/en_FM.res" 1268
"../../../Engine/Content/Internationalization/icudt64l/region/en_FM.res" 1269
"../../../Engine/Content/Internationalization/icudt64l/lang/en_GB.res" 1270
"../../../Engine/Content/Internationalization/icudt64l/region/en_GB.res" 1271
"../../../Engine/Content/Internationalization/icudt64l/lang/en_GD.res" 1272
"../../../Engine/Content/Internationalization/icudt64l/region/en_GD.res" 1273
"../../../Engine/Content/Internationalization/icudt64l/lang/en_GG.res" 1274
"../../../Engine/Content/Internationalization/icudt64l/region/en_GG.res" 1275
"../../../Engine/Content/Internationalization/icudt64l/lang/en_GH.res" 1276
"../../../Engine/Content/Internationalization/icudt64l/region/en_GH.res" 1277
"../../../Engine/Content/Internationalization/icudt64l/lang/en_GI.res" 1278
"../../../Engine/Content/Internationalization/icudt64l/region/en_GI.res" 1279
"../../../Engine/Content/Internationalization/icudt64l/lang/en_GM.res" 1280
"../../../Engine/Content/Internationalization/icudt64l/region/en_GM.res" 1281
"../../../Engine/Content/Internationalization/icudt64l/lang/en_GY.res" 1282
"../../../Engine/Content/Internationalization/icudt64l/region/en_GY.res" 1283
"../../../Engine/Content/Internationalization/icudt64l/lang/en_HK.res" 1284
"../../../Engine/Content/Internationalization/icudt64l/region/en_HK.res" 1285
"../../../Engine/Content/Internationalization/icudt64l/lang/en_IE.res" 1286
"../../../Engine/Content/Internationalization/icudt64l/region/en_IE.res" 1287
"../../../Engine/Content/Internationalization/icudt64l/lang/en_IL.res" 1288
"../../../Engine/Content/Internationalization/icudt64l/region/en_IL.res" 1289
"../../../Engine/Content/Internationalization/icudt64l/lang/en_IM.res" 1290
"../../../Engine/Content/Internationalization/icudt64l/region/en_IM.res" 1291
"../../../Engine/Content/Internationalization/icudt64l/lang/en_IN.res" 1292
"../../../Engine/Content/Internationalization/icudt64l/region/en_IN.res" 1293
"../../../Engine/Content/Internationalization/icudt64l/lang/en_IO.res" 1294
"../../../Engine/Content/Internationalization/icudt64l/region/en_IO.res" 1295
"../../../Engine/Content/Internationalization/icudt64l/lang/en_JE.res" 1296
"../../../Engine/Content/Internationalization/icudt64l/region/en_JE.res" 1297
"../../../Engine/Content/Internationalization/icudt64l/lang/en_JM.res" 1298
"../../../Engine/Content/Internationalization/icudt64l/region/en_JM.res" 1299
"../../../Engine/Content/Internationalization/icudt64l/lang/en_KE.res" 1300
"../../../Engine/Content/Internationalization/icudt64l/region/en_KE.res" 1301
"../../../Engine/Content/Internationalization/icudt64l/lang/en_KI.res" 1302
"../../../Engine/Content/Internationalization/icudt64l/region/en_KI.res" 1303
"../../../Engine/Content/Internationalization/icudt64l/lang/en_KN.res" 1304
"../../../Engine/Content/Internationalization/icudt64l/region/en_KN.res" 1305
"../../../Engine/Content/Internationalization/icudt64l/lang/en_KY.res" 1306
"../../../Engine/Content/Internationalization/icudt64l/region/en_KY.res" 1307
"../../../Engine/Content/Internationalization/icudt64l/lang/en_LC.res" 1308
"../../../Engine/Content/Internationalization/icudt64l/region/en_LC.res" 1309
"../../../Engine/Content/Internationalization/icudt64l/lang/en_LR.res" 1310
"../../../Engine/Content/Internationalization/icudt64l/region/en_LR.res" 1311
"../../../Engine/Content/Internationalization/icudt64l/lang/en_LS.res" 1312
"../../../Engine/Content/Internationalization/icudt64l/region/en_LS.res" 1313
"../../../Engine/Content/Internationalization/icudt64l/lang/en_MG.res" 1314
"../../../Engine/Content/Internationalization/icudt64l/region/en_MG.res" 1315
"../../../Engine/Content/Internationalization/icudt64l/lang/en_MO.res" 1316
"../../../Engine/Content/Internationalization/icudt64l/region/en_MO.res" 1317
"../../../Engine/Content/Internationalization/icudt64l/lang/en_MS.res" 1318
"../../../Engine/Content/Internationalization/icudt64l/region/en_MS.res" 1319
"../../../Engine/Content/Internationalization/icudt64l/lang/en_MT.res" 1320
"../../../Engine/Content/Internationalization/icudt64l/region/en_MT.res" 1321
"../../../Engine/Content/Internationalization/icudt64l/lang/en_MU.res" 1322
"../../../Engine/Content/Internationalization/icudt64l/region/en_MU.res" 1323
"../../../Engine/Content/Internationalization/icudt64l/lang/en_MW.res" 1324
"../../../Engine/Content/Internationalization/icudt64l/region/en_MW.res" 1325
"../../../Engine/Content/Internationalization/icudt64l/lang/en_MY.res" 1326
"../../../Engine/Content/Internationalization/icudt64l/region/en_MY.res" 1327
"../../../Engine/Content/Internationalization/icudt64l/lang/en_NA.res" 1328
"../../../Engine/Content/Internationalization/icudt64l/region/en_NA.res" 1329
"../../../Engine/Content/Internationalization/icudt64l/lang/en_NF.res" 1330
"../../../Engine/Content/Internationalization/icudt64l/region/en_NF.res" 1331
"../../../Engine/Content/Internationalization/icudt64l/lang/en_NG.res" 1332
"../../../Engine/Content/Internationalization/icudt64l/region/en_NG.res" 1333
"../../../Engine/Content/Internationalization/icudt64l/lang/en_NL.res" 1334
"../../../Engine/Content/Internationalization/icudt64l/region/en_NL.res" 1335
"../../../Engine/Content/Internationalization/icudt64l/lang/en_NR.res" 1336
"../../../Engine/Content/Internationalization/icudt64l/region/en_NR.res" 1337
"../../../Engine/Content/Internationalization/icudt64l/lang/en_NU.res" 1338
"../../../Engine/Content/Internationalization/icudt64l/region/en_NU.res" 1339
"../../../Engine/Content/Internationalization/icudt64l/lang/en_NZ.res" 1340
"../../../Engine/Content/Internationalization/icudt64l/region/en_NZ.res" 1341
"../../../Engine/Content/Internationalization/icudt64l/lang/en_PG.res" 1342
"../../../Engine/Content/Internationalization/icudt64l/region/en_PG.res" 1343
"../../../Engine/Content/Internationalization/icudt64l/lang/en_PH.res" 1344
"../../../Engine/Content/Internationalization/icudt64l/region/en_PH.res" 1345
"../../../Engine/Content/Internationalization/icudt64l/lang/en_PK.res" 1346
"../../../Engine/Content/Internationalization/icudt64l/region/en_PK.res" 1347
"../../../Engine/Content/Internationalization/icudt64l/lang/en_PN.res" 1348
"../../../Engine/Content/Internationalization/icudt64l/region/en_PN.res" 1349
"../../../Engine/Content/Internationalization/icudt64l/lang/en_PW.res" 1350
"../../../Engine/Content/Internationalization/icudt64l/region/en_PW.res" 1351
"../../../Engine/Content/Internationalization/icudt64l/lang/en_RW.res" 1352
"../../../Engine/Content/Internationalization/icudt64l/region/en_RW.res" 1353
"../../../Engine/Content/Internationalization/icudt64l/lang/en_SB.res" 1354
"../../../Engine/Content/Internationalization/icudt64l/region/en_SB.res" 1355
"../../../Engine/Content/Internationalization/icudt64l/lang/en_SC.res" 1356
"../../../Engine/Content/Internationalization/icudt64l/region/en_SC.res" 1357
"../../../Engine/Content/Internationalization/icudt64l/lang/en_SD.res" 1358
"../../../Engine/Content/Internationalization/icudt64l/region/en_SD.res" 1359
"../../../Engine/Content/Internationalization/icudt64l/lang/en_SE.res" 1360
"../../../Engine/Content/Internationalization/icudt64l/region/en_SE.res" 1361
"../../../Engine/Content/Internationalization/icudt64l/lang/en_SG.res" 1362
"../../../Engine/Content/Internationalization/icudt64l/region/en_SG.res" 1363
"../../../Engine/Content/Internationalization/icudt64l/lang/en_SH.res" 1364
"../../../Engine/Content/Internationalization/icudt64l/region/en_SH.res" 1365
"../../../Engine/Content/Internationalization/icudt64l/lang/en_SI.res" 1366
"../../../Engine/Content/Internationalization/icudt64l/region/en_SI.res" 1367
"../../../Engine/Content/Internationalization/icudt64l/lang/en_SL.res" 1368
"../../../Engine/Content/Internationalization/icudt64l/region/en_SL.res" 1369
"../../../Engine/Content/Internationalization/icudt64l/lang/en_SS.res" 1370
"../../../Engine/Content/Internationalization/icudt64l/region/en_SS.res" 1371
"../../../Engine/Content/Internationalization/icudt64l/lang/en_SX.res" 1372
"../../../Engine/Content/Internationalization/icudt64l/region/en_SX.res" 1373
"../../../Engine/Content/Internationalization/icudt64l/lang/en_SZ.res" 1374
"../../../Engine/Content/Internationalization/icudt64l/region/en_SZ.res" 1375
"../../../Engine/Content/Internationalization/icudt64l/lang/en_TC.res" 1376
"../../../Engine/Content/Internationalization/icudt64l/region/en_TC.res" 1377
"../../../Engine/Content/Internationalization/icudt64l/lang/en_TK.res" 1378
"../../../Engine/Content/Internationalization/icudt64l/region/en_TK.res" 1379
"../../../Engine/Content/Internationalization/icudt64l/lang/en_TO.res" 1380
"../../../Engine/Content/Internationalization/icudt64l/region/en_TO.res" 1381
"../../../Engine/Content/Internationalization/icudt64l/lang/en_TT.res" 1382
"../../../Engine/Content/Internationalization/icudt64l/region/en_TT.res" 1383
"../../../Engine/Content/Internationalization/icudt64l/lang/en_TV.res" 1384
"../../../Engine/Content/Internationalization/icudt64l/region/en_TV.res" 1385
"../../../Engine/Content/Internationalization/icudt64l/lang/en_TZ.res" 1386
"../../../Engine/Content/Internationalization/icudt64l/region/en_TZ.res" 1387
"../../../Engine/Content/Internationalization/icudt64l/lang/en_UG.res" 1388
"../../../Engine/Content/Internationalization/icudt64l/region/en_UG.res" 1389
"../../../Engine/Content/Internationalization/icudt64l/lang/en_VC.res" 1390
"../../../Engine/Content/Internationalization/icudt64l/region/en_VC.res" 1391
"../../../Engine/Content/Internationalization/icudt64l/lang/en_VG.res" 1392
"../../../Engine/Content/Internationalization/icudt64l/region/en_VG.res" 1393
"../../../Engine/Content/Internationalization/icudt64l/lang/en_VU.res" 1394
"../../../Engine/Content/Internationalization/icudt64l/region/en_VU.res" 1395
"../../../Engine/Content/Internationalization/icudt64l/lang/en_WS.res" 1396
"../../../Engine/Content/Internationalization/icudt64l/region/en_WS.res" 1397
"../../../Engine/Content/Internationalization/icudt64l/lang/en_ZA.res" 1398
"../../../Engine/Content/Internationalization/icudt64l/region/en_ZA.res" 1399
"../../../Engine/Content/Internationalization/icudt64l/lang/en_ZM.res" 1400
"../../../Engine/Content/Internationalization/icudt64l/region/en_ZM.res" 1401
"../../../Engine/Content/Internationalization/icudt64l/lang/en_ZW.res" 1402
"../../../Engine/Content/Internationalization/icudt64l/region/en_ZW.res" 1403
"../../../Engine/Content/Internationalization/icudt64l/lang/eo.res" 1404
"../../../Engine/Content/Internationalization/icudt64l/region/eo.res" 1405
"../../../Engine/Content/Internationalization/icudt64l/lang/es.res" 1406
"../../../Engine/Content/Internationalization/icudt64l/lang/es_419.res" 1407
"../../../Engine/Content/Internationalization/icudt64l/region/es_419.res" 1408
"../../../Engine/Content/Internationalization/icudt64l/region/es.res" 1409
"../../../Engine/Content/Internationalization/icudt64l/lang/es_AR.res" 1410
"../../../Engine/Content/Internationalization/icudt64l/region/es_AR.res" 1411
"../../../Engine/Content/Internationalization/icudt64l/lang/es_BO.res" 1412
"../../../Engine/Content/Internationalization/icudt64l/region/es_BO.res" 1413
"../../../Engine/Content/Internationalization/icudt64l/lang/es_BR.res" 1414
"../../../Engine/Content/Internationalization/icudt64l/region/es_BR.res" 1415
"../../../Engine/Content/Internationalization/icudt64l/lang/es_BZ.res" 1416
"../../../Engine/Content/Internationalization/icudt64l/region/es_BZ.res" 1417
"../../../Engine/Content/Internationalization/icudt64l/lang/es_CL.res" 1418
"../../../Engine/Content/Internationalization/icudt64l/region/es_CL.res" 1419
"../../../Engine/Content/Internationalization/icudt64l/lang/es_CO.res" 1420
"../../../Engine/Content/Internationalization/icudt64l/region/es_CO.res" 1421
"../../../Engine/Content/Internationalization/icudt64l/lang/es_CR.res" 1422
"../../../Engine/Content/Internationalization/icudt64l/region/es_CR.res" 1423
"../../../Engine/Content/Internationalization/icudt64l/lang/es_CU.res" 1424
"../../../Engine/Content/Internationalization/icudt64l/region/es_CU.res" 1425
"../../../Engine/Content/Internationalization/icudt64l/lang/es_DO.res" 1426
"../../../Engine/Content/Internationalization/icudt64l/region/es_DO.res" 1427
"../../../Engine/Content/Internationalization/icudt64l/lang/es_EC.res" 1428
"../../../Engine/Content/Internationalization/icudt64l/region/es_EC.res" 1429
"../../../Engine/Content/Internationalization/icudt64l/lang/es_GT.res" 1430
"../../../Engine/Content/Internationalization/icudt64l/region/es_GT.res" 1431
"../../../Engine/Content/Internationalization/icudt64l/lang/es_HN.res" 1432
"../../../Engine/Content/Internationalization/icudt64l/region/es_HN.res" 1433
"../../../Engine/Content/Internationalization/icudt64l/lang/es_MX.res" 1434
"../../../Engine/Content/Internationalization/icudt64l/region/es_MX.res" 1435
"../../../Engine/Content/Internationalization/icudt64l/lang/es_NI.res" 1436
"../../../Engine/Content/Internationalization/icudt64l/region/es_NI.res" 1437
"../../../Engine/Content/Internationalization/icudt64l/lang/es_PA.res" 1438
"../../../Engine/Content/Internationalization/icudt64l/region/es_PA.res" 1439
"../../../Engine/Content/Internationalization/icudt64l/lang/es_PE.res" 1440
"../../../Engine/Content/Internationalization/icudt64l/region/es_PE.res" 1441
"../../../Engine/Content/Internationalization/icudt64l/lang/es_PR.res" 1442
"../../../Engine/Content/Internationalization/icudt64l/region/es_PR.res" 1443
"../../../Engine/Content/Internationalization/icudt64l/lang/es_PY.res" 1444
"../../../Engine/Content/Internationalization/icudt64l/region/es_PY.res" 1445
"../../../Engine/Content/Internationalization/icudt64l/lang/es_SV.res" 1446
"../../../Engine/Content/Internationalization/icudt64l/region/es_SV.res" 1447
"../../../Engine/Content/Internationalization/icudt64l/lang/es_US.res" 1448
"../../../Engine/Content/Internationalization/icudt64l/region/es_US.res" 1449
"../../../Engine/Content/Internationalization/icudt64l/lang/es_UY.res" 1450
"../../../Engine/Content/Internationalization/icudt64l/region/es_UY.res" 1451
"../../../Engine/Content/Internationalization/icudt64l/lang/es_VE.res" 1452
"../../../Engine/Content/Internationalization/icudt64l/region/es_VE.res" 1453
"../../../Engine/Content/Internationalization/icudt64l/lang/et.res" 1454
"../../../Engine/Content/Internationalization/icudt64l/region/et.res" 1455
"../../../Engine/Content/Internationalization/icudt64l/lang/eu.res" 1456
"../../../Engine/Content/Internationalization/icudt64l/region/eu.res" 1457
"../../../Engine/Content/Internationalization/icudt64l/lang/ewo.res" 1458
"../../../Engine/Content/Internationalization/icudt64l/region/ewo.res" 1459
"../../../Engine/Content/Internationalization/icudt64l/lang/fa.res" 1460
"../../../Engine/Content/Internationalization/icudt64l/lang/fa_AF.res" 1461
"../../../Engine/Content/Internationalization/icudt64l/region/fa_AF.res" 1462
"../../../Engine/Content/Internationalization/icudt64l/region/fa.res" 1463
"../../../Engine/Content/Internationalization/icudt64l/lang/ff.res" 1464
"../../../Engine/Content/Internationalization/icudt64l/lang/ff_Latn.res" 1465
"../../../Engine/Content/Internationalization/icudt64l/region/ff.res" 1466
"../../../Engine/Content/Internationalization/icudt64l/region/ff_Latn.res" 1467
"../../../Engine/Content/Internationalization/icudt64l/lang/ff_CM.res" 1468
"../../../Engine/Content/Internationalization/icudt64l/lang/ff_Latn_CM.res" 1469
"../../../Engine/Content/Internationalization/icudt64l/region/ff_CM.res" 1470
"../../../Engine/Content/Internationalization/icudt64l/region/ff_Latn_CM.res" 1471
"../../../Engine/Content/Internationalization/icudt64l/lang/ff_GN.res" 1472
"../../../Engine/Content/Internationalization/icudt64l/lang/ff_Latn_GN.res" 1473
"../../../Engine/Content/Internationalization/icudt64l/region/ff_GN.res" 1474
"../../../Engine/Content/Internationalization/icudt64l/region/ff_Latn_GN.res" 1475
"../../../Engine/Content/Internationalization/icudt64l/lang/ff_MR.res" 1476
"../../../Engine/Content/Internationalization/icudt64l/lang/ff_Latn_MR.res" 1477
"../../../Engine/Content/Internationalization/icudt64l/region/ff_MR.res" 1478
"../../../Engine/Content/Internationalization/icudt64l/region/ff_Latn_MR.res" 1479
"../../../Engine/Content/Internationalization/icudt64l/lang/ff_SN.res" 1480
"../../../Engine/Content/Internationalization/icudt64l/lang/ff_Latn_SN.res" 1481
"../../../Engine/Content/Internationalization/icudt64l/region/ff_SN.res" 1482
"../../../Engine/Content/Internationalization/icudt64l/region/ff_Latn_SN.res" 1483
"../../../Engine/Content/Internationalization/icudt64l/lang/fi.res" 1484
"../../../Engine/Content/Internationalization/icudt64l/region/fi.res" 1485
"../../../Engine/Content/Internationalization/icudt64l/lang/fil.res" 1486
"../../../Engine/Content/Internationalization/icudt64l/lang/fil_PH.res" 1487
"../../../Engine/Content/Internationalization/icudt64l/region/fil_PH.res" 1488
"../../../Engine/Content/Internationalization/icudt64l/region/fil.res" 1489
"../../../Engine/Content/Internationalization/icudt64l/lang/fo.res" 1490
"../../../Engine/Content/Internationalization/icudt64l/region/fo.res" 1491
"../../../Engine/Content/Internationalization/icudt64l/lang/fr.res" 1492
"../../../Engine/Content/Internationalization/icudt64l/lang/fr_BE.res" 1493
"../../../Engine/Content/Internationalization/icudt64l/region/fr_BE.res" 1494
"../../../Engine/Content/Internationalization/icudt64l/region/fr.res" 1495
"../../../Engine/Content/Internationalization/icudt64l/lang/fr_CA.res" 1496
"../../../Engine/Content/Internationalization/icudt64l/region/fr_CA.res" 1497
"../../../Engine/Content/Internationalization/icudt64l/lang/fr_CH.res" 1498
"../../../Engine/Content/Internationalization/icudt64l/lang/fur.res" 1499
"../../../Engine/Content/Internationalization/icudt64l/region/fur.res" 1500
"../../../Engine/Content/Internationalization/icudt64l/lang/fy.res" 1501
"../../../Engine/Content/Internationalization/icudt64l/region/fy.res" 1502
"../../../Engine/Content/Internationalization/icudt64l/lang/ga.res" 1503
"../../../Engine/Content/Internationalization/icudt64l/region/ga.res" 1504
"../../../Engine/Content/Internationalization/icudt64l/lang/gd.res" 1505
"../../../Engine/Content/Internationalization/icudt64l/region/gd.res" 1506
"../../../Engine/Content/Internationalization/icudt64l/lang/gl.res" 1507
"../../../Engine/Content/Internationalization/icudt64l/region/gl.res" 1508
"../../../Engine/Content/Internationalization/icudt64l/lang/gsw.res" 1509
"../../../Engine/Content/Internationalization/icudt64l/region/gsw.res" 1510
"../../../Engine/Content/Internationalization/icudt64l/lang/gu.res" 1511
"../../../Engine/Content/Internationalization/icudt64l/region/gu.res" 1512
"../../../Engine/Content/Internationalization/icudt64l/lang/guz.res" 1513
"../../../Engine/Content/Internationalization/icudt64l/region/guz.res" 1514
"../../../Engine/Content/Internationalization/icudt64l/lang/gv.res" 1515
"../../../Engine/Content/Internationalization/icudt64l/region/gv.res" 1516
"../../../Engine/Content/Internationalization/icudt64l/lang/ha.res" 1517
"../../../Engine/Content/Internationalization/icudt64l/region/ha.res" 1518
"../../../Engine/Content/Internationalization/icudt64l/lang/ha_NE.res" 1519
"../../../Engine/Content/Internationalization/icudt64l/region/ha_NE.res" 1520
"../../../Engine/Content/Internationalization/icudt64l/lang/haw.res" 1521
"../../../Engine/Content/Internationalization/icudt64l/region/haw.res" 1522
"../../../Engine/Content/Internationalization/icudt64l/lang/he.res" 1523
"../../../Engine/Content/Internationalization/icudt64l/lang/he_IL.res" 1524
"../../../Engine/Content/Internationalization/icudt64l/region/he_IL.res" 1525
"../../../Engine/Content/Internationalization/icudt64l/region/he.res" 1526
"../../../Engine/Content/Internationalization/icudt64l/lang/hi.res" 1527
"../../../Engine/Content/Internationalization/icudt64l/region/hi.res" 1528
"../../../Engine/Content/Internationalization/icudt64l/lang/hr.res" 1529
"../../../Engine/Content/Internationalization/icudt64l/region/hr.res" 1530
"../../../Engine/Content/Internationalization/icudt64l/lang/hsb.res" 1531
"../../../Engine/Content/Internationalization/icudt64l/region/hsb.res" 1532
"../../../Engine/Content/Internationalization/icudt64l/lang/hu.res" 1533
"../../../Engine/Content/Internationalization/icudt64l/region/hu.res" 1534
"../../../Engine/Content/Internationalization/icudt64l/lang/hy.res" 1535
"../../../Engine/Content/Internationalization/icudt64l/region/hy.res" 1536
"../../../Engine/Content/Internationalization/icudt64l/lang/ia.res" 1537
"../../../Engine/Content/Internationalization/icudt64l/region/ia.res" 1538
"../../../Engine/Content/Internationalization/icudt64l/lang/id.res" 1539
"../../../Engine/Content/Internationalization/icudt64l/lang/id_ID.res" 1540
"../../../Engine/Content/Internationalization/icudt64l/region/id_ID.res" 1541
"../../../Engine/Content/Internationalization/icudt64l/region/id.res" 1542
"../../../Engine/Content/Internationalization/icudt64l/lang/ig.res" 1543
"../../../Engine/Content/Internationalization/icudt64l/region/ig.res" 1544
"../../../Engine/Content/Internationalization/icudt64l/lang/ii.res" 1545
"../../../Engine/Content/Internationalization/icudt64l/region/ii.res" 1546
"../../../Engine/Content/Internationalization/icudt64l/lang/is.res" 1547
"../../../Engine/Content/Internationalization/icudt64l/region/is.res" 1548
"../../../Engine/Content/Internationalization/icudt64l/lang/it.res" 1549
"../../../Engine/Content/Internationalization/icudt64l/region/it.res" 1550
"../../../Engine/Content/Internationalization/icudt64l/lang/ja.res" 1551
"../../../Engine/Content/Internationalization/icudt64l/lang/ja_JP.res" 1552
"../../../Engine/Content/Internationalization/icudt64l/region/ja_JP.res" 1553
"../../../Engine/Content/Internationalization/icudt64l/region/ja.res" 1554
"../../../Engine/Content/Internationalization/icudt64l/lang/jgo.res" 1555
"../../../Engine/Content/Internationalization/icudt64l/region/jgo.res" 1556
"../../../Engine/Content/Internationalization/icudt64l/lang/jmc.res" 1557
"../../../Engine/Content/Internationalization/icudt64l/region/jmc.res" 1558
"../../../Engine/Content/Internationalization/icudt64l/lang/jv.res" 1559
"../../../Engine/Content/Internationalization/icudt64l/region/jv.res" 1560
"../../../Engine/Content/Internationalization/icudt64l/lang/ka.res" 1561
"../../../Engine/Content/Internationalization/icudt64l/region/ka.res" 1562
"../../../Engine/Content/Internationalization/icudt64l/lang/kab.res" 1563
"../../../Engine/Content/Internationalization/icudt64l/region/kab.res" 1564
"../../../Engine/Content/Internationalization/icudt64l/lang/kam.res" 1565
"../../../Engine/Content/Internationalization/icudt64l/region/kam.res" 1566
"../../../Engine/Content/Internationalization/icudt64l/lang/kde.res" 1567
"../../../Engine/Content/Internationalization/icudt64l/region/kde.res" 1568
"../../../Engine/Content/Internationalization/icudt64l/lang/kea.res" 1569
"../../../Engine/Content/Internationalization/icudt64l/region/kea.res" 1570
"../../../Engine/Content/Internationalization/icudt64l/lang/khq.res" 1571
"../../../Engine/Content/Internationalization/icudt64l/region/khq.res" 1572
"../../../Engine/Content/Internationalization/icudt64l/lang/ki.res" 1573
"../../../Engine/Content/Internationalization/icudt64l/region/ki.res" 1574
"../../../Engine/Content/Internationalization/icudt64l/lang/kk.res" 1575
"../../../Engine/Content/Internationalization/icudt64l/region/kk.res" 1576
"../../../Engine/Content/Internationalization/icudt64l/lang/kkj.res" 1577
"../../../Engine/Content/Internationalization/icudt64l/region/kkj.res" 1578
"../../../Engine/Content/Internationalization/icudt64l/lang/kl.res" 1579
"../../../Engine/Content/Internationalization/icudt64l/region/kl.res" 1580
"../../../Engine/Content/Internationalization/icudt64l/lang/kln.res" 1581
"../../../Engine/Content/Internationalization/icudt64l/region/kln.res" 1582
"../../../Engine/Content/Internationalization/icudt64l/lang/km.res" 1583
"../../../Engine/Content/Internationalization/icudt64l/region/km.res" 1584
"../../../Engine/Content/Internationalization/icudt64l/lang/kn.res" 1585
"../../../Engine/Content/Internationalization/icudt64l/region/kn.res" 1586
"../../../Engine/Content/Internationalization/icudt64l/lang/ko.res" 1587
"../../../Engine/Content/Internationalization/icudt64l/region/ko_KP.res" 1588
"../../../Engine/Content/Internationalization/icudt64l/region/ko.res" 1589
"../../../Engine/Content/Internationalization/icudt64l/lang/kok.res" 1590
"../../../Engine/Content/Internationalization/icudt64l/region/kok.res" 1591
"../../../Engine/Content/Internationalization/icudt64l/lang/ks.res" 1592
"../../../Engine/Content/Internationalization/icudt64l/region/ks.res" 1593
"../../../Engine/Content/Internationalization/icudt64l/lang/ksb.res" 1594
"../../../Engine/Content/Internationalization/icudt64l/region/ksb.res" 1595
"../../../Engine/Content/Internationalization/icudt64l/lang/ksf.res" 1596
"../../../Engine/Content/Internationalization/icudt64l/region/ksf.res" 1597
"../../../Engine/Content/Internationalization/icudt64l/lang/ksh.res" 1598
"../../../Engine/Content/Internationalization/icudt64l/region/ksh.res" 1599
"../../../Engine/Content/Internationalization/icudt64l/lang/ku.res" 1600
"../../../Engine/Content/Internationalization/icudt64l/region/ku.res" 1601
"../../../Engine/Content/Internationalization/icudt64l/lang/kw.res" 1602
"../../../Engine/Content/Internationalization/icudt64l/region/kw.res" 1603
"../../../Engine/Content/Internationalization/icudt64l/lang/ky.res" 1604
"../../../Engine/Content/Internationalization/icudt64l/region/ky.res" 1605
"../../../Engine/Content/Internationalization/icudt64l/lang/lag.res" 1606
"../../../Engine/Content/Internationalization/icudt64l/region/lag.res" 1607
"../../../Engine/Content/Internationalization/icudt64l/lang/lb.res" 1608
"../../../Engine/Content/Internationalization/icudt64l/region/lb.res" 1609
"../../../Engine/Content/Internationalization/icudt64l/lang/lg.res" 1610
"../../../Engine/Content/Internationalization/icudt64l/region/lg.res" 1611
"../../../Engine/Content/Internationalization/icudt64l/lang/lkt.res" 1612
"../../../Engine/Content/Internationalization/icudt64l/region/lkt.res" 1613
"../../../Engine/Content/Internationalization/icudt64l/lang/ln.res" 1614
"../../../Engine/Content/Internationalization/icudt64l/region/ln.res" 1615
"../../../Engine/Content/Internationalization/icudt64l/lang/lo.res" 1616
"../../../Engine/Content/Internationalization/icudt64l/region/lo.res" 1617
"../../../Engine/Content/Internationalization/icudt64l/lang/lrc.res" 1618
"../../../Engine/Content/Internationalization/icudt64l/region/lrc.res" 1619
"../../../Engine/Content/Internationalization/icudt64l/lang/lt.res" 1620
"../../../Engine/Content/Internationalization/icudt64l/region/lt.res" 1621
"../../../Engine/Content/Internationalization/icudt64l/lang/lu.res" 1622
"../../../Engine/Content/Internationalization/icudt64l/region/lu.res" 1623
"../../../Engine/Content/Internationalization/icudt64l/lang/luo.res" 1624
"../../../Engine/Content/Internationalization/icudt64l/region/luo.res" 1625
"../../../Engine/Content/Internationalization/icudt64l/lang/luy.res" 1626
"../../../Engine/Content/Internationalization/icudt64l/region/luy.res" 1627
"../../../Engine/Content/Internationalization/icudt64l/lang/lv.res" 1628
"../../../Engine/Content/Internationalization/icudt64l/region/lv.res" 1629
"../../../Engine/Content/Internationalization/icudt64l/lang/mas.res" 1630
"../../../Engine/Content/Internationalization/icudt64l/region/mas.res" 1631
"../../../Engine/Content/Internationalization/icudt64l/lang/mer.res" 1632
"../../../Engine/Content/Internationalization/icudt64l/region/mer.res" 1633
"../../../Engine/Content/Internationalization/icudt64l/lang/mfe.res" 1634
"../../../Engine/Content/Internationalization/icudt64l/region/mfe.res" 1635
"../../../Engine/Content/Internationalization/icudt64l/lang/mg.res" 1636
"../../../Engine/Content/Internationalization/icudt64l/region/mg.res" 1637
"../../../Engine/Content/Internationalization/icudt64l/lang/mgh.res" 1638
"../../../Engine/Content/Internationalization/icudt64l/region/mgh.res" 1639
"../../../Engine/Content/Internationalization/icudt64l/lang/mgo.res" 1640
"../../../Engine/Content/Internationalization/icudt64l/region/mgo.res" 1641
"../../../Engine/Content/Internationalization/icudt64l/lang/mi.res" 1642
"../../../Engine/Content/Internationalization/icudt64l/region/mi.res" 1643
"../../../Engine/Content/Internationalization/icudt64l/lang/mk.res" 1644
"../../../Engine/Content/Internationalization/icudt64l/region/mk.res" 1645
"../../../Engine/Content/Internationalization/icudt64l/lang/ml.res" 1646
"../../../Engine/Content/Internationalization/icudt64l/region/ml.res" 1647
"../../../Engine/Content/Internationalization/icudt64l/lang/mn.res" 1648
"../../../Engine/Content/Internationalization/icudt64l/region/mn.res" 1649
"../../../Engine/Content/Internationalization/icudt64l/lang/mr.res" 1650
"../../../Engine/Content/Internationalization/icudt64l/region/mr.res" 1651
"../../../Engine/Content/Internationalization/icudt64l/lang/ms.res" 1652
"../../../Engine/Content/Internationalization/icudt64l/region/ms.res" 1653
"../../../Engine/Content/Internationalization/icudt64l/lang/mt.res" 1654
"../../../Engine/Content/Internationalization/icudt64l/region/mt.res" 1655
"../../../Engine/Content/Internationalization/icudt64l/lang/mua.res" 1656
"../../../Engine/Content/Internationalization/icudt64l/region/mua.res" 1657
"../../../Engine/Content/Internationalization/icudt64l/lang/my.res" 1658
"../../../Engine/Content/Internationalization/icudt64l/region/my.res" 1659
"../../../Engine/Content/Internationalization/icudt64l/lang/mzn.res" 1660
"../../../Engine/Content/Internationalization/icudt64l/region/mzn.res" 1661
"../../../Engine/Content/Internationalization/icudt64l/lang/naq.res" 1662
"../../../Engine/Content/Internationalization/icudt64l/region/naq.res" 1663
"../../../Engine/Content/Internationalization/icudt64l/lang/nb.res" 1664
"../../../Engine/Content/Internationalization/icudt64l/lang/nb_NO.res" 1665
"../../../Engine/Content/Internationalization/icudt64l/region/nb_NO.res" 1666
"../../../Engine/Content/Internationalization/icudt64l/region/nb.res" 1667
"../../../Engine/Content/Internationalization/icudt64l/lang/nd.res" 1668
"../../../Engine/Content/Internationalization/icudt64l/region/nd.res" 1669
"../../../Engine/Content/Internationalization/icudt64l/lang/nds.res" 1670
"../../../Engine/Content/Internationalization/icudt64l/region/nds.res" 1671
"../../../Engine/Content/Internationalization/icudt64l/lang/ne.res" 1672
"../../../Engine/Content/Internationalization/icudt64l/region/ne.res" 1673
"../../../Engine/Content/Internationalization/icudt64l/lang/nl.res" 1674
"../../../Engine/Content/Internationalization/icudt64l/region/nl.res" 1675
"../../../Engine/Content/Internationalization/icudt64l/lang/nmg.res" 1676
"../../../Engine/Content/Internationalization/icudt64l/region/nmg.res" 1677
"../../../Engine/Content/Internationalization/icudt64l/lang/nn.res" 1678
"../../../Engine/Content/Internationalization/icudt64l/lang/nn_NO.res" 1679
"../../../Engine/Content/Internationalization/icudt64l/region/nn_NO.res" 1680
"../../../Engine/Content/Internationalization/icudt64l/region/nn.res" 1681
"../../../Engine/Content/Internationalization/icudt64l/lang/nnh.res" 1682
"../../../Engine/Content/Internationalization/icudt64l/region/nnh.res" 1683
"../../../Engine/Content/Internationalization/icudt64l/lang/nus.res" 1684
"../../../Engine/Content/Internationalization/icudt64l/region/nus.res" 1685
"../../../Engine/Content/Internationalization/icudt64l/lang/nyn.res" 1686
"../../../Engine/Content/Internationalization/icudt64l/region/nyn.res" 1687
"../../../Engine/Content/Internationalization/icudt64l/lang/om.res" 1688
"../../../Engine/Content/Internationalization/icudt64l/region/om.res" 1689
"../../../Engine/Content/Internationalization/icudt64l/lang/or.res" 1690
"../../../Engine/Content/Internationalization/icudt64l/region/or.res" 1691
"../../../Engine/Content/Internationalization/icudt64l/lang/os.res" 1692
"../../../Engine/Content/Internationalization/icudt64l/region/os.res" 1693
"../../../Engine/Content/Internationalization/icudt64l/lang/pa.res" 1694
"../../../Engine/Content/Internationalization/icudt64l/lang/pa_Arab.res" 1695
"../../../Engine/Content/Internationalization/icudt64l/lang/pa_PK.res" 1696
"../../../Engine/Content/Internationalization/icudt64l/lang/pa_Arab_PK.res" 1697
"../../../Engine/Content/Internationalization/icudt64l/region/pa_PK.res" 1698
"../../../Engine/Content/Internationalization/icudt64l/region/pa_Arab_PK.res" 1699
"../../../Engine/Content/Internationalization/icudt64l/region/pa_Arab.res" 1700
"../../../Engine/Content/Internationalization/icudt64l/lang/pa_Guru.res" 1701
"../../../Engine/Content/Internationalization/icudt64l/lang/pa_IN.res" 1702
"../../../Engine/Content/Internationalization/icudt64l/lang/pa_Guru_IN.res" 1703
"../../../Engine/Content/Internationalization/icudt64l/region/pa_IN.res" 1704
"../../../Engine/Content/Internationalization/icudt64l/region/pa_Guru_IN.res" 1705
"../../../Engine/Content/Internationalization/icudt64l/region/pa_Guru.res" 1706
"../../../Engine/Content/Internationalization/icudt64l/region/pa.res" 1707
"../../../Engine/Content/Internationalization/icudt64l/lang/pl.res" 1708
"../../../Engine/Content/Internationalization/icudt64l/region/pl.res" 1709
"../../../Engine/Content/Internationalization/icudt64l/lang/ps.res" 1710
"../../../Engine/Content/Internationalization/icudt64l/region/ps.res" 1711
"../../../Engine/Content/Internationalization/icudt64l/lang/ps_PK.res" 1712
"../../../Engine/Content/Internationalization/icudt64l/region/ps_PK.res" 1713
"../../../Engine/Content/Internationalization/icudt64l/lang/pt.res" 1714
"../../../Engine/Content/Internationalization/icudt64l/lang/pt_AO.res" 1715
"../../../Engine/Content/Internationalization/icudt64l/lang/pt_PT.res" 1716
"../../../Engine/Content/Internationalization/icudt64l/region/pt_AO.res" 1717
"../../../Engine/Content/Internationalization/icudt64l/region/pt_PT.res" 1718
"../../../Engine/Content/Internationalization/icudt64l/region/pt.res" 1719
"../../../Engine/Content/Internationalization/icudt64l/lang/pt_CH.res" 1720
"../../../Engine/Content/Internationalization/icudt64l/region/pt_CH.res" 1721
"../../../Engine/Content/Internationalization/icudt64l/lang/pt_CV.res" 1722
"../../../Engine/Content/Internationalization/icudt64l/region/pt_CV.res" 1723
"../../../Engine/Content/Internationalization/icudt64l/lang/pt_GQ.res" 1724
"../../../Engine/Content/Internationalization/icudt64l/region/pt_GQ.res" 1725
"../../../Engine/Content/Internationalization/icudt64l/lang/pt_GW.res" 1726
"../../../Engine/Content/Internationalization/icudt64l/region/pt_GW.res" 1727
"../../../Engine/Content/Internationalization/icudt64l/lang/pt_LU.res" 1728
"../../../Engine/Content/Internationalization/icudt64l/region/pt_LU.res" 1729
"../../../Engine/Content/Internationalization/icudt64l/lang/pt_MO.res" 1730
"../../../Engine/Content/Internationalization/icudt64l/region/pt_MO.res" 1731
"../../../Engine/Content/Internationalization/icudt64l/lang/pt_MZ.res" 1732
"../../../Engine/Content/Internationalization/icudt64l/region/pt_MZ.res" 1733
"../../../Engine/Content/Internationalization/icudt64l/lang/pt_ST.res" 1734
"../../../Engine/Content/Internationalization/icudt64l/region/pt_ST.res" 1735
"../../../Engine/Content/Internationalization/icudt64l/lang/pt_TL.res" 1736
"../../../Engine/Content/Internationalization/icudt64l/region/pt_TL.res" 1737
"../../../Engine/Content/Internationalization/icudt64l/lang/qu.res" 1738
"../../../Engine/Content/Internationalization/icudt64l/region/qu.res" 1739
"../../../Engine/Content/Internationalization/icudt64l/lang/rm.res" 1740
"../../../Engine/Content/Internationalization/icudt64l/region/rm.res" 1741
"../../../Engine/Content/Internationalization/icudt64l/lang/rn.res" 1742
"../../../Engine/Content/Internationalization/icudt64l/region/rn.res" 1743
"../../../Engine/Content/Internationalization/icudt64l/lang/ro.res" 1744
"../../../Engine/Content/Internationalization/icudt64l/lang/ro_MD.res" 1745
"../../../Engine/Content/Internationalization/icudt64l/region/ro_MD.res" 1746
"../../../Engine/Content/Internationalization/icudt64l/region/ro.res" 1747
"../../../Engine/Content/Internationalization/icudt64l/lang/rof.res" 1748
"../../../Engine/Content/Internationalization/icudt64l/region/rof.res" 1749
"../../../Engine/Content/Internationalization/icudt64l/lang/ru.res" 1750
"../../../Engine/Content/Internationalization/icudt64l/region/ru.res" 1751
"../../../Engine/Content/Internationalization/icudt64l/region/ru_UA.res" 1752
"../../../Engine/Content/Internationalization/icudt64l/lang/rw.res" 1753
"../../../Engine/Content/Internationalization/icudt64l/region/rw.res" 1754
"../../../Engine/Content/Internationalization/icudt64l/lang/rwk.res" 1755
"../../../Engine/Content/Internationalization/icudt64l/region/rwk.res" 1756
"../../../Engine/Content/Internationalization/icudt64l/lang/sah.res" 1757
"../../../Engine/Content/Internationalization/icudt64l/region/sah.res" 1758
"../../../Engine/Content/Internationalization/icudt64l/lang/saq.res" 1759
"../../../Engine/Content/Internationalization/icudt64l/region/saq.res" 1760
"../../../Engine/Content/Internationalization/icudt64l/lang/sbp.res" 1761
"../../../Engine/Content/Internationalization/icudt64l/region/sbp.res" 1762
"../../../Engine/Content/Internationalization/icudt64l/lang/sd.res" 1763
"../../../Engine/Content/Internationalization/icudt64l/region/sd.res" 1764
"../../../Engine/Content/Internationalization/icudt64l/lang/se.res" 1765
"../../../Engine/Content/Internationalization/icudt64l/lang/se_FI.res" 1766
"../../../Engine/Content/Internationalization/icudt64l/region/se_FI.res" 1767
"../../../Engine/Content/Internationalization/icudt64l/region/se.res" 1768
"../../../Engine/Content/Internationalization/icudt64l/lang/seh.res" 1769
"../../../Engine/Content/Internationalization/icudt64l/region/seh.res" 1770
"../../../Engine/Content/Internationalization/icudt64l/lang/ses.res" 1771
"../../../Engine/Content/Internationalization/icudt64l/region/ses.res" 1772
"../../../Engine/Content/Internationalization/icudt64l/lang/sg.res" 1773
"../../../Engine/Content/Internationalization/icudt64l/region/sg.res" 1774
"../../../Engine/Content/Internationalization/icudt64l/lang/shi.res" 1775
"../../../Engine/Content/Internationalization/icudt64l/lang/shi_Latn.res" 1776
"../../../Engine/Content/Internationalization/icudt64l/lang/shi_MA.res" 1777
"../../../Engine/Content/Internationalization/icudt64l/lang/shi_Tfng_MA.res" 1778
"../../../Engine/Content/Internationalization/icudt64l/lang/shi_Tfng.res" 1779
"../../../Engine/Content/Internationalization/icudt64l/region/shi_MA.res" 1780
"../../../Engine/Content/Internationalization/icudt64l/region/shi_Tfng_MA.res" 1781
"../../../Engine/Content/Internationalization/icudt64l/region/shi_Tfng.res" 1782
"../../../Engine/Content/Internationalization/icudt64l/region/shi.res" 1783
"../../../Engine/Content/Internationalization/icudt64l/region/shi_Latn.res" 1784
"../../../Engine/Content/Internationalization/icudt64l/lang/si.res" 1785
"../../../Engine/Content/Internationalization/icudt64l/region/si.res" 1786
"../../../Engine/Content/Internationalization/icudt64l/lang/sk.res" 1787
"../../../Engine/Content/Internationalization/icudt64l/region/sk.res" 1788
"../../../Engine/Content/Internationalization/icudt64l/lang/sl.res" 1789
"../../../Engine/Content/Internationalization/icudt64l/region/sl.res" 1790
"../../../Engine/Content/Internationalization/icudt64l/lang/smn.res" 1791
"../../../Engine/Content/Internationalization/icudt64l/region/smn.res" 1792
"../../../Engine/Content/Internationalization/icudt64l/lang/sn.res" 1793
"../../../Engine/Content/Internationalization/icudt64l/region/sn.res" 1794
"../../../Engine/Content/Internationalization/icudt64l/lang/so.res" 1795
"../../../Engine/Content/Internationalization/icudt64l/region/so.res" 1796
"../../../Engine/Content/Internationalization/icudt64l/lang/sq.res" 1797
"../../../Engine/Content/Internationalization/icudt64l/region/sq.res" 1798
"../../../Engine/Content/Internationalization/icudt64l/lang/sr.res" 1799
"../../../Engine/Content/Internationalization/icudt64l/lang/sr_Cyrl.res" 1800
"../../../Engine/Content/Internationalization/icudt64l/lang/sr_BA.res" 1801
"../../../Engine/Content/Internationalization/icudt64l/lang/sr_Cyrl_BA.res" 1802
"../../../Engine/Content/Internationalization/icudt64l/region/sr_BA.res" 1803
"../../../Engine/Content/Internationalization/icudt64l/region/sr_Cyrl_BA.res" 1804
"../../../Engine/Content/Internationalization/icudt64l/region/sr_Cyrl.res" 1805
"../../../Engine/Content/Internationalization/icudt64l/region/sr.res" 1806
"../../../Engine/Content/Internationalization/icudt64l/lang/sr_ME.res" 1807
"../../../Engine/Content/Internationalization/icudt64l/lang/sr_Latn_ME.res" 1808
"../../../Engine/Content/Internationalization/icudt64l/lang/sr_Latn.res" 1809
"../../../Engine/Content/Internationalization/icudt64l/region/sr_ME.res" 1810
"../../../Engine/Content/Internationalization/icudt64l/region/sr_Latn_ME.res" 1811
"../../../Engine/Content/Internationalization/icudt64l/region/sr_Latn.res" 1812
"../../../Engine/Content/Internationalization/icudt64l/lang/sr_Cyrl_ME.res" 1813
"../../../Engine/Content/Internationalization/icudt64l/region/sr_Cyrl_ME.res" 1814
"../../../Engine/Content/Internationalization/icudt64l/lang/sr_RS.res" 1815
"../../../Engine/Content/Internationalization/icudt64l/lang/sr_Cyrl_RS.res" 1816
"../../../Engine/Content/Internationalization/icudt64l/region/sr_RS.res" 1817
"../../../Engine/Content/Internationalization/icudt64l/region/sr_Cyrl_RS.res" 1818
"../../../Engine/Content/Internationalization/icudt64l/lang/sr_XK.res" 1819
"../../../Engine/Content/Internationalization/icudt64l/lang/sr_Cyrl_XK.res" 1820
"../../../Engine/Content/Internationalization/icudt64l/region/sr_XK.res" 1821
"../../../Engine/Content/Internationalization/icudt64l/region/sr_Cyrl_XK.res" 1822
"../../../Engine/Content/Internationalization/icudt64l/lang/sr_Latn_BA.res" 1823
"../../../Engine/Content/Internationalization/icudt64l/region/sr_Latn_BA.res" 1824
"../../../Engine/Content/Internationalization/icudt64l/lang/sr_Latn_RS.res" 1825
"../../../Engine/Content/Internationalization/icudt64l/region/sr_Latn_RS.res" 1826
"../../../Engine/Content/Internationalization/icudt64l/lang/sr_Latn_XK.res" 1827
"../../../Engine/Content/Internationalization/icudt64l/region/sr_Latn_XK.res" 1828
"../../../Engine/Content/Internationalization/icudt64l/lang/sv.res" 1829
"../../../Engine/Content/Internationalization/icudt64l/region/sv.res" 1830
"../../../Engine/Content/Internationalization/icudt64l/lang/sv_FI.res" 1831
"../../../Engine/Content/Internationalization/icudt64l/lang/sw.res" 1832
"../../../Engine/Content/Internationalization/icudt64l/lang/sw_CD.res" 1833
"../../../Engine/Content/Internationalization/icudt64l/region/sw_CD.res" 1834
"../../../Engine/Content/Internationalization/icudt64l/region/sw.res" 1835
"../../../Engine/Content/Internationalization/icudt64l/lang/sw_KE.res" 1836
"../../../Engine/Content/Internationalization/icudt64l/region/sw_KE.res" 1837
"../../../Engine/Content/Internationalization/icudt64l/lang/ta.res" 1838
"../../../Engine/Content/Internationalization/icudt64l/region/ta.res" 1839
"../../../Engine/Content/Internationalization/icudt64l/lang/te.res" 1840
"../../../Engine/Content/Internationalization/icudt64l/region/te.res" 1841
"../../../Engine/Content/Internationalization/icudt64l/lang/teo.res" 1842
"../../../Engine/Content/Internationalization/icudt64l/region/teo.res" 1843
"../../../Engine/Content/Internationalization/icudt64l/lang/tg.res" 1844
"../../../Engine/Content/Internationalization/icudt64l/region/tg.res" 1845
"../../../Engine/Content/Internationalization/icudt64l/lang/th.res" 1846
"../../../Engine/Content/Internationalization/icudt64l/lang/th_TH.res" 1847
"../../../Engine/Content/Internationalization/icudt64l/region/th_TH.res" 1848
"../../../Engine/Content/Internationalization/icudt64l/region/th.res" 1849
"../../../Engine/Content/Internationalization/icudt64l/lang/ti.res" 1850
"../../../Engine/Content/Internationalization/icudt64l/region/ti.res" 1851
"../../../Engine/Content/Internationalization/icudt64l/lang/tk.res" 1852
"../../../Engine/Content/Internationalization/icudt64l/region/tk.res" 1853
"../../../Engine/Content/Internationalization/icudt64l/lang/to.res" 1854
"../../../Engine/Content/Internationalization/icudt64l/region/to.res" 1855
"../../../Engine/Content/Internationalization/icudt64l/lang/tr.res" 1856
"../../../Engine/Content/Internationalization/icudt64l/region/tr.res" 1857
"../../../Engine/Content/Internationalization/icudt64l/lang/tt.res" 1858
"../../../Engine/Content/Internationalization/icudt64l/region/tt.res" 1859
"../../../Engine/Content/Internationalization/icudt64l/lang/twq.res" 1860
"../../../Engine/Content/Internationalization/icudt64l/region/twq.res" 1861
"../../../Engine/Content/Internationalization/icudt64l/lang/tzm.res" 1862
"../../../Engine/Content/Internationalization/icudt64l/region/tzm.res" 1863
"../../../Engine/Content/Internationalization/icudt64l/lang/ug.res" 1864
"../../../Engine/Content/Internationalization/icudt64l/region/ug.res" 1865
"../../../Engine/Content/Internationalization/icudt64l/lang/uk.res" 1866
"../../../Engine/Content/Internationalization/icudt64l/region/uk.res" 1867
"../../../Engine/Content/Internationalization/icudt64l/lang/ur.res" 1868
"../../../Engine/Content/Internationalization/icudt64l/lang/ur_IN.res" 1869
"../../../Engine/Content/Internationalization/icudt64l/region/ur_IN.res" 1870
"../../../Engine/Content/Internationalization/icudt64l/region/ur.res" 1871
"../../../Engine/Content/Internationalization/icudt64l/lang/uz.res" 1872
"../../../Engine/Content/Internationalization/icudt64l/lang/uz_Arab.res" 1873
"../../../Engine/Content/Internationalization/icudt64l/lang/uz_AF.res" 1874
"../../../Engine/Content/Internationalization/icudt64l/lang/uz_Arab_AF.res" 1875
"../../../Engine/Content/Internationalization/icudt64l/region/uz_AF.res" 1876
"../../../Engine/Content/Internationalization/icudt64l/region/uz_Arab_AF.res" 1877
"../../../Engine/Content/Internationalization/icudt64l/region/uz_Arab.res" 1878
"../../../Engine/Content/Internationalization/icudt64l/lang/uz_Cyrl.res" 1879
"../../../Engine/Content/Internationalization/icudt64l/lang/uz_UZ.res" 1880
"../../../Engine/Content/Internationalization/icudt64l/lang/uz_Latn_UZ.res" 1881
"../../../Engine/Content/Internationalization/icudt64l/lang/uz_Latn.res" 1882
"../../../Engine/Content/Internationalization/icudt64l/region/uz_UZ.res" 1883
"../../../Engine/Content/Internationalization/icudt64l/region/uz_Latn_UZ.res" 1884
"../../../Engine/Content/Internationalization/icudt64l/region/uz_Latn.res" 1885
"../../../Engine/Content/Internationalization/icudt64l/region/uz.res" 1886
"../../../Engine/Content/Internationalization/icudt64l/region/uz_Cyrl.res" 1887
"../../../Engine/Content/Internationalization/icudt64l/lang/vai.res" 1888
"../../../Engine/Content/Internationalization/icudt64l/lang/vai_Latn.res" 1889
"../../../Engine/Content/Internationalization/icudt64l/lang/vai_LR.res" 1890
"../../../Engine/Content/Internationalization/icudt64l/lang/vai_Vaii_LR.res" 1891
"../../../Engine/Content/Internationalization/icudt64l/lang/vai_Vaii.res" 1892
"../../../Engine/Content/Internationalization/icudt64l/region/vai_LR.res" 1893
"../../../Engine/Content/Internationalization/icudt64l/region/vai_Vaii_LR.res" 1894
"../../../Engine/Content/Internationalization/icudt64l/region/vai_Vaii.res" 1895
"../../../Engine/Content/Internationalization/icudt64l/region/vai.res" 1896
"../../../Engine/Content/Internationalization/icudt64l/region/vai_Latn.res" 1897
"../../../Engine/Content/Internationalization/icudt64l/lang/vi.res" 1898
"../../../Engine/Content/Internationalization/icudt64l/region/vi.res" 1899
"../../../Engine/Content/Internationalization/icudt64l/lang/vun.res" 1900
"../../../Engine/Content/Internationalization/icudt64l/region/vun.res" 1901
"../../../Engine/Content/Internationalization/icudt64l/lang/wae.res" 1902
"../../../Engine/Content/Internationalization/icudt64l/region/wae.res" 1903
"../../../Engine/Content/Internationalization/icudt64l/lang/wo.res" 1904
"../../../Engine/Content/Internationalization/icudt64l/region/wo.res" 1905
"../../../Engine/Content/Internationalization/icudt64l/lang/xh.res" 1906
"../../../Engine/Content/Internationalization/icudt64l/region/xh.res" 1907
"../../../Engine/Content/Internationalization/icudt64l/lang/xog.res" 1908
"../../../Engine/Content/Internationalization/icudt64l/region/xog.res" 1909
"../../../Engine/Content/Internationalization/icudt64l/lang/yav.res" 1910
"../../../Engine/Content/Internationalization/icudt64l/region/yav.res" 1911
"../../../Engine/Content/Internationalization/icudt64l/lang/yi.res" 1912
"../../../Engine/Content/Internationalization/icudt64l/region/yi.res" 1913
"../../../Engine/Content/Internationalization/icudt64l/lang/yo.res" 1914
"../../../Engine/Content/Internationalization/icudt64l/lang/yo_BJ.res" 1915
"../../../Engine/Content/Internationalization/icudt64l/region/yo_BJ.res" 1916
"../../../Engine/Content/Internationalization/icudt64l/region/yo.res" 1917
"../../../Engine/Content/Internationalization/icudt64l/lang/yue.res" 1918
"../../../Engine/Content/Internationalization/icudt64l/lang/yue_Hans.res" 1919
"../../../Engine/Content/Internationalization/icudt64l/lang/yue_CN.res" 1920
"../../../Engine/Content/Internationalization/icudt64l/lang/yue_Hans_CN.res" 1921
"../../../Engine/Content/Internationalization/icudt64l/region/yue_CN.res" 1922
"../../../Engine/Content/Internationalization/icudt64l/region/yue_Hans_CN.res" 1923
"../../../Engine/Content/Internationalization/icudt64l/region/yue_Hans.res" 1924
"../../../Engine/Content/Internationalization/icudt64l/lang/yue_Hant.res" 1925
"../../../Engine/Content/Internationalization/icudt64l/lang/yue_HK.res" 1926
"../../../Engine/Content/Internationalization/icudt64l/lang/yue_Hant_HK.res" 1927
"../../../Engine/Content/Internationalization/icudt64l/region/yue_HK.res" 1928
"../../../Engine/Content/Internationalization/icudt64l/region/yue_Hant_HK.res" 1929
"../../../Engine/Content/Internationalization/icudt64l/region/yue_Hant.res" 1930
"../../../Engine/Content/Internationalization/icudt64l/region/yue.res" 1931
"../../../Engine/Content/Internationalization/icudt64l/lang/zgh.res" 1932
"../../../Engine/Content/Internationalization/icudt64l/region/zgh.res" 1933
"../../../Engine/Content/Internationalization/icudt64l/lang/zh.res" 1934
"../../../Engine/Content/Internationalization/icudt64l/lang/zh_Hans.res" 1935
"../../../Engine/Content/Internationalization/icudt64l/lang/zh_CN.res" 1936
"../../../Engine/Content/Internationalization/icudt64l/lang/zh_Hans_CN.res" 1937
"../../../Engine/Content/Internationalization/icudt64l/region/zh_CN.res" 1938
"../../../Engine/Content/Internationalization/icudt64l/region/zh_Hans_CN.res" 1939
"../../../Engine/Content/Internationalization/icudt64l/region/zh_Hans.res" 1940
"../../../Engine/Content/Internationalization/icudt64l/region/zh.res" 1941
"../../../Engine/Content/Internationalization/icudt64l/lang/zh_HK.res" 1942
"../../../Engine/Content/Internationalization/icudt64l/lang/zh_Hant_HK.res" 1943
"../../../Engine/Content/Internationalization/icudt64l/lang/zh_Hant.res" 1944
"../../../Engine/Content/Internationalization/icudt64l/region/zh_HK.res" 1945
"../../../Engine/Content/Internationalization/icudt64l/region/zh_Hant_HK.res" 1946
"../../../Engine/Content/Internationalization/icudt64l/region/zh_Hant.res" 1947
"../../../Engine/Content/Internationalization/icudt64l/lang/zh_MO.res" 1948
"../../../Engine/Content/Internationalization/icudt64l/lang/zh_Hant_MO.res" 1949
"../../../Engine/Content/Internationalization/icudt64l/region/zh_MO.res" 1950
"../../../Engine/Content/Internationalization/icudt64l/region/zh_Hant_MO.res" 1951
"../../../Engine/Content/Internationalization/icudt64l/lang/zh_SG.res" 1952
"../../../Engine/Content/Internationalization/icudt64l/lang/zh_Hans_SG.res" 1953
"../../../Engine/Content/Internationalization/icudt64l/region/zh_SG.res" 1954
"../../../Engine/Content/Internationalization/icudt64l/region/zh_Hans_SG.res" 1955
"../../../Engine/Content/Internationalization/icudt64l/lang/zh_TW.res" 1956
"../../../Engine/Content/Internationalization/icudt64l/lang/zh_Hant_TW.res" 1957
"../../../Engine/Content/Internationalization/icudt64l/region/zh_TW.res" 1958
"../../../Engine/Content/Internationalization/icudt64l/region/zh_Hant_TW.res" 1959
"../../../Engine/Content/Internationalization/icudt64l/lang/zu.res" 1960
"../../../Engine/Content/Internationalization/icudt64l/region/zu.res" 1961
"../../../Engine/Content/Internationalization/icudt64l/lang/no.res" 1962
"../../../Engine/Content/Internationalization/icudt64l/lang/tl.res" 1963
"../../../Engine/Config/Android/DataDrivenPlatformInfo.ini" 1964
"../../../Engine/Config/IOS/DataDrivenPlatformInfo.ini" 1965
"../../../Engine/Config/Linux/DataDrivenPlatformInfo.ini" 1966
"../../../Engine/Config/Mac/DataDrivenPlatformInfo.ini" 1967
"../../../Engine/Config/TVOS/DataDrivenPlatformInfo.ini" 1968
"../../../Engine/Config/Unix/DataDrivenPlatformInfo.ini" 1969
"../../../Engine/Config/VulkanPC/DataDrivenPlatformInfo.ini" 1970
"../../../Engine/Config/Windows/DataDrivenPlatformInfo.ini" 1971
"../../../Engine/Platforms/VisionOS/Config/DataDrivenPlatformInfo.ini" 1972
"../../../Engine/Content/Renderer/TessellationTable.bin" 1973
"../../../Engine/DerivedDataCache/Compressed.ddp" 1974
"C:/Users/symbi/AppData/Local/UnrealEngine/5.6/Saved/Zen/zen.version" 1975
"C:/Users/symbi/AppData/Local/UnrealEngine/Common/Zen/Install/zen.version" 1976
"C:/Users/symbi/AppData/Local/UnrealEngine/Common/Zen/Install/zenserver.runcontext" 1977
"C:/Users/symbi/AppData/Local/UnrealEngine/Common/DerivedDataCache/TestData/0/TestData_4kb.dat" 1978
"C:/Users/symbi/AppData/Local/UnrealEngine/Common/DerivedDataCache/TestData/1/TestData_4kb.dat" 1979
"C:/Users/symbi/AppData/Local/UnrealEngine/Common/DerivedDataCache/TestData/0/TestData_8kb.dat" 1980
"C:/Users/symbi/AppData/Local/UnrealEngine/Common/DerivedDataCache/TestData/1/TestData_8kb.dat" 1981
"C:/Users/symbi/AppData/Local/UnrealEngine/Common/DerivedDataCache/TestData/0/TestData_16kb.dat" 1982
"C:/Users/symbi/AppData/Local/UnrealEngine/Common/DerivedDataCache/TestData/1/TestData_16kb.dat" 1983
"C:/Users/symbi/AppData/Local/UnrealEngine/Common/DerivedDataCache/TestData/0/TestData_64kb.dat" 1984
"C:/Users/symbi/AppData/Local/UnrealEngine/Common/DerivedDataCache/TestData/1/TestData_64kb.dat" 1985
"C:/Users/symbi/AppData/Local/UnrealEngine/Common/DerivedDataCache/TestData/0/TestData_128kb.dat" 1986
"C:/Users/symbi/AppData/Local/UnrealEngine/Common/DerivedDataCache/TestData/1/TestData_128kb.dat" 1987
"C:/Users/symbi/AppData/Local/UnrealEngine/Common/DerivedDataCache/TestData/0/TestData_256kb.dat" 1988
"C:/Users/symbi/AppData/Local/UnrealEngine/Common/DerivedDataCache/TestData/1/TestData_256kb.dat" 1989
"C:/Users/symbi/AppData/Roaming/Unreal Engine/UnrealBuildTool/BuildConfiguration.xml" 1990
"C:/Users/symbi/Documents/School Stuff/LvlDesign2/Project2/Emily/LvlDesign02_TeamLuminous_Project02/Intermediate/ShaderAutogen/PCD3D_SM6/AutogenShaderHeaders.ush" 1991
"../../../Engine/Shaders/Private/HairStrands/HairStrandsVertexFactory.ush" 1992
"../../../Engine/Shaders/Private/VertexFactoryCommon.ush" 1993
"../../../Engine/Shaders/Private/Common.ush" 1994
"../../../Engine/Shaders/Public/Platform.ush" 1995
"../../../Engine/Shaders/Public/FP16Math.ush" 1996
"../../../Engine/Shaders/Public/Platform/D3D/D3DCommon.ush" 1997
"../../../Engine/Shaders/Shared/HLSLReservedSpaces.h" 1998
"../../../Engine/Shaders/Public/BindlessResources.ush" 1999
"../../../Engine/Shaders/Public/Platform/D3D/PlatformBindlessResources.ush" 2000
"../../../Engine/Shaders/Shared/RayTracingBuiltInResources.h" 2001
"../../../Engine/Shaders/Shared/RayTracingDefinitions.h" 2002
"../../../Engine/Shaders/Public/OverloadMacros.ush" 2003
"../../../Engine/Shaders/Public/ShaderVersion.ush" 2004
"../../../Engine/Shaders/Shared/ThirdParty/NVIDIA/nvHLSLExtns.h" 2005
"../../../Engine/Shaders/Shared/ThirdParty/NVIDIA/nvHLSLExtnsInternal.h" 2006
"../../../Engine/Shaders/Shared/ThirdParty/NVIDIA/nvShaderExtnEnums.h" 2007
"../../../Engine/Shaders/Private/PackUnpack.ush" 2008
"../../../Engine/Shaders/Private/GeneratedUniformBufferTypes.ush" 2009
"../../../Engine/Shaders/Private/Nanite/NanitePackedNaniteView.ush" 2010
"../../../Engine/Shaders/Private/HairStrands/HairStrandsVisibilityCommonStruct.ush" 2011
"../../../Engine/Shaders/Private/HairStrands/HairStrandsVoxelPageCommonStruct.ush" 2012
"../../../Engine/Shaders/Private/HairStrands/HairStrandsDeepShadowCommonStruct.ush" 2013
"../../../Engine/Shaders/Shared/LightSceneData.h" 2014
"../../../Engine/Shaders/Shared/HLSLTypeAliases.h" 2015
"../../../Engine/Shaders/Private/LargeWorldCoordinates.ush" 2016
"../../../Engine/Shaders/Private/DoubleFloat.ush" 2017
"../../../Engine/Shaders/Private/RandomPCG.ush" 2018
"../../../Engine/Shaders/Private/DoubleFloatOperations.ush" 2019
"../../../Engine/Shaders/Private/DoubleFloatVectorDefinition.ush" 2020
"../../../Engine/Shaders/Private/LWCOperations.ush" 2021
"../../../Engine/Shaders/Shared/LightViewData.h" 2022
"../../../Engine/Shaders/Shared/RayTracingTypes.h" 2023
"../../../Engine/Shaders/Shared/HLSLStaticAssert.h" 2024
"../../../Engine/Shaders/Private/CommonViewUniformBuffer.ush" 2025
"../../../Engine/Shaders/Private/InstancedStereo.ush" 2026
"../../../Engine/Shaders/Private/Definitions.usf" 2027
"../../../Engine/Shaders/Private/AssertionMacros.ush" 2028
"../../../Engine/Shaders/Private/FastMath.ush" 2029
"../../../Engine/Shaders/Private/FastMathThirdParty.ush" 2030
"../../../Engine/Shaders/Private/Random.ush" 2031
"../../../Engine/Shaders/Private/RandomInterleavedGradientNoise.ush" 2032
"../../../Engine/Shaders/Private/SceneData.ush" 2033
"../../../Engine/Shaders/Private/OctahedralCommon.ush" 2034
"../../../Engine/Shaders/Private/WaveOpUtil.ush" 2035
"../../../Engine/Shaders/Private/ByteBuffer.ush" 2036
"../../../Engine/Shaders/Shared/SceneDefinitions.h" 2037
"../../../Engine/Shaders/Private/SceneDataMobileLoader.ush" 2038
"../../../Engine/Shaders/Private/LocalVertexFactoryCommon.ush" 2039
"../../../Engine/Shaders/Private/HairStrands/HairStrandsVisibilityCommon.ush" 2040
"../../../Engine/Shaders/Shared/HairStrandsDefinitions.h" 2041
"../../../Engine/Shaders/Private/HairStrands/HairStrandsVertexFactoryCommon.ush" 2042
"../../../Engine/Shaders/Private/HairStrands/HairStrandsPack.ush" 2043
"../../../Engine/Shaders/Private/HairStrands/HairStrandsAttributeCommon.ush" 2044
"../../../Engine/Shaders/Private/HairStrands/HairStrandsAttributeTemplate.ush" 2045
"../../../Engine/Shaders/Private/VertexFactoryDefaultInterface.ush" 2046
"../../../Engine/Shaders/Private/HairStrands/HairCardsVertexFactory.ush" 2047
"../../../Engine/Shaders/Private/HairStrands/HairCardsAttributeCommon.ush" 2048
"../../../Engine/Shaders/Private/RayTracing/RayTracingCommon.ush" 2049
"../../../Engine/Shaders/Private/ShadingCommon.ush" 2050
"../../../Engine/Shaders/Shared/RayTracingPayloadType.h" 2051
"../../../Engine/Shaders/Private/RayTracing/RayTracingRayCone.ush" 2052
"../../../Engine/Shaders/Private/Substrate/Substrate.ush" 2053
"../../../Engine/Shaders/Private/ShadingEnergyConservation.ush" 2054
"../../../Engine/Shaders/Private/ShadingEnergyConservationTemplate.ush" 2055
"../../../Engine/Shaders/Private/BRDF.ush" 2056
"../../../Engine/Shaders/Private/ColorSpace.ush" 2057
"../../../Engine/Shaders/Private/DeferredShadingCommon.ush" 2058
"../../../Engine/Shaders/Private/LightAccumulator.ush" 2059
"../../../Engine/Shaders/Private/SceneTexturesCommon.ush" 2060
"../../../Engine/Shaders/Private/MonteCarlo.ush" 2061
"../../../Engine/Shaders/Private/GBufferHelpers.ush" 2062
"../../../Engine/Shaders/Private/SceneTextureParameters.ush" 2063
"../../../Engine/Shaders/Private/ParticipatingMediaCommon.ush" 2064
"../../../Engine/Shaders/Private/ThinFilmBSDF.ush" 2065
"../../../Engine/Shaders/Private/MortonCode.ush" 2066
"../../../Engine/Shaders/Private/SubsurfaceProfileCommon.ush" 2067
"../../../Engine/Shaders/Private/BurleyNormalizedSSSCommon.ush" 2068
"../../../Engine/Shaders/Private/GammaCorrectionCommon.ush" 2069
"../../../Engine/Shaders/Shared/SubstrateDefinitions.h" 2070
"../../../Engine/Shaders/Private/Substrate/SubstrateStatisticalOperators.ush" 2071
"../../../Engine/Shaders/Private/Substrate/SubstrateSubsurface.ush" 2072
"../../../Engine/Shaders/Private/TransmissionCommon.ush" 2073
"../../../Engine/Shaders/Private/Substrate/SubstrateExportCommon.ush" 2074
"../../../Engine/Shaders/Private/SpecularProfileCommon.ush" 2075
"../../../Engine/Shaders/Private/RayTracing/RayTracingCommonMetal.ush" 2076
"../../../Engine/Shaders/Private/PositionReconstructionCommon.ush" 2077
"../../../Engine/Shaders/Private/RayTracing/TraceRayInline.ush" 2078
"../../../Engine/Shaders/Private/RayTracing/TraceRayInlineCommon.ush" 2079
"../../../Engine/Shaders/Private/RayTracing/TraceRayInlineVulkan.ush" 2080
"../../../Engine/Shaders/Private/RayTracing/TraceRayInlineMetal.ush" 2081
"../../../Engine/Shaders/Private/RayTracing/TraceRayInlineD3D12.ush" 2082
"../../../Engine/Shaders/Private/RayTracing/RayTracingHitGroupCommon.ush" 2083
"../../../Engine/Shaders/Private/Nanite/NaniteRayTrace.ush" 2084
"../../../Engine/Shaders/Private/Nanite/NaniteDataDecode.ush" 2085
"../../../Engine/Shaders/Private/BitPacking.ush" 2086
"../../../Engine/Shaders/Private/BitStreamReaderImplementation.ush" 2087
"../../../Engine/Shaders/Private/BoneTransform.ush" 2088
"../../../Engine/Shaders/Private/Quaternion.ush" 2089
"../../../Engine/Shaders/Shared/NaniteDefinitions.h" 2090
"../../../Engine/Shaders/Shared/SkinningDefinitions.h" 2091
"../../../Engine/Shaders/Private/Nanite/NaniteAttributeDecode.ush" 2092
"../../../Engine/Shaders/Private/Barycentrics.ush" 2093
"../../../Engine/Shaders/Private/DualNumber.ush" 2094
"../../../Engine/Shaders/Shared/ThirdParty/RayTriangleIntersection.h" 2095
"../../../Engine/Shaders/Private/Nanite/NaniteVertexFetch.ush" 2096
"../../../Engine/Shaders/Private/Nanite/NaniteSceneCommon.ush" 2097
"../../../Engine/Plugins/FX/Niagara/Shaders/Private/NiagaraSpriteVertexFactory.ush" 2098
"../../../Engine/Shaders/Private/ParticleVertexFactoryCommon.ush" 2099
"../../../Engine/Plugins/FX/Niagara/Shaders/Private/NiagaraVFCommon.usf" 2100
"../../../Engine/Plugins/FX/Niagara/Shaders/Private/NiagaraVFParticleAccess.usf" 2101
"../../../Engine/Plugins/FX/Niagara/Shaders/Private/NiagaraParticleAccess.ush" 2102
"../../../Engine/Plugins/FX/Niagara/Shaders/Private/NiagaraRibbonVertexFactory.ush" 2103
"../../../Engine/Plugins/FX/Niagara/Shaders/Private/NiagaraMeshVertexFactory.ush" 2104
"../../../Engine/Plugins/FX/Niagara/Shaders/Private/NiagaraCommon.ush" 2105
"../../../Engine/Plugins/FX/Niagara/Shaders/Private/NiagaraMeshParticleUtils.ush" 2106
"../../../Engine/Shaders/Private/VectorFieldVisualizationVertexFactory.ush" 2107
"../../../Engine/Shaders/Private/Nanite/NaniteVertexFactory.ush" 2108
"../../../Engine/Shaders/Private/LightmapData.ush" 2109
"../../../Engine/Shaders/Private/SplineMeshCommon.ush" 2110
"../../../Engine/Shaders/Shared/SplineMeshShaderParams.h" 2111
"../../../Engine/Shaders/Private/ShaderPrint.ush" 2112
"../../../Engine/Shaders/Private/ShaderPrintCommon.ush" 2113
"../../../Engine/Shaders/Private/MiniFontCommon.ush" 2114
"../../../Engine/Shaders/Private/MaterialCache/MaterialCacheCommon.ush" 2115
"../../../Engine/Shaders/Shared/MaterialCacheDefinitions.h" 2116
"../../../Engine/Shaders/Private/Nanite/NaniteVertexDeformation.ush" 2117
"../../../Engine/Shaders/Private/ViewData.ush" 2118
"../../../Engine/Shaders/Shared/ViewDefinitions.h" 2119
"../../../Engine/Shaders/Private/Matrices.ush" 2120
"../../../Engine/Shaders/Private/ParticleSpriteVertexFactory.ush" 2121
"../../../Engine/Shaders/Private/ParticleGPUSpriteVertexFactory.ush" 2122
"../../../Engine/Shaders/Private/ParticleSimulationCommon.ush" 2123
"../../../Engine/Shaders/Private/ParticleBeamTrailVertexFactory.ush" 2124
"../../../Engine/Shaders/Private/MeshParticleVertexFactory.ush" 2125
"../../../Engine/Shaders/Private/LocalVertexFactory.ush" 2126
"../../../Engine/Shaders/Private/GpuSkinCommon.ush" 2127
"../../../Engine/Shaders/Private/GpuSkinVertexFactory.ush" 2128
"../../../Engine/Shaders/Private/GeometryCollectionVertexFactory.ush" 2129
"../../../Engine/Shaders/Private/GeometryCacheVertexFactory.ush" 2130
"../../../Engine/Shaders/Private/LandscapeVertexFactory.ush" 2131
"../../../Engine/Plugins/Experimental/Compositing/CompositeCore/Shaders/Private/CompositeCoreMerge.usf" 2132
"../../../Engine/Shaders/Private/ScreenPass.ush" 2133
"../../../Engine/Shaders/Private/LensDistortion.ush" 2134
"../../../Engine/Plugins/Experimental/Compositing/CompositeCore/Shaders/Private/CompositeCoreDisplayTransform.usf" 2135
"../../../Engine/Plugins/Experimental/Compositing/CompositeCore/Shaders/Private/CompositeCoreDilate.usf" 2136
"../../../Engine/Plugins/Runtime/HairStrands/Shaders/Private/NiagaraCopyVelocityGrid.usf" 2137
"../../../Engine/Plugins/Runtime/HairStrands/Shaders/Private/NiagaraClearVelocityGrid.usf" 2138
"../../../Engine/Plugins/Runtime/HairStrands/Shaders/Private/NiagaraClearPressureGrid.usf" 2139
"../../../Engine/Plugins/Runtime/HairStrands/Shaders/Private/NiagaraInterpolateGroomGuides.usf" 2140
"../../../Engine/Plugins/Runtime/HairStrands/Shaders/Private/NiagaraGroomInterpolationUtils.ush" 2141
"../../../Engine/Plugins/FX/Niagara/Shaders/Private/NiagaraQuaternionUtils.ush" 2142
"../../../Engine/Shaders/Private/HairStrands/HairStrandsMesh.usf" 2143
"../../../Engine/Shaders/Private/HairStrands/HairStrandsBindingCommon.ush" 2144
"../../../Engine/Shaders/Private/HairStrands/HairStrandsFollicleMask.usf" 2145
"../../../Engine/Shaders/Private/HairStrands/HairStrandsSkinUpdate.usf" 2146
"../../../Engine/Shaders/Private/HairStrands/HairStrandsClusterCulling.usf" 2147
"../../../Engine/Shaders/Private/ColorMap.ush" 2148
"../../../Engine/Shaders/Private/HairStrands/HairStrandsAABBCommon.ush" 2149
"../../../Engine/Shaders/Private/HairStrands/HairStrandsClusterCommon.ush" 2150
"../../../Engine/Shaders/Private/ThreadGroupPrefixSum.ush" 2151
"../../../Engine/Shaders/Private/HairStrands/HairStrandsRaytracingGeometry.usf" 2152
"../../../Engine/Shaders/Private/HairStrands/HairStrandsTangent.usf" 2153
"../../../Engine/Shaders/Private/HairStrands/HairCardsDeformation.usf" 2154
"../../../Engine/Shaders/Private/HairStrands/HairStrandsInterpolation.usf" 2155
"../../../Engine/Shaders/Private/HairStrands/HairStrandsGuideDeform.usf" 2156
"../../../Engine/Shaders/Private/HairStrands/HairStrandsTexturesGeneration.usf" 2157
"../../../Engine/Shaders/Private/HairStrands/HairCardsTextureCommon.ush" 2158
"../../../Engine/Shaders/Private/HairStrands/HairStrandsTranscode.usf" 2159
"../../../Engine/Shaders/Private/HairStrands/HairStrandsDebug.usf" 2160
"../../../Engine/Shaders/Private/HairShadingCommon.ush" 2161
"../../../Engine/Shaders/Private/PostProcessCommon.ush" 2162
"../../../Engine/Shaders/Private/ShadingModels.ush" 2163
"../../../Engine/Shaders/Private/CapsuleLight.ush" 2164
"../../../Engine/Shaders/Private/RectLight.ush" 2165
"../../../Engine/Shaders/Private/LightData.ush" 2166
"../../../Engine/Shaders/Shared/LightDefinitions.h" 2167
"../../../Engine/Shaders/Private/AreaLightCommon.ush" 2168
"../../../Engine/Shaders/Private/HairBsdf.ush" 2169
"../../../Engine/Shaders/Private/MobileGGX.ush" 2170
"../../../Engine/Shaders/Private/HairStrands/HairStrandsCommon.ush" 2171
"../../../Engine/Shaders/Private/HairStrands/HairStrandsEnvironmentLightingCommon.ush" 2172
"../../../Engine/Shaders/Private/HairStrands/HairStrandsDeepTransmittanceCommon.ush" 2173
"../../../Engine/Shaders/Private/HairStrands/HairStrandsDeepTransmittanceDualScattering.ush" 2174
"../../../Engine/Shaders/Private/HairStrands/HairStrandsDeepShadowCommon.ush" 2175
"../../../Engine/Shaders/Private/HairStrands/HairStrandsDebugCommonStruct.ush" 2176
"../../../Engine/Plugins/NNE/NNEDenoiser/Shaders/NNEDenoiserShadersTransferFunctionOidn.usf" 2177
"../../../Engine/Plugins/NNE/NNEDenoiser/Shaders/NNEDenoiserShadersMappedCopy.usf" 2178
"../../../Engine/Plugins/NNE/NNEDenoiser/Shaders/NNEDenoiserShadersDefaultIOProcess.usf" 2179
"../../../Engine/Plugins/NNE/NNEDenoiser/Shaders/NNEDenoiserShadersAutoExposureReduceFinal.usf" 2180
"../../../Engine/Plugins/NNE/NNEDenoiser/Shaders/NNEDenoiserShadersAutoExposureReduce.usf" 2181
"../../../Engine/Plugins/NNE/NNEDenoiser/Shaders/NNEDenoiserShadersAutoExposureDownsample.usf" 2182
"../../../Engine/Plugins/Runtime/ComputeFramework/Shaders/Private/ComputeKernel.usf" 2183
"../../../Engine/Plugins/Runtime/ComputeFramework/Shaders/Private/ComputeKernelCommon.ush" 2184
"../../../Engine/Plugins/VirtualProduction/CameraCalibrationCore/Shaders/Private/CrosshairOverlay.usf" 2185
"../../../Engine/Plugins/VirtualProduction/CameraCalibrationCore/Shaders/Private/DisplacementMapBlending.usf" 2186
"../../../Engine/Plugins/VirtualProduction/CameraCalibrationCore/Shaders/Private/RecenterSTDisplacementMaps.usf" 2187
"../../../Engine/Plugins/VirtualProduction/CameraCalibrationCore/Shaders/Private/FillSTDisplacementMap.usf" 2188
"../../../Engine/Plugins/VirtualProduction/CameraCalibrationCore/Shaders/Private/InvertDisplacementMap.usf" 2189
"../../../Engine/Plugins/VirtualProduction/CameraCalibrationCore/Shaders/Private/CropDisplacementMap.usf" 2190
"../../../Engine/Plugins/VirtualProduction/CameraCalibrationCore/Shaders/Private/BlendDisplacementMaps.usf" 2191
"../../../Engine/Plugins/VirtualProduction/CameraCalibrationCore/Shaders/Private/DrawDisplacementMaps.usf" 2192
"../../../Engine/Plugins/VirtualProduction/CameraCalibrationCore/Shaders/Private/UndistortImagePoints.usf" 2193
"../../../Engine/Plugins/VirtualProduction/CameraCalibrationCore/Shaders/Private/DistortionSTMapProcessor.usf" 2194
"../../../Engine/Plugins/Media/WmfMedia/Shaders/Private/MediaHardwareVideoDecoding.usf" 2195
"../../../Engine/Shaders/Private/ColorUtils.ush" 2196
"../../../Engine/Plugins/Media/ImgMedia/Shaders/Private/ExrSwizzler.usf" 2197
"../../../Engine/Plugins/Experimental/NFORDenoise/Shaders/NFORDenoise.usf" 2198
"../../../Engine/Plugins/Experimental/NFORDenoise/Shaders/NFORRegressionCommon.ush" 2199
"../../../Engine/Plugins/Experimental/NFORDenoise/Shaders/NFORRegression.ush" 2200
"../../../Engine/Plugins/Enterprise/GLTFExporter/Shaders/Private/SimpleTexture2DPS.usf" 2201
"../../../Engine/Shaders/Private/SimpleElementNormalMapPixelShader.usf" 2202
"../../../Engine/Plugins/FX/Niagara/Shaders/Private/NiagaraVertexFactoryExport.usf" 2203
"../../../Engine/Shaders/Private/ComputeShaderUtils.ush" 2204
"../../../Engine/Shaders/Private/MaterialTemplate.ush" 2205
"../../../Engine/Shaders/Private/WorldSpaceMath.ush" 2206
"../../../Engine/Shaders/Private/EyeAdaptationCommon.ush" 2207
"../../../Engine/Shaders/Private/SobolRandom.ush" 2208
"../../../Engine/Shaders/Private/DepthOfFieldCommon.ush" 2209
"../../../Engine/Shaders/Private/CircleDOFCommon.ush" 2210
"../../../Engine/Shaders/Private/DistanceField/GlobalDistanceFieldShared.ush" 2211
"../../../Engine/Shaders/Private/PhysicsFieldSampler.ush" 2212
"../../../Engine/Shaders/Private/PhysicsFieldShared.ush" 2213
"../../../Engine/Shaders/Private/SparseVolumeTexture/SparseVolumeTextureCommon.ush" 2214
"../../../Engine/Shaders/Shared/EnvironmentComponentsFlags.h" 2215
"../../../Engine/Shaders/Private/MeshPaintTextureCommon.ush" 2216
"../../../Engine/Shaders/Private/VirtualTextureMaterial.ush" 2217
"../../../Engine/Shaders/Private/MaterialCache/MaterialCacheMaterialCommon.ush" 2218
"../../../Engine/Shaders/Private/MaterialCache/MaterialCacheABuffer.ush" 2219
"../../../Engine/Shaders/Private/SpeedTreeCommon.ush" 2220
"../../../Engine/Shaders/Private/VirtualTextureCommon.ush" 2221
"../../../Engine/Shaders/Private/MaterialTexture.ush" 2222
"../../../Engine/Shaders/Private/MinMaterialTexCoords.ush" 2223
"../../../Engine/Shaders/Private/SkyAtmosphereCommon.ush" 2224
"../../../Engine/Shaders/Private/SingleLayerWaterCommon.ush" 2225
"../../../Engine/Shaders/Private/TextureSampling.ush" 2226
"../../../Engine/Shaders/Private/PaniniProjection.ush" 2227
"../../../Engine/Shaders/Private/DBufferNormalReprojection.ush" 2228
"../../../Engine/Shaders/Public/SubstratePublic.ush" 2229
"../../../Engine/Shaders/Private/Substrate/SubstrateTree.ush" 2230
"../../../Engine/Shaders/Private/Substrate/SubstrateEvaluation.ush" 2231
"../../../Engine/Shaders/Private/Substrate/Glint/GlintThirdParty.ush" 2232
"../../../Engine/Shaders/Private/BlueNoise.ush" 2233
"../../../Engine/Shaders/Private/SHCommon.ush" 2234
"../../../Engine/Shaders/Private/ShadingModelsSampling.ush" 2235
"../../../Engine/Shaders/Private/HairStrands/HairBsdfSample.ush" 2236
"../../../Engine/Shaders/Private/Substrate/SubstrateLegacyConversion.ush" 2237
"../../../Engine/Shaders/Private/DBufferDecalShared.ush" 2238
"../../../Engine/Plugins/FX/Niagara/Shaders/Private/NiagaraSortKeyGen.usf" 2239
"../../../Engine/Plugins/FX/Niagara/Shaders/Private/NiagaraGPURayTracingTransforms.usf" 2240
"../../../Engine/Plugins/FX/Niagara/Shaders/Private/NiagaraDrawIndirectArgsGen.usf" 2241
"../../../Engine/Plugins/FX/Niagara/Shaders/Private/NiagaraDispatchIndirectArgsGen.usf" 2242
"../../../Engine/Plugins/FX/Niagara/Shaders/Private/Stateless/NiagaraStatelessSimulationDefault.usf" 2243
"../../../Engine/Plugins/FX/Niagara/Shaders/Private/Stateless/NiagaraStatelessSimulationTemplate.ush" 2244
"../../../Engine/Plugins/FX/Niagara/Shaders/Private/Stateless/NiagaraStatelessCommon.ush" 2245
"../../../Engine/Plugins/FX/Niagara/Shaders/Shared/NiagaraStatelessDefinitions.h" 2246
"../../../Engine/Plugins/FX/Niagara/Shaders/Shared/NiagaraStatelessBuiltDistribution.h" 2247
"../../../Engine/Plugins/FX/Niagara/Shaders/Private/Stateless/NiagaraStatelessDistribution.ush" 2248
"../../../Engine/Plugins/FX/Niagara/Shaders/Private/Stateless/Modules/NiagaraStatelessModule_CalculateAccurateVelocity.ush" 2249
"../../../Engine/Plugins/FX/Niagara/Shaders/Private/Stateless/Modules/NiagaraStatelessModule_CameraOffset.ush" 2250
"../../../Engine/Plugins/FX/Niagara/Shaders/Private/Stateless/Modules/NiagaraStatelessModule_DynamicMaterialParameters.ush" 2251
"../../../Engine/Plugins/FX/Niagara/Shaders/Private/Stateless/Modules/NiagaraStatelessModule_InitializeParticle.ush" 2252
"../../../Engine/Plugins/FX/Niagara/Shaders/Private/Stateless/Modules/NiagaraStatelessModule_InitialMeshOrientation.ush" 2253
"../../../Engine/Plugins/FX/Niagara/Shaders/Private/Stateless/Modules/NiagaraStatelessModule_MeshIndex.ush" 2254
"../../../Engine/Plugins/FX/Niagara/Shaders/Private/Stateless/Modules/NiagaraStatelessModule_MeshRotationRate.ush" 2255
"../../../Engine/Plugins/FX/Niagara/Shaders/Private/Stateless/Modules/NiagaraStatelessModule_RotateAroundPoint.ush" 2256
"../../../Engine/Plugins/FX/Niagara/Shaders/Private/Stateless/Modules/NiagaraStatelessModule_ShapeLocation.ush" 2257
"../../../Engine/Plugins/FX/Niagara/Shaders/Private/Stateless/Modules/NiagaraStatelessModule_ScaleColor.ush" 2258
"../../../Engine/Plugins/FX/Niagara/Shaders/Private/Stateless/Modules/NiagaraStatelessModule_ScaleRibbonWidth.ush" 2259
"../../../Engine/Plugins/FX/Niagara/Shaders/Private/Stateless/Modules/NiagaraStatelessModule_ScaleSpriteSize.ush" 2260
"../../../Engine/Plugins/FX/Niagara/Shaders/Private/Stateless/Modules/NiagaraStatelessModule_ScaleSpriteSizeBySpeed.ush" 2261
"../../../Engine/Plugins/FX/Niagara/Shaders/Private/Stateless/Modules/NiagaraStatelessModule_ScaleMeshSize.ush" 2262
"../../../Engine/Plugins/FX/Niagara/Shaders/Private/Stateless/Modules/NiagaraStatelessModule_ScaleMeshSizebySpeed.ush" 2263
"../../../Engine/Plugins/FX/Niagara/Shaders/Private/Stateless/Modules/NiagaraStatelessModule_SolveVelocitiesAndForces.ush" 2264
"../../../Engine/Plugins/FX/Niagara/Shaders/Private/Stateless/Modules/NiagaraStatelessModule_SpriteFacingAndAlignment.ush" 2265
"../../../Engine/Plugins/FX/Niagara/Shaders/Private/Stateless/Modules/NiagaraStatelessModule_SpriteRotationRate.ush" 2266
"../../../Engine/Plugins/FX/Niagara/Shaders/Private/Stateless/Modules/NiagaraStatelessModule_SubUVAnimation.ush" 2267
"../../../Engine/Plugins/FX/Niagara/Shaders/Private/NiagaraBlendSVTsToDenseBuffer.usf" 2268
"../../../Engine/Plugins/FX/Niagara/Shaders/Private/NiagaraSVTToDenseBuffer.usf" 2269
"../../../Engine/Plugins/FX/Niagara/Shaders/Private/NiagaraFillIntBuffer.usf" 2270
"../../../Engine/Plugins/FX/Niagara/Shaders/Private/NiagaraComputeFreeIDs.usf" 2271
"../../../Engine/Plugins/FX/Niagara/Shaders/Private/NiagaraInitFreeIDBuffer.usf" 2272
"../../../Engine/Plugins/FX/Niagara/Shaders/Private/NiagaraEmitterInstanceShader.usf" 2273
"../../../Engine/Plugins/FX/Niagara/Shaders/Private/NiagaraShaderVersion.ush" 2274
"../../../Engine/Plugins/FX/Niagara/Shaders/Private/NiagaraPhysicsCommon.ush" 2275
"../../../Engine/Plugins/FX/Niagara/Shaders/Private/Ribbons/NiagaraRibbonAggregationApply.usf" 2276
"../../../Engine/Plugins/FX/Niagara/Shaders/Private/Ribbons/NiagaraRibbonCommon.ush" 2277
"../../../Engine/Plugins/FX/Niagara/Shaders/Private/Ribbons/NiagaraRibbonAggregationStep.usf" 2278
"../../../Engine/Plugins/FX/Niagara/Shaders/Private/Ribbons/NiagaraRibbonGenerateIndices.usf" 2279
"../../../Engine/Plugins/FX/Niagara/Shaders/Private/Ribbons/NiagaraRibbonInitializeIndices.usf" 2280
"../../../Engine/Plugins/FX/Niagara/Shaders/Private/Ribbons/NiagaraRibbonRibbonUVParamCalculation.usf" 2281
"../../../Engine/Plugins/FX/Niagara/Shaders/Private/Ribbons/NiagaraRibbonVertexReductionFinalization.usf" 2282
"../../../Engine/Plugins/FX/Niagara/Shaders/Private/Ribbons/NiagaraRibbonVertexReductionInitialization.usf" 2283
"../../../Engine/Plugins/FX/Niagara/Shaders/Private/Ribbons/NiagaraRibbonSortParticles.usf" 2284
"../../../Engine/Plugins/FX/Niagara/Shaders/Private/NiagaraLWCHelper.usf" 2285
"../../../Engine/Plugins/FX/Niagara/Shaders/Private/NiagaraUpdateMeshGPUSceneInstances.usf" 2286
"../../../Engine/Shaders/Private/GPUScene/GPUSceneWriter.ush" 2287
"../../../Engine/Plugins/FX/Niagara/Shaders/Private/NiagaraGenerateMips.usf" 2288
"../../../Engine/Plugins/FX/Niagara/Shaders/Private/NiagaraDebugDraw.usf" 2289
"../../../Engine/Plugins/FX/Niagara/Shaders/Private/NiagaraDebugDraw.ush" 2290
"../../../Engine/Plugins/FX/Niagara/Shaders/Private/NiagaraVisualizeTexture.usf" 2291
"../../../Engine/Plugins/FX/Niagara/Shaders/Private/NiagaraClearCounts.usf" 2292
"../../../Engine/Plugins/FX/Niagara/Shaders/Private/NiagaraBatchedElements.usf" 2293
"../../../Engine/Plugins/FX/Niagara/Shaders/Private/NiagaraRayTracingShaders.usf" 2294
"../../../Engine/Plugins/FX/Niagara/Shaders/Private/NiagaraAsyncGpuTraceCommon.ush" 2295
"../../../Engine/Shaders/Private/HashTable.ush" 2296
"../../../Engine/Shaders/Private/Hash.ush" 2297
"../../../Engine/Shaders/Private/RayTracing/VFXTraceRay.ush" 2298
"../../../Engine/Plugins/FX/Niagara/Shaders/Private/NiagaraRayMarchingShaders.usf" 2299
"../../../Engine/Plugins/FX/Niagara/Shaders/Private/NiagaraRayTraceCollisionGroupShaders.usf" 2300
"../../../Engine/Plugins/FX/Niagara/Shaders/Private/NiagaraAsyncGpuTraceUtils.usf" 2301
"../../../Engine/Shaders/Private/VirtualTextureAdapter.usf" 2302
"../../../Engine/Shaders/Private/BlockCompressionCommon.ush" 2303
"../../../Engine/Shaders/Private/BCCompressionCommon.ush" 2304
"../../../Engine/Shaders/Private/TranslucentLightingShaders.usf" 2305
"../../../Engine/Shaders/Private/CubemapCommon.ush" 2306
"../../../Engine/Shaders/Private/VectorFieldCompositeShaders.usf" 2307
"../../../Engine/Shaders/Private/UpdateTextureShaders.usf" 2308
"../../../Engine/Shaders/Private/StereoLayerShader.usf" 2309
"../../../Engine/Shaders/Private/SparseVolumeTexture/UpdateSparseVolumeTexture.usf" 2310
"../../../Engine/Shaders/Private/MorphTargets.usf" 2311
"../../../Engine/Shaders/Private/SimpleElementColorChannelMaskPixelShader.usf" 2312
"../../../Engine/Shaders/Private/SimpleElementHitProxyPixelShader.usf" 2313
"../../../Engine/Shaders/Private/SimpleElementPixelShader.usf" 2314
"../../../Engine/Shaders/Private/IESLightProfilesCommon.ush" 2315
"../../../Engine/Shaders/Private/SimpleElementVertexShader.usf" 2316
"../../../Engine/Shaders/Private/ScreenPixelShaderOES.usf" 2317
"../../../Engine/Shaders/Private/ScreenVertexShader.usf" 2318
"../../../Engine/Shaders/Private/ScreenPixelShader.usf" 2319
"../../../Engine/Shaders/Private/SSProfilePreIntegratedMobile.usf" 2320
"../../../Engine/Shaders/Private/SpecularProfile.usf" 2321
"../../../Engine/Shaders/Private/Nanite/NaniteStreaming.usf" 2322
"../../../Engine/Shaders/Private/Nanite/NaniteStreaming.ush" 2323
"../../../Engine/Shaders/Private/Nanite/NaniteTranscode.usf" 2324
"../../../Engine/Shaders/Private/VolumetricLightmapStreaming.usf" 2325
"../../../Engine/Shaders/Private/PhysicsFieldReset.usf" 2326
"../../../Engine/Shaders/Private/PhysicsFieldBuilder.usf" 2327
"../../../Engine/Shaders/Private/PhysicsFieldEval.ush" 2328
"../../../Engine/Shaders/Private/ParticleSortKeyGen.usf" 2329
"../../../Engine/Shaders/Private/ParticleBoundsShader.usf" 2330
"../../../Engine/Shaders/Private/ParticleSimVisualizeShader.usf" 2331
"../../../Engine/Shaders/Private/ParticleInjectionShader.usf" 2332
"../../../Engine/Shaders/Private/ParticleSimulationShader.usf" 2333
"../../../Engine/Shaders/Private/ParticleCurveInjectionShader.usf" 2334
"../../../Engine/Shaders/Private/CopyUIntBuffer.usf" 2335
"../../../Engine/Shaders/Private/RadixSortShaders.usf" 2336
"../../../Engine/Shaders/Private/RecomputeTangentsPerVertexPass.usf" 2337
"../../../Engine/Shaders/Private/RecomputeTangentsCommon.ush" 2338
"../../../Engine/Shaders/Private/RecomputeTangentsPerTrianglePass.usf" 2339
"../../../Engine/Shaders/Private/GpuSkinCacheComputeShader.usf" 2340
"../../../Engine/Shaders/Private/HeightFieldAtlasManagement.usf" 2341
"../../../Engine/Shaders/Private/Landscape/LandscapeEditLayersUtils.usf" 2342
"../../../Engine/Shaders/Private/Landscape/LandscapeCommon.ush" 2343
"../../../Engine/Shaders/Private/Landscape/LandscapeEditLayersWeightmaps.usf" 2344
"../../../Engine/Shaders/Private/Landscape/LandscapeEditLayersHeightmaps.usf" 2345
"../../../Engine/Shaders/Private/Landscape/LandscapeLayersWeightmapsPS.usf" 2346
"../../../Engine/Shaders/Private/Landscape/LandscapeLayersHeightmapsPS.usf" 2347
"../../../Engine/Shaders/Private/LandscapeLayersCS.usf" 2348
"../../../Engine/Shaders/Private/LandscapeLayersPS.usf" 2349
"../../../Engine/Shaders/Private/LandscapeLayersVS.usf" 2350
"../../../Engine/Shaders/Private/LandscapePhysicalMaterial.usf" 2351
"../../../Engine/Shaders/Private/LandscapeGrassWeight.usf" 2352
"../../../Engine/Shaders/Private/Landscape/LandscapeCulling.usf" 2353
"../../../Engine/Shaders/Private/Nanite/NaniteHZBCull.ush" 2354
"../../../Engine/Shaders/Private/HZB.ush" 2355
"../../../Engine/Shaders/Private/Landscape/LandscapeMergeTexturesPS.usf" 2356
"../../../Engine/Shaders/Private/WideCustomResolveShaders.usf" 2357
"../../../Engine/Shaders/Private/WideCustomResolve_Wide.ush" 2358
"../../../Engine/Shaders/Private/WideCustomResolve_Wider.ush" 2359
"../../../Engine/Shaders/Private/WideCustomResolve_Widest.ush" 2360
"../../../Engine/Shaders/Private/WaterInfoTextureBlur.usf" 2361
"../../../Engine/Shaders/Private/WaterInfoTextureMerge.usf" 2362
"../../../Engine/Shaders/Private/PageTableUpdate.usf" 2363
"../../../Engine/Shaders/Private/VirtualTextureCompress.usf" 2364
"../../../Engine/Shaders/Private/ASTCCompressionCommon.ush" 2365
"../../../Engine/Shaders/Private/IntegerSequenceEncoding.ush" 2366
"../../../Engine/Shaders/Private/ETCCompressionCommon.ush" 2367
"../../../Engine/Shaders/Private/VirtualTextureMaterial.usf" 2368
"../../../Engine/Shaders/Private/PixelShaderOutputCommon.ush" 2369
"../../../Engine/Shaders/Private/ShaderOutputCommon.ush" 2370
"../../../Engine/Shaders/Private/VolumetricRenderTarget.usf" 2371
"../../../Engine/Shaders/Private/HeightFogCommon.ush" 2372
"../../../Engine/Shaders/Private/LocalFogVolumes/LocalFogVolumeCommon.ush" 2373
"../../../Engine/Shaders/Private/ReflectionEnvironmentShared.ush" 2374
"../../../Engine/Shaders/Private/VolumetricFogVoxelization.usf" 2375
"../../../Engine/Shaders/Private/VolumetricCloudMaterialPixelCommon.ush" 2376
"../../../Engine/Shaders/Private/VolumetricFogLightFunction.usf" 2377
"../../../Engine/Shaders/Private/LightFunctionCommon.ush" 2378
"../../../Engine/Shaders/Private/VolumetricFog.usf" 2379
"../../../Engine/Shaders/Private/DeferredLightingCommon.ush" 2380
"../../../Engine/Shaders/Private/DynamicLightingCommon.ush" 2381
"../../../Engine/Shaders/Private/CapsuleLightIntegrate.ush" 2382
"../../../Engine/Shaders/Private/CapsuleLightSampling.ush" 2383
"../../../Engine/Shaders/Private/RectLightIntegrate.ush" 2384
"../../../Engine/Shaders/Private/ScreenSpaceShadowRayCast.ush" 2385
"../../../Engine/Shaders/Private/LightFunctionAtlas/LightFunctionAtlasCommon.usf" 2386
"../../../Engine/Shaders/Private/HeterogeneousVolumes/HeterogeneousVolumesAdaptiveVolumetricShadowMapSampling.ush" 2387
"../../../Engine/Shaders/Private/HeterogeneousVolumes/HeterogeneousVolumesAdaptiveVolumetricShadowMapUtils.ush" 2388
"../../../Engine/Shaders/Private/HeterogeneousVolumes/HeterogeneousVolumesRayMarchingUtils.ush" 2389
"../../../Engine/Shaders/Private/HeterogeneousVolumes/HeterogeneousVolumesRayMarchingTypes.ush" 2390
"../../../Engine/Shaders/Private/PathTracing/Utilities/PathTracingRandomSequence.ush" 2391
"../../../Engine/Shaders/Private/HeterogeneousVolumes/HeterogeneousVolumesTracingUtils.ush" 2392
"../../../Engine/Shaders/Private/VelocityCommon.ush" 2393
"../../../Engine/Shaders/Private/HeterogeneousVolumes/HeterogeneousVolumesTransmittanceVolumeUtils.ush" 2394
"../../../Engine/Shaders/Private/ForwardShadowingCommon.ush" 2395
"../../../Engine/Shaders/Private/ShadowFilteringCommon.ush" 2396
"../../../Engine/Shaders/Private/PixelQuadMessagePassing.ush" 2397
"../../../Engine/Shaders/Private/VolumeLightingCommon.ush" 2398
"../../../Engine/Shaders/Private/ShadowProjectionCommon.ush" 2399
"../../../Engine/Shaders/Private/VolumeLightingCommonSampling.ush" 2400
"../../../Engine/Shaders/Private/Lumen/LumenTranslucencyVolumeShared.ush" 2401
"../../../Engine/Shaders/Private/Lumen/LumenRadianceCacheInterpolation.ush" 2402
"../../../Engine/Shaders/Private/HeterogeneousVolumes/HeterogeneousVolumesAdaptiveVolumetricShadowMapSampler.ush" 2403
"../../../Engine/Shaders/Private/LightGridCommon.ush" 2404
"../../../Engine/Shaders/Private/DistanceFieldAOShared.ush" 2405
"../../../Engine/Shaders/Private/IntersectionUtils.ush" 2406
"../../../Engine/Shaders/Private/VolumetricLightmapShared.ush" 2407
"../../../Engine/Shaders/Private/LightDataUniforms.ush" 2408
"../../../Engine/Shaders/Private/VirtualShadowMaps/VirtualShadowMapProjectionCommon.ush" 2409
"../../../Engine/Shaders/Private/VirtualShadowMaps/VirtualShadowMapPageAccessCommon.ush" 2410
"../../../Engine/Shaders/Shared/VirtualShadowMapDefinitions.h" 2411
"../../../Engine/Shaders/Shared/HLSLMathAliases.h" 2412
"../../../Engine/Shaders/Private/VirtualShadowMaps/VirtualShadowMapProjectionStructs.ush" 2413
"../../../Engine/Shaders/Private/VolumetricCloudCommon.ush" 2414
"../../../Engine/Shaders/Private/VolumetricCloud.usf" 2415
"../../../Engine/Shaders/Private/VisualizeVolumetricLightmap.usf" 2416
"../../../Engine/Shaders/Private/VirtualShadowMaps/VirtualShadowMapProjectionComposite.usf" 2417
"../../../Engine/Shaders/Private/LightShaderParameters.ush" 2418
"../../../Engine/Shaders/Private/VirtualShadowMaps/VirtualShadowMapMaskBitsCommon.ush" 2419
"../../../Engine/Shaders/Private/VirtualShadowMaps/VirtualShadowMapLightGrid.ush" 2420
"../../../Engine/Shaders/Private/VirtualShadowMaps/VirtualShadowMapProjection.usf" 2421
"../../../Engine/Shaders/Private/Visualization.ush" 2422
"../../../Engine/Shaders/Private/VirtualShadowMaps/VirtualShadowMapProjectionFilter.ush" 2423
"../../../Engine/Shaders/Private/VirtualShadowMaps/VirtualShadowMapProjectionDirectional.ush" 2424
"../../../Engine/Shaders/Private/VirtualShadowMaps/VirtualShadowMapSMRTCommon.ush" 2425
"../../../Engine/Shaders/Private/VirtualShadowMaps/VirtualShadowMapSMRTTemplate.ush" 2426
"../../../Engine/Shaders/Private/VirtualShadowMaps/VirtualShadowMapProjectionSpot.ush" 2427
"../../../Engine/Shaders/Private/VirtualShadowMaps/VirtualShadowMapTransmissionCommon.ush" 2428
"../../../Engine/Shaders/Private/VirtualShadowMaps/VirtualShadowMapScreenRayTrace.ush" 2429
"../../../Engine/Shaders/Private/VirtualShadowMaps/VirtualShadowMapStats.ush" 2430
"../../../Engine/Shaders/Private/HairStrands/HairStrandsVoxelPageCommon.ush" 2431
"../../../Engine/Shaders/Private/HairStrands/HairStrandsVoxelPageTraversal.ush" 2432
"../../../Engine/Shaders/Private/VirtualShadowMaps/VirtualShadowMapCacheGPUInvalidation.usf" 2433
"../../../Engine/Shaders/Private/VirtualShadowMaps/VirtualShadowMapPageCacheCommon.ush" 2434
"../../../Engine/Shaders/Private/VirtualShadowMaps/VirtualShadowMapCacheInvalidation.ush" 2435
"../../../Engine/Shaders/Private/VirtualShadowMaps/VirtualShadowMapPageOverlap.ush" 2436
"../../../Engine/Shaders/Private/ScreenSpaceDenoise/SSDDefinitions.ush" 2437
"../../../Engine/Shaders/Private/InstanceCulling/InstanceCullingLoadBalancer.ush" 2438
"../../../Engine/Shaders/Private/VirtualShadowMaps/VirtualShadowMapCacheLoadBalancer.usf" 2439
"../../../Engine/Shaders/Private/VirtualShadowMaps/VirtualShadowMapCopyStats.usf" 2440
"../../../Engine/Shaders/Private/VirtualShadowMaps/VirtualShadowMapDebug.usf" 2441
"../../../Engine/Shaders/Private/VirtualShadowMaps/Desaturate.usf" 2442
"../../../Engine/Shaders/Private/VirtualShadowMaps/VirtualShadowMapPhysicalPageManagement.usf" 2443
"../../../Engine/Shaders/Private/ReductionCommon.ush" 2444
"../../../Engine/Shaders/Private/GPUMessaging.ush" 2445
"../../../Engine/Shaders/Private/VirtualShadowMaps/VirtualShadowMapPerPageDispatch.ush" 2446
"../../../Engine/Shaders/Private/VirtualShadowMaps/VirtualShadowMapCompactViews.usf" 2447
"../../../Engine/Shaders/Shared/SceneCullingDefinitions.h" 2448
"../../../Engine/Shaders/Private/VirtualShadowMaps/VirtualShadowMapBuildPerPageDrawCommands.usf" 2449
"../../../Engine/Shaders/Private/Nanite/NaniteCullingCommon.ush" 2450
"../../../Engine/Shaders/Private/Nanite/NaniteCulling.ush" 2451
"../../../Engine/Shaders/Private/Nanite/NaniteHierarchyTraversalCommon.ush" 2452
"../../../Engine/Shaders/Private/InstanceCulling/InstanceCullingCommon.ush" 2453
"../../../Engine/Shaders/Shared/InstanceCullingDefinitions.h" 2454
"../../../Engine/Shaders/Private/VirtualShadowMaps/VirtualShadowMapPrintStats.usf" 2455
"../../../Engine/Shaders/Private/VirtualShadowMaps/VirtualShadowMapPageManagement.usf" 2456
"../../../Engine/Shaders/Private/VirtualShadowMaps/VirtualShadowMapPageMarking.usf" 2457
"../../../Engine/Shaders/Shared/SingleLayerWaterDefinitions.h" 2458
"../../../Engine/Shaders/Private/HairStrands/HairStrandsTileCommon.ush" 2459
"../../../Engine/Shaders/Private/Froxel/Froxel.ush" 2460
"../../../Engine/Shaders/Shared/FroxelDefinitions.h" 2461
"../../../Engine/Shaders/Private/DiaphragmDOF/DOFCommon.ush" 2462
"../../../Engine/Shaders/Private/VariableRateShading/VRSShadingRatePreview.usf" 2463
"../../../Engine/Shaders/Private/VariableRateShading/VRSShadingRateCommon.ush" 2464
"../../../Engine/Shaders/Private/VariableRateShading/VRSShadingRateCombine.usf" 2465
"../../../Engine/Shaders/Private/VariableRateShading/VRSShadingRateFoveated.usf" 2466
"../../../Engine/Shaders/Private/VariableRateShading/VRSShadingRateReproject.usf" 2467
"../../../Engine/Shaders/Private/VariableRateShading/VRSShadingRateCalculate.usf" 2468
"../../../Engine/Shaders/Private/TranslucencyUpsampling.usf" 2469
"../../../Engine/Shaders/Private/ComposeSeparateTranslucency.usf" 2470
"../../../Engine/Shaders/Private/SeparateTranslucency.ush" 2471
"../../../Engine/Shaders/Private/TranslucentLightInjectionShaders.usf" 2472
"../../../Engine/Shaders/Private/TranslucentShadowDepthShaders.usf" 2473
"../../../Engine/Shaders/Private/ShadowDepthCommon.ush" 2474
"../../../Engine/Shaders/Private/RayTracing/RayTracingTest.usf" 2475
"../../../Engine/Shaders/Private/PostprocessSubsurfaceTile.usf" 2476
"../../../Engine/Shaders/Private/PostProcessSubsurfaceCommon.ush" 2477
"../../../Engine/Shaders/Private/Substrate/SubstrateVisualize.usf" 2478
"../../../Engine/Shaders/Private/Substrate/SubstrateTile.ush" 2479
"../../../Engine/Shaders/Shared/SubstrateVisualizeDefinitions.h" 2480
"../../../Engine/Shaders/Private/Substrate/SubstrateVisualizeCommon.ush" 2481
"../../../Engine/Shaders/Private/SkyLightingDiffuseShared.ush" 2482
"../../../Engine/Shaders/Private/SkyLightingShared.ush" 2483
"../../../Engine/Shaders/Private/ClearCoatCommon.ush" 2484
"../../../Engine/Shaders/Private/ReflectionEnvironmentComposite.ush" 2485
"../../../Engine/Shaders/Private/Substrate/SubstrateLightingCommon.ush" 2486
"../../../Engine/Shaders/Private/Substrate/SubstrateRoughRefraction.usf" 2487
"../../../Engine/Shaders/Private/PathTracing/Material/PathTracingFresnel.ush" 2488
"../../../Engine/Shaders/Private/PathTracing/Material/PathTracingGlossy.ush" 2489
"../../../Engine/Shaders/Private/Substrate/SubstrateMaterialSampling.usf" 2490
"../../../Engine/Shaders/Private/Substrate/SubstrateMaterialSampling.ush" 2491
"../../../Engine/Shaders/Private/Lumen/LumenPosition.ush" 2492
"../../../Engine/Shaders/Private/Substrate/SubstrateTile.usf" 2493
"../../../Engine/Shaders/Private/Substrate/SubstrateMaterialClassification.usf" 2494
"../../../Engine/Shaders/Private/Substrate/SubstrateDBuffer.usf" 2495
"../../../Engine/Shaders/Private/StochasticLighting/StochasticLightingDenoising.usf" 2496
"../../../Engine/Shaders/Private/Lumen/LumenMaterial.ush" 2497
"../../../Engine/Shaders/Private/StochasticLighting/StochasticLightingCommon.ush" 2498
"../../../Engine/Shaders/Private/SplineMeshSceneTexture.usf" 2499
"../../../Engine/Shaders/Private/SparseVolumeTexture/VisualizeSparseVolumeTexture.usf" 2500
"../../../Engine/Shaders/Private/SkyAtmosphere.usf" 2501
"../../../Engine/Shaders/Private/Skinning/SkinnedMeshDebug.usf" 2502
"../../../Engine/Shaders/Private/Skinning/AnimBankEval.usf" 2503
"../../../Engine/Shaders/Private/SingleLayerWaterComposite.usf" 2504
"../../../Engine/Shaders/Private/Froxel/FroxelBuild.ush" 2505
"../../../Engine/Shaders/Private/SingleLayerWaterRefractionCulling.usf" 2506
"../../../Engine/Shaders/Private/ScreenSpaceShadows.usf" 2507
"../../../Engine/Shaders/Private/bend_sss_gpu.ush" 2508
"../../../Engine/Shaders/Private/ShadowFactorsUpsampleCommon.ush" 2509
"../../../Engine/Shaders/Private/FirstPersonSelfShadow.usf" 2510
"../../../Engine/Shaders/Private/HZBTracing.ush" 2511
"../../../Engine/Shaders/Private/ShadowProjectionVertexShader.usf" 2512
"../../../Engine/Shaders/Private/ShadowProjectionPixelShader.usf" 2513
"../../../Engine/Shaders/Private/MobileLightingCommon.ush" 2514
"../../../Engine/Shaders/Private/PlanarReflectionShared.ush" 2515
"../../../Engine/Shaders/Private/MobileSSR.ush" 2516
"../../../Engine/Shaders/Private/SSRT/SSRTRayCast.ush" 2517
"../../../Engine/Shaders/Private/ShadowPercentageCloserFiltering.ush" 2518
"../../../Engine/Shaders/Private/TransmissionThickness.ush" 2519
"../../../Engine/Shaders/Private/CopyShadowMaps.usf" 2520
"../../../Engine/Shaders/Private/ShadowDepthPixelShader.usf" 2521
"../../../Engine/Shaders/Private/ShadowDepthVertexShader.usf" 2522
"../../../Engine/Shaders/Private/ShadingEnergyConservationTable.usf" 2523
"../../../Engine/Shaders/Shared/PathTracingDefinitions.h" 2524
"../../../Engine/Shaders/Private/ShadingFurnaceTest.usf" 2525
"../../../Engine/Shaders/Private/Substrate/SubstrateDeferredLighting.ush" 2526
"../../../Engine/Shaders/Private/ShaderPrintDraw.usf" 2527
"../../../Engine/Shaders/Private/ShaderPrintDrawPrimitive.usf" 2528
"../../../Engine/Shaders/Private/DefaultSSRTiles.usf" 2529
"../../../Engine/Shaders/Private/ScreenSpaceReflectionTileCommons.ush" 2530
"../../../Engine/Shaders/Private/SSRT/SSRTDiffuseIndirect.usf" 2531
"../../../Engine/Shaders/Private/SSRT/SSRTTileClassificationBuffer.ush" 2532
"../../../Engine/Shaders/Private/SSRT/SSRTReflections.usf" 2533
"../../../Engine/Shaders/Private/ScreenSpaceDenoise/SSDPublic.ush" 2534
"../../../Engine/Shaders/Private/SSRT/SSRTTileClassification.usf" 2535
"../../../Engine/Shaders/Private/SSRT/SSRTPrevFrameReduction.usf" 2536
"../../../Engine/Shaders/Private/ScreenSpaceDenoise/SSDComposeHarmonics.usf" 2537
"../../../Engine/Shaders/Private/ScreenSpaceDenoise/SSDPublicHarmonics.ush" 2538
"../../../Engine/Shaders/Private/ScreenSpaceDenoise/SSDSignalFramework.ush" 2539
"../../../Engine/Shaders/Private/ScreenSpaceDenoise/SSDCommon.ush" 2540
"../../../Engine/Shaders/Private/SphericalGaussian.ush" 2541
"../../../Engine/Shaders/Public/WaveBroadcastIntrinsics.ush" 2542
"../../../Engine/Shaders/Private/ScreenSpaceDenoise/SSDMetadata.ush" 2543
"../../../Engine/Shaders/Private/ScreenSpaceDenoise/SSDSignalCore.ush" 2544
"../../../Engine/Shaders/Private/ScreenSpaceDenoise/DenoisingCommon.ush" 2545
"../../../Engine/Shaders/Private/ScreenSpaceDenoise/SSDSignalArray.ush" 2546
"../../../Engine/Shaders/Private/ScreenSpaceDenoise/SSDSignalBufferEncoding.ush" 2547
"../../../Engine/Shaders/Private/ScreenSpaceDenoise/SSDPublicBufferEncoding.ush" 2548
"../../../Engine/Shaders/Private/Lumen/LumenBufferEncoding.ush" 2549
"../../../Engine/Shaders/Private/ScreenSpaceDenoise/SSDTemporalAccumulation.usf" 2550
"../../../Engine/Shaders/Private/ScreenSpaceDenoise/SSDSpatialKernel.ush" 2551
"../../../Engine/Shaders/Private/ScreenSpaceDenoise/SSDSignalAccumulatorArray.ush" 2552
"../../../Engine/Shaders/Private/ScreenSpaceDenoise/SSDSignalAccumulator.ush" 2553
"../../../Engine/Shaders/Private/ScreenSpaceDenoise/SSDSignalCompression.ush" 2554
"../../../Engine/Shaders/Private/ScreenSpaceDenoise/SSDSpatialAccumulation.usf" 2555
"../../../Engine/Shaders/Private/ScreenSpaceDenoise/SSDInjest.usf" 2556
"../../../Engine/Shaders/Private/ScreenSpaceDenoise/SSDCompressMetadata.usf" 2557
"../../../Engine/Shaders/Private/DownsampleDepthPixelShader.usf" 2558
"../../../Engine/Shaders/Private/ScreenPass.usf" 2559
"../../../Engine/Shaders/Private/HZB.usf" 2560
"../../../Engine/Shaders/Private/OcclusionFeedbackShaders.usf" 2561
"../../../Engine/Shaders/Private/HZBOcclusion.usf" 2562
"../../../Engine/Shaders/Private/OcclusionQueryPixelShader.usf" 2563
"../../../Engine/Shaders/Private/OcclusionQueryVertexShader.usf" 2564
"../../../Engine/Shaders/Private/HitProxyCopy.usf" 2565
"../../../Engine/Shaders/Private/HitProxyPixelShader.usf" 2566
"../../../Engine/Shaders/Private/HitProxyVertexShader.usf" 2567
"../../../Engine/Shaders/Private/SceneCulling/SceneCullingDebugRender.usf" 2568
"../../../Engine/Shaders/Private/SceneCulling/SceneCulling.ush" 2569
"../../../Engine/Shaders/Private/SceneCulling/SceneCullingBuildExplicitBounds.usf" 2570
"../../../Engine/Shaders/Private/SceneCapturePixelShader.usf" 2571
"../../../Engine/Shaders/Private/RendererUtils.usf" 2572
"../../../Engine/Shaders/Private/RTWriteMaskDecode.usf" 2573
"../../../Engine/Shaders/Private/ReflectionEnvironmentShaders.usf" 2574
"../../../Engine/Shaders/Private/RectLightAtlas.usf" 2575
"../../../Engine/Shaders/Private/RayTracing/TraceRayInlineStatistics.usf" 2576
"../../../Engine/Shaders/Private/RayTracing/CompositeSkyLightPS.usf" 2577
"../../../Engine/Shaders/Private/RayTracing/GenerateSkyLightVisibilityRaysCS.usf" 2578
"../../../Engine/Shaders/Private/RayTracing/RayTracingSkyLightCommon.ush" 2579
"../../../Engine/Shaders/Private/RayTracing/SkyLightVisibilityRaysData.ush" 2580
"../../../Engine/Shaders/Private/Raytracing/RaytracingSkylightRGS.usf" 2581
"../../../Engine/Shaders/Private/HairStrands/HairStrandsRaytracing.ush" 2582
"../../../Engine/Shaders/Private/Raytracing/RayTracingSkyLightEvaluation.ush" 2583
"../../../Engine/Shaders/Private/Raytracing/RayTracingDeferredShadingCommon.ush" 2584
"../../../Engine/Shaders/Private/RayTracing/RayTracingOcclusionRGS.usf" 2585
"../../../Engine/Shaders/Private/RayTracing/RayTracingDirectionalLight.ush" 2586
"../../../Engine/Shaders/Private/RayTracing/RayTracingRectLight.ush" 2587
"../../../Engine/Shaders/Private/RayTracing/RayTracingSphereLight.ush" 2588
"../../../Engine/Shaders/Private/RayTracing/RayTracingCapsuleLight.ush" 2589
"../../../Engine/Shaders/Private/Raytracing/RayTracingFeedback.usf" 2590
"../../../Engine/Shaders/Shared/RayTracingDebugTypes.h" 2591
"../../../Engine/Shaders/Private/RayTracing/RayTracingPrimaryRays.usf" 2592
"../../../Engine/Shaders/Private/RayTracing/RayTracingLightingCommon.ush" 2593
"../../../Engine/Shaders/Private/RayTracing/RayTracingLightCullingCommon.ush" 2594
"../../../Engine/Shaders/Private/RayTracing/RayTracingMaterialDefaultHitShaders.usf" 2595
"../../../Engine/Shaders/Private/RayTracing/RayTracingMaterialHitShaders.usf" 2596
"../../../Engine/Shaders/Private/RayTracing/RayTracingShaderUtils.ush" 2597
"../../../Engine/Shaders/Private/RayTracing/RayTracingCalcInterpolants.ush" 2598
"../../../Engine/Shaders/Private/LightmapCommon.ush" 2599
"../../../Engine/Shaders/Private/Lumen/LumenHardwareRayTracingPayloadCommon.ush" 2600
"../../../Engine/Shaders/Shared/LumenDefinitions.h" 2601
"../../../Engine/Shaders/Private/Substrate/SubstrateExport.ush" 2602
"../../../Engine/Shaders/Private/RayTracing/RayTracingLightingMS.usf" 2603
"../../../Engine/Shaders/Private/Lumen/LumenDiffuseColorBoost.ush" 2604
"../../../Engine/Shaders/Private/RayTracing/RayTracingLightFunctionCommon.ush" 2605
"../../../Engine/Shaders/Private/RayTracing/RayTracingBuildLightGrid.usf" 2606
"../../../Engine/Shaders/Private/Raytracing/RayTracingInstanceBufferUtil.usf" 2607
"../../../Engine/Shaders/Private/RayTracing/RayTracingDynamicMesh.usf" 2608
"../../../Engine/Shaders/Private/RayTracing/RayTracingDefaultDecalHitShader.usf" 2609
"../../../Engine/Shaders/Private/RayTracing/RayTracingDecalMaterialShader.usf" 2610
"../../../Engine/Shaders/Private/PathTracing/PathTracingShaderUtils.ush" 2611
"../../../Engine/Shaders/Private/PathTracing/PathTracingCommon.ush" 2612
"../../../Engine/Shaders/Private/PathTracing/Material/PathTracingMaterialCommon.ush" 2613
"../../../Engine/Shaders/Private/PathTracing/Utilities/PathTracingRIS.ush" 2614
"../../../Engine/Shaders/Private/RayTracing/RayTracingBuildDecalGrid.usf" 2615
"../../../Engine/Shaders/Private/RayTracing/RayTracingDebugHitStatsUtils.usf" 2616
"../../../Engine/Shaders/Private/RayTracing/RayTracingDebugInstanceOverlap.usf" 2617
"../../../Engine/Shaders/Private/RayTracing/RayTracingDebugPicking.usf" 2618
"../../../Engine/Shaders/Private/RayTracing/RayTracingDebugUtils.ush" 2619
"../../../Engine/Shaders/Private/RayTracing/RayTracingDebugTraversal.usf" 2620
"../../../Engine/Shaders/Private/RayTracing/RayTracingDeferredMaterials.ush" 2621
"../../../Engine/Shaders/Shared/ThirdParty/AMD/ags_shader_intrinsics_dx12.h" 2622
"../../../Engine/Shaders/Shared/RayTracingDebugDefinitions.h" 2623
"../../../Engine/Shaders/Private/RayTracing/RayTracingDebugHitStatsCHS.usf" 2624
"../../../Engine/Shaders/Private/RayTracing/RayTracingDebugHitStats.usf" 2625
"../../../Engine/Shaders/Private/RayTracing/RayTracingDebugMS.usf" 2626
"../../../Engine/Shaders/Private/RayTracing/RayTracingDebugCHS.usf" 2627
"../../../Engine/Shaders/Private/RayTracing/RayTracingDebug.usf" 2628
"../../../Engine/Shaders/Private/RayTracing/RayTracingBuiltInShaders.usf" 2629
"../../../Engine/Shaders/Private/RayTracing/RayTracingBarycentrics.usf" 2630
"../../../Engine/Shaders/Private/RayTracing/RayTracingAmbientOcclusionRGS.usf" 2631
"../../../Engine/Shaders/Private/VisualizeShadingModels.usf" 2632
"../../../Engine/Shaders/Private/MotionBlur/VisualizeMotionVectors.usf" 2633
"../../../Engine/Shaders/Private/TemporalSuperResolution/TSRVisualize.usf" 2634
"../../../Engine/Shaders/Private/TemporalSuperResolution/TSRColorSpace.ush" 2635
"../../../Engine/Shaders/Private/TemporalSuperResolution/TSRCommon.ush" 2636
"../../../Engine/Shaders/Public/DualPixelVectorization.ush" 2637
"../../../Engine/Shaders/Private/TemporalSuperResolution/TSRReprojectionField.ush" 2638
"../../../Engine/Shaders/Private/TemporalSuperResolution/TSRResolveHistory.usf" 2639
"../../../Engine/Shaders/Private/TemporalSuperResolution/TSRConvolutionNetwork.ush" 2640
"../../../Engine/Shaders/Private/TemporalSuperResolution/TSRKernels.ush" 2641
"../../../Engine/Shaders/Public/LaneVectorization.ush" 2642
"../../../Engine/Shaders/Private/TemporalSuperResolution/TSRUpdateHistory.usf" 2643
"../../../Engine/Shaders/Private/TemporalSuperResolution/TSRSpatialAntiAliasing.ush" 2644
"../../../Engine/Shaders/Private/TemporalSuperResolution/TSRSpatialAntiAliasing.usf" 2645
"../../../Engine/Shaders/Private/TemporalSuperResolution/TSRRejectShading.usf" 2646
"../../../Engine/Shaders/Private/TemporalSuperResolution/TSRShadingAnalysis.ush" 2647
"../../../Engine/Shaders/Private/TemporalSuperResolution/TSRConvolutionNetworkPass.ush" 2648
"../../../Engine/Shaders/Private/TemporalSuperResolution/TSRDecimateHistory.usf" 2649
"../../../Engine/Shaders/Private/TemporalSuperResolution/TSRDepthVelocityAnalysis.ush" 2650
"../../../Engine/Shaders/Private/TemporalSuperResolution/TSRClosestOccluder.ush" 2651
"../../../Engine/Shaders/Private/TemporalSuperResolution/TSRWeightRelaxation.usf" 2652
"../../../Engine/Shaders/Private/TemporalSuperResolution/TSRThinGeometryCommon.ush" 2653
"../../../Engine/Shaders/Private/TemporalSuperResolution/TSRDetectThinGeometry.usf" 2654
"../../../Engine/Shaders/Private/TemporalSuperResolution/TSRDilateVelocity.usf" 2655
"../../../Engine/Shaders/Private/MotionBlur/MotionBlurVelocityFlatten.ush" 2656
"../../../Engine/Shaders/Private/MotionBlur/MotionBlurCommon.ush" 2657
"../../../Engine/Shaders/Private/TemporalSuperResolution/TSRClearPrevTextures.usf" 2658
"../../../Engine/Shaders/Private/TemporalSuperResolution/TSRMeasureCoverage.usf" 2659
"../../../Engine/Shaders/Private/TemporalSuperResolution/TSRMeasureFlickeringLuma.usf" 2660
"../../../Engine/Shaders/Private/TemporalAA.usf" 2661
"../../../Engine/Shaders/Private/FilterPixelShader.usf" 2662
"../../../Engine/Shaders/Private/FilterVertexShader.usf" 2663
"../../../Engine/Shaders/Private/VisualizeVirtualTexture.usf" 2664
"../../../Engine/Shaders/Private/PostProcessVisualizeBuffer.usf" 2665
"../../../Engine/Shaders/Private/PostProcessVisualizeLocalExposure.usf" 2666
"../../../Engine/Shaders/Private/PostProcessHistogramCommon.ush" 2667
"../../../Engine/Shaders/Private/TonemapCommon.ush" 2668
"../../../Engine/Shaders/Private/ACES/ACESCommon.ush" 2669
"../../../Engine/Shaders/Private/ACES/ACESOutputTransform.ush" 2670
"../../../Engine/Shaders/Private/ACES/ACESUtilities.ush" 2671
"../../../Engine/Shaders/Private/ACES/ACESTonescale.ush" 2672
"../../../Engine/Shaders/Private/ACES/ACESDisplayEncoding.ush" 2673
"../../../Engine/Shaders/Private/ACES/ACES_v1.3.ush" 2674
"../../../Engine/Shaders/Private/PostProcessVisualizeLevelInstance.usf" 2675
"../../../Engine/Shaders/Private/PostProcessVisualizeHDR.usf" 2676
"../../../Engine/Shaders/Private/ShaderComplexityApplyPixelShader.usf" 2677
"../../../Engine/Shaders/Private/QuadOverdraw.ush" 2678
"../../../Engine/Shaders/Private/PostProcessUpscale.usf" 2679
"../../../Engine/Shaders/Private/PostProcessTonemap.usf" 2680
"../../../Engine/Shaders/Private/PostProcessing/FilmGrainPackConstants.usf" 2681
"../../../Engine/Shaders/Private/PostProcessing/FilmGrainReduce.usf" 2682
"../../../Engine/Shaders/Private/PostProcessTestImage.usf" 2683
"../../../Engine/Shaders/Private/PostProcessSubsurface.usf" 2684
"../../../Engine/Shaders/Private/SeparableSSS.ush" 2685
"../../../Engine/Shaders/Private/SubsurfaceBurleyNormalized.ush" 2686
"../../../Engine/Shaders/Private/PostProcessSelectionOutline.usf" 2687
"../../../Engine/Shaders/Private/MotionBlur/MotionBlurVisualize.usf" 2688
"../../../Engine/Shaders/Private/MotionBlur/MotionBlurApply.usf" 2689
"../../../Engine/Shaders/Private/MotionBlur/MotionBlurFilterTileClassify.usf" 2690
"../../../Engine/Shaders/Private/MotionBlur/MotionBlurTileScatter.usf" 2691
"../../../Engine/Shaders/Private/MotionBlur/MotionBlurTileGather.usf" 2692
"../../../Engine/Shaders/Private/MotionBlur/MotionBlurVelocityFlatten.usf" 2693
"../../../Engine/Shaders/Private/PostProcessMobile.usf" 2694
"../../../Engine/Shaders/Private/PostProcessMitchellNetravali.usf" 2695
"../../../Engine/Shaders/Private/PostProcessMaterialShaders.usf" 2696
"../../../Engine/Shaders/Private/NeuralPostProcessCommon.usf" 2697
"../../../Engine/Shaders/Private/PostProcessLocalExposure.usf" 2698
"../../../Engine/Shaders/Private/PostProcessLensFlares.usf" 2699
"../../../Engine/Shaders/Private/PostProcessGBufferHints.usf" 2700
"../../../Engine/Shaders/Private/PostProcessHMD.usf" 2701
"../../../Engine/Shaders/Private/Histogram.usf" 2702
"../../../Engine/Shaders/Private/PostProcessHistogramReduce.usf" 2703
"../../../Engine/Shaders/Private/PostProcessHistogram.usf" 2704
"../../../Engine/Shaders/Private/Bloom/BloomFinalizeApplyConstants.usf" 2705
"../../../Engine/Shaders/Private/Bloom/BloomCommon.ush" 2706
"../../../Engine/Shaders/Private/Bloom/BloomResizeKernel.usf" 2707
"../../../Engine/Shaders/Private/Bloom/BloomDownsampleKernel.usf" 2708
"../../../Engine/Shaders/Private/Bloom/BloomClampKernel.usf" 2709
"../../../Engine/Shaders/Private/Bloom/BloomPackKernelConstants.usf" 2710
"../../../Engine/Shaders/Private/Bloom/BloomSumScatterDispersionEnergy.usf" 2711
"../../../Engine/Shaders/Private/Bloom/BloomReduceKernelSurvey.usf" 2712
"../../../Engine/Shaders/Private/Bloom/BloomSurveyKernelCenterEnergy.usf" 2713
"../../../Engine/Shaders/Private/Bloom/BloomSurveyMaxScatterDispersion.usf" 2714
"../../../Engine/Shaders/Private/Bloom/BloomFindKernelCenter.usf" 2715
"../../../Engine/Shaders/Private/PostProcessEyeAdaptation.usf" 2716
"../../../Engine/Shaders/Private/TranslucencyVolumeCommon.ush" 2717
"../../../Engine/Shaders/Private/PostProcessEyeAdaptationUtils.usf" 2718
"../../../Engine/Shaders/Private/PostProcessDownsample.usf" 2719
"../../../Engine/Shaders/Private/PostProcessDOF.usf" 2720
"../../../Engine/Shaders/Private/PostProcessDeviceEncodingOnly.usf" 2721
"../../../Engine/Shaders/Private/PostProcessCompositePrimitives.usf" 2722
"../../../Engine/Shaders/Private/PostProcessCombineLUTs.usf" 2723
"../../../Engine/Shaders/Private/PostProcessVisualizeDOF.usf" 2724
"../../../Engine/Shaders/Private/PostProcessBloom.usf" 2725
"../../../Engine/Shaders/Private/PostProcessAmbientOcclusionMobile.usf" 2726
"../../../Engine/Shaders/Private/PostProcessAmbientOcclusionCommon.ush" 2727
"../../../Engine/Shaders/Private/FXAAShader.usf" 2728
"../../../Engine/Shaders/Private/Fxaa3_11.ush" 2729
"../../../Engine/Shaders/Private/PaniniProjection.usf" 2730
"../../../Engine/Shaders/Private/DiaphragmDOF/DOFRecombine.usf" 2731
"../../../Engine/Shaders/Private/DiaphragmDOF/DOFHybridScatterPixelShader.usf" 2732
"../../../Engine/Shaders/Private/DiaphragmDOF/DOFHybridScatterCommon.ush" 2733
"../../../Engine/Shaders/Private/DiaphragmDOF/DOFVignetteCommon.ush" 2734
"../../../Engine/Shaders/Private/DiaphragmDOF/DOFHybridScatterVertexShader.usf" 2735
"../../../Engine/Shaders/Private/DiaphragmDOF/DOFPostfiltering.usf" 2736
"../../../Engine/Shaders/Private/DiaphragmDOF/DOFGatherTileSuggest.ush" 2737
"../../../Engine/Shaders/Private/DiaphragmDOF/DOFCocTileCommon.ush" 2738
"../../../Engine/Shaders/Private/DiaphragmDOF/DOFGatherPass.usf" 2739
"../../../Engine/Shaders/Private/DiaphragmDOF/DOFGatherCommon.ush" 2740
"../../../Engine/Shaders/Private/DiaphragmDOF/DOFGatherAccumulator.ush" 2741
"../../../Engine/Shaders/Private/DiaphragmDOF/DOFGatherKernel.ush" 2742
"../../../Engine/Shaders/Private/DiaphragmDOF/DOFBokehLUT.usf" 2743
"../../../Engine/Shaders/Private/DiaphragmDOF/DOFHybridScatterCompilation.usf" 2744
"../../../Engine/Shaders/Private/DiaphragmDOF/DOFReduce.usf" 2745
"../../../Engine/Shaders/Private/DiaphragmDOF/DOFDownsample.ush" 2746
"../../../Engine/Shaders/Private/DiaphragmDOF/DOFHybridScatterCompilation.ush" 2747
"../../../Engine/Shaders/Private/DiaphragmDOF/DOFDownsample.usf" 2748
"../../../Engine/Shaders/Private/DiaphragmDOF/DOFCocTileDilate.usf" 2749
"../../../Engine/Shaders/Private/DiaphragmDOF/DOFCocTileFlatten.usf" 2750
"../../../Engine/Shaders/Private/DiaphragmDOF/DOFSetup.usf" 2751
"../../../Engine/Shaders/Private/Tools/DebugAlphaChannel.usf" 2752
"../../../Engine/Shaders/Private/PostProcessAlphaInvert.usf" 2753
"../../../Engine/Shaders/Private/PlanarReflectionShaders.usf" 2754
"../../../Engine/Shaders/Private/PhysicsFieldVisualizer.usf" 2755
"../../../Engine/Shaders/Private/PathTracing/PathTracingSpatialTemporalDenoising.usf" 2756
"../../../Engine/Shaders/Private/ColorDifference.ush" 2757
"../../../Engine/Shaders/Private/PathTracing/PathTracingCompositingPixelShader.usf" 2758
"../../../Engine/Shaders/Private/PathTracing/PathTracingAdaptiveUtils.ush" 2759
"../../../Engine/Shaders/Private/PathTracing/PathTracingDefaultHitShader.usf" 2760
"../../../Engine/Shaders/Private/PathTracing/PathTracingGPULightmassMaterialHitShader.usf" 2761
"../../../Engine/Shaders/Private/PathTracing/PathTracingMaterialHitShader.usf" 2762
"../../../Engine/Shaders/Private/PathTracing/Material/PathTracingSubstrateCommon.ush" 2763
"../../../Engine/Shaders/Private/PathTracing/PathTracingLightingMissShader.usf" 2764
"../../../Engine/Shaders/Private/PathTracing/PathTracingMissShader.usf" 2765
"../../../Engine/Shaders/Private/PathTracing/PathTracingAdaptiveStart.usf" 2766
"../../../Engine/Shaders/Private/PathTracing/PathTracingBuildAdaptiveError.usf" 2767
"../../../Engine/Shaders/Private/PathTracing/PathTracingVolumetricCloudMaterialShader.usf" 2768
"../../../Engine/Shaders/Private/PathTracing/Volume/PathTracingCloudsMaterialCommon.ush" 2769
"../../../Engine/Shaders/Private/PathTracing/Volume/PathTracingVolumeCommon.ush" 2770
"../../../Engine/Shaders/Private/PathTracing/Volume/PathTracingCloudsCommon.ush" 2771
"../../../Engine/Shaders/Private/PathTracing/Volume/PathTracingFog.ush" 2772
"../../../Engine/Shaders/Private/PathTracing/Volume/PathTracingAtmosphere.ush" 2773
"../../../Engine/Shaders/Private/PathTracing/Volume/PathTracingAtmosphereCommon.ush" 2774
"../../../Engine/Shaders/Private/PathTracing/Volume/PathTracingVolumeSampling.ush" 2775
"../../../Engine/Shaders/Private/PathTracing/PathTracingBuildCloudAccelerationMap.usf" 2776
"../../../Engine/Shaders/Private/PathTracing/PathTracingBuildAtmosphereLUT.usf" 2777
"../../../Engine/Shaders/Private/PathTracing/PathTracingSwizzleScanlines.usf" 2778
"../../../Engine/Shaders/Private/PathTracing/PathTracingInitExtinctionCoefficient.usf" 2779
"../../../Engine/Shaders/Private/PathTracing/PathTracingCopyDepth.usf" 2780
"../../../Engine/Shaders/Private/PathTracing/PathTracingDebug.usf" 2781
"../../../Engine/Shaders/Private/RayTracing/RayTracingDecalGrid.ush" 2782
"../../../Engine/Shaders/Private/PathTracing/Material/PathTracingMaterialSampling.ush" 2783
"../../../Engine/Shaders/Private/PathTracing/Material/PathTracingLambert.ush" 2784
"../../../Engine/Shaders/Private/PathTracing/Material/PathTracingSubstrate.ush" 2785
"../../../Engine/Shaders/Private/PathTracing/Material/PathTracingSubstrateFoliage.ush" 2786
"../../../Engine/Shaders/Private/PathTracing/Material/PathTracingSubstrateSolidGlass.ush" 2787
"../../../Engine/Shaders/Private/PathTracing/Material/PathTracingSubstrateThinGlass.ush" 2788
"../../../Engine/Shaders/Private/PathTracing/Material/PathTracingSolidGlass.ush" 2789
"../../../Engine/Shaders/Private/PathTracing/Material/PathTracingEnergyConservation.ush" 2790
"../../../Engine/Shaders/Private/PathTracing/Material/PathTracingThinGlass.ush" 2791
"../../../Engine/Shaders/Private/PathTracing/Material/PathTracingDefaultLit.ush" 2792
"../../../Engine/Shaders/Private/PathTracing/Material/PathTracingClearCoat.ush" 2793
"../../../Engine/Shaders/Private/PathTracing/Material/PathTracingTwoSidedFoliage.ush" 2794
"../../../Engine/Shaders/Private/PathTracing/Material/PathTracingCloth.ush" 2795
"../../../Engine/Shaders/Private/PathTracing/Material/PathTracingSubsurfaceProfile.ush" 2796
"../../../Engine/Shaders/Private/PathTracing/Material/PathTracingEye.ush" 2797
"../../../Engine/Shaders/Private/PathTracing/Material/PathTracingHair.ush" 2798
"../../../Engine/Shaders/Private/PathTracing/Material/PathTracingMedium.ush" 2799
"../../../Engine/Shaders/Private/PathTracing/Light/PathTracingLightSampling.ush" 2800
"../../../Engine/Shaders/Private/PathTracing/Light/PathTracingLightCommon.ush" 2801
"../../../Engine/Shaders/Private/PathTracing/Light/PathTracingDirectionalLight.ush" 2802
"../../../Engine/Shaders/Private/PathTracing/Light/PathTracingPointLight.ush" 2803
"../../../Engine/Shaders/Private/PathTracing/Light/PathTracingCapsuleLight.ush" 2804
"../../../Engine/Shaders/Private/PathTracing/Light/PathTracingRectLight.ush" 2805
"../../../Engine/Shaders/Private/PathTracing/Light/PathTracingSkyLight.ush" 2806
"../../../Engine/Shaders/Private/PathTracing/Light/PathTracingLightGrid.ush" 2807
"../../../Engine/Shaders/Private/PathTracing/PathTracing.usf" 2808
"../../../Engine/Shaders/Private/PathTracing/PathTracingCore.ush" 2809
"../../../Engine/Shaders/Private/HeterogeneousVolumes/HeterogeneousVolumesVoxelGridTypes.ush" 2810
"../../../Engine/Shaders/Private/PathTracing/Volume/PathTracingVolume.ush" 2811
"../../../Engine/Shaders/Private/PathTracing/Volume/PathTracingClouds.ush" 2812
"../../../Engine/Shaders/Private/PathTracing/Volume/PathTracingHeterogeneousVolumes.ush" 2813
"../../../Engine/Shaders/Private/HeterogeneousVolumes/HeterogeneousVolumesVoxelGridTraversal.ush" 2814
"../../../Engine/Shaders/Private/HeterogeneousVolumes/HeterogeneousVolumesVoxelGridUtils.ush" 2815
"../../../Engine/Shaders/Private/HeterogeneousVolumes/HeterogeneousVolumesFrustumVoxelGridUtils.ush" 2816
"../../../Engine/Shaders/Private/PathTracing/PathTracingBuildLightGrid.usf" 2817
"../../../Engine/Shaders/Private/PathTracing/PathTracingSkylightMISCompensation.usf" 2818
"../../../Engine/Shaders/Private/PathTracing/PathTracingSkylightPrepare.usf" 2819
"../../../Engine/Shaders/Private/OIT/OITSorting.usf" 2820
"../../../Engine/Shaders/Private/OITCombine.usf" 2821
"../../../Engine/Shaders/Private/OITCommon.ush" 2822
"../../../Engine/Shaders/Private/Nanite/Voxel/RasterizeBricks.usf" 2823
"../../../Engine/Shaders/Private/Nanite/Voxel/Brick.ush" 2824
"../../../Engine/Shaders/Private/Nanite/Voxel/Voxel.ush" 2825
"../../../Engine/Shaders/Private/Nanite/Voxel/ScatterBricks.usf" 2826
"../../../Engine/Shaders/Private/Nanite/Voxel/TileBricks.usf" 2827
"../../../Engine/Shaders/Private/Nanite/Voxel/AutoVoxel.usf" 2828
"../../../Engine/Shaders/Private/Nanite/NaniteDebugViews.usf" 2829
"../../../Engine/Shaders/Private/Nanite/NaniteEditorCommon.ush" 2830
"../../../Engine/Shaders/Private/BinarySearch.ush" 2831
"../../../Engine/Shaders/Private/Nanite/NaniteDepthDecode.usf" 2832
"../../../Engine/Shaders/Private/HTileEncoding.ush" 2833
"../../../Engine/Shaders/Private/Nanite/NaniteVisualize.usf" 2834
"../../../Engine/Shaders/Private/Nanite/NaniteStreamOut.usf" 2835
"../../../Engine/Shaders/Private/Nanite/NaniteHierarchyTraversal.ush" 2836
"../../../Engine/Shaders/Private/Nanite/NaniteSkinningUpdateViewData.usf" 2837
"../../../Engine/Shaders/Private/Skinning/TransformProviders.usf" 2838
"../../../Engine/Shaders/Private/Nanite/NaniteShadeBinning.usf" 2839
"../../../Engine/Shaders/Private/Nanite/NaniteShadeCommon.ush" 2840
"../../../Engine/Shaders/Private/Nanite/NaniteFastClear.usf" 2841
"../../../Engine/Shaders/Private/Nanite/NaniteExportGBuffer.usf" 2842
"../../../Engine/Shaders/Private/Nanite/NaniteClusterCulling.usf" 2843
"../../../Engine/Shaders/Private/Nanite/NanitePrintStats.usf" 2844
"../../../Engine/Shaders/Private/Nanite/NaniteRasterizer.usf" 2845
"../../../Engine/Shaders/Private/Nanite/NaniteRasterizationCommon.ush" 2846
"../../../Engine/Shaders/Private/Nanite/NaniteRasterizer.ush" 2847
"../../../Engine/Shaders/Private/Nanite/NaniteWritePixel.ush" 2848
"../../../Engine/Shaders/Private/Nanite/NaniteTessellation.ush" 2849
"../../../Engine/Shaders/Private/WorkDistribution.ush" 2850
"../../../Engine/Shaders/Private/Nanite/NaniteDice.ush" 2851
"../../../Engine/Shaders/Private/ShaderBundleWorkGraphCommon.ush" 2852
"../../../Engine/Shaders/Public/RootConstants.ush" 2853
"../../../Engine/Shaders/Public/Platform/D3D/D3DRootConstants.ush" 2854
"../../../Engine/Shaders/Private/Nanite/NaniteSplit.usf" 2855
"../../../Engine/Shaders/Private/Nanite/NaniteRasterBinning.usf" 2856
"../../../Engine/Shaders/Private/Nanite/NaniteInstanceCulling.usf" 2857
"../../../Engine/Shaders/Private/Nanite/NaniteImposter.ush" 2858
"../../../Engine/Shaders/Private/Nanite/NaniteInstanceHierarchyCulling.usf" 2859
"../../../Engine/Shaders/Private/WorkGroupLoadBalancer.ush" 2860
"../../../Engine/Shaders/Private/Nanite/NanitePrimitiveFilter.usf" 2861
"../../../Engine/Shaders/Private/Nanite/NaniteRasterClear.usf" 2862
"../../../Engine/Shaders/Private/Nanite/NaniteDepthExport.usf" 2863
"../../../Engine/Shaders/Private/Nanite/NaniteEmitShadow.usf" 2864
"../../../Engine/Shaders/Private/MobileDeferredUtils.usf" 2865
"../../../Engine/Shaders/Private/MobileLocalLightsBuffer.usf" 2866
"../../../Engine/Shaders/Private/MobileFog.usf" 2867
"../../../Engine/Shaders/Private/DistortApplyScreenPS.usf" 2868
"../../../Engine/Shaders/Private/MobileDeferredShading.usf" 2869
"../../../Engine/Shaders/Private/MobileBasePassPixelShader.usf" 2870
"../../../Engine/Shaders/Private/MobileBasePassCommon.ush" 2871
"../../../Engine/Shaders/Private/BasePassCommon.ush" 2872
"../../../Engine/Shaders/Private/ShadingModelsMaterial.ush" 2873
"../../../Engine/Shaders/Private/ThinTranslucentCommon.ush" 2874
"../../../Engine/Shaders/Private/SingleLayerWaterShading.ush" 2875
"../../../Engine/Shaders/Private/DistortionCommon.ush" 2876
"../../../Engine/Shaders/Private/Substrate/SubstrateMobileForwardLighting.ush" 2877
"../../../Engine/Shaders/Private/MobileBasePassVertexShader.usf" 2878
"../../../Engine/Shaders/Private/MeshEdges.usf" 2879
"../../../Engine/Shaders/Private/MegaLights/MegaLightsVSMTracing.usf" 2880
"../../../Engine/Shaders/Private/MegaLights/MegaLights.ush" 2881
"../../../Engine/Shaders/Shared/MegaLightsDefinitions.h" 2882
"../../../Engine/Shaders/Private/HairStrands/HairStrandsVisibilityUtils.ush" 2883
"../../../Engine/Shaders/Private/MegaLights/MegaLightsRayTracing.ush" 2884
"../../../Engine/Shaders/Private/MegaLights/MegaLightsRayTracing.usf" 2885
"../../../Engine/Shaders/Private/DistanceField/GlobalDistanceFieldUtils.ush" 2886
"../../../Engine/Shaders/Private/Lumen/LumenScreenTracing.ush" 2887
"../../../Engine/Shaders/Private/MegaLights/MegaLightsVolumeRayTracing.usf" 2888
"../../../Engine/Shaders/Private/MegaLights/MegaLightsVolume.ush" 2889
"../../../Engine/Shaders/Private/MegaLights/MegaLightsVolumeHardwareRayTracing.usf" 2890
"../../../Engine/Shaders/Private/Lumen/LumenHardwareRayTracingCommon.ush" 2891
"../../../Engine/Shaders/Private/RayTracing/RayTracingReflectionEnvironment.ush" 2892
"../../../Engine/Shaders/Private/Lumen/LumenHardwareRayTracingPlatformCommon.ush" 2893
"../../../Engine/Shaders/Private/Lumen/LumenReflectionsCombine.ush" 2894
"../../../Engine/Shaders/Private/Lumen/LumenTracingCommon.ush" 2895
"../../../Engine/Shaders/Private/Lumen/SurfaceCache/LumenSurfaceCacheSampling.ush" 2896
"../../../Engine/Shaders/Private/Lumen/SurfaceCache/LumenSurfaceCache.ush" 2897
"../../../Engine/Shaders/Private/Lumen/LumenCardCommon.ush" 2898
"../../../Engine/Shaders/Private/Lumen/LumenCardTileShadowDownsampleFactor.ush" 2899
"../../../Engine/Shaders/Private/MegaLights/MegaLightsHardwareRayTracing.usf" 2900
"../../../Engine/Shaders/Private/MegaLights/MegaLights.usf" 2901
"../../../Engine/Shaders/Private/MegaLights/MegaLightsShading.ush" 2902
"../../../Engine/Shaders/Private/MegaLights/MegaLightsFilterVisibleLightHash.usf" 2903
"../../../Engine/Shaders/Private/MegaLights/MegaLightsDenoiserSpatial.usf" 2904
"../../../Engine/Shaders/Private/Lumen/LumenReflectionDenoiserCommon.ush" 2905
"../../../Engine/Shaders/Private/MegaLights/MegaLightsDenoiserTemporal.usf" 2906
"../../../Engine/Shaders/Private/MegaLights/MegaLightsShading.usf" 2907
"../../../Engine/Shaders/Private/StochasticLighting/StochasticLightingUpsample.ush" 2908
"../../../Engine/Shaders/Private/MegaLights/MegaLightsVisibleLightHash.usf" 2909
"../../../Engine/Shaders/Private/MegaLights/MegaLightsVolumeShading.usf" 2910
"../../../Engine/Shaders/Private/MegaLights/MegaLightsSampling.usf" 2911
"../../../Engine/Shaders/Private/MegaLights/MegaLightsSampling.ush" 2912
"../../../Engine/Shaders/Private/MegaLights/MegaLightsVolumeSampling.usf" 2913
"../../../Engine/Shaders/Private/MaterialCache/MaterialCacheABufferPages.usf" 2914
"../../../Engine/Shaders/Private/MaterialCache/MaterialCacheShade.usf" 2915
"../../../Engine/Shaders/Private/MaterialCache/MaterialCacheUnwrapNaniteShade.usf" 2916
"../../../Engine/Shaders/Private/MaterialCache/MaterialCacheUnwrapPixelShader.usf" 2917
"../../../Engine/Shaders/Private/MaterialCache/MaterialCacheUnwrapVertexShader.usf" 2918
"../../../Engine/Shaders/Private/Lumen/LumenVisualizeRadianceCache.usf" 2919
"../../../Engine/Shaders/Private/Lumen/LumenRadianceCacheCommon.ush" 2920
"../../../Engine/Shaders/Private/Lumen/LumenVisualizeHardwareRayTracing.usf" 2921
"../../../Engine/Shaders/Private/Lumen/LumenVisualize.ush" 2922
"../../../Engine/Shaders/Private/Lumen/LumenHairTracing.ush" 2923
"../../../Engine/Shaders/Private/Lumen/LumenVisualize.usf" 2924
"../../../Engine/Shaders/Private/Lumen/LumenSoftwareRayTracing.ush" 2925
"../../../Engine/Shaders/Private/DistanceField/GlobalDistanceFieldObjectGrid.ush" 2926
"../../../Engine/Shaders/Private/DistanceFieldLightingShared.ush" 2927
"../../../Engine/Shaders/Private/Lumen/LumenVisualizeTraces.ush" 2928
"../../../Engine/Shaders/Private/Lumen/LumenTranslucencyVolumeLighting.usf" 2929
"../../../Engine/Shaders/Private/Lumen/LumenRadianceCacheMarkCommon.ush" 2930
"../../../Engine/Shaders/Private/Lumen/LumenTranslucencyVolumeLightingShared.ush" 2931
"../../../Engine/Shaders/Private/Lumen/LumenScreenProbeCommon.ush" 2932
"../../../Engine/Shaders/Private/RayTracing/RayGenUtils.ush" 2933
"../../../Engine/Shaders/Private/Lumen/LumenRadianceCacheTracingCommon.ush" 2934
"../../../Engine/Shaders/Private/Lumen/LumenTranslucencyVolumeHardwareRayTracing.usf" 2935
"../../../Engine/Shaders/Private/Lumen/LumenTranslucencyRadianceCacheMarkShaders.usf" 2936
"../../../Engine/Shaders/Private/Lumen/SurfaceCache/LumenSurfaceCache.usf" 2937
"../../../Engine/Shaders/Private/Lumen/LumenShortRangeAOHardwareRayTracing.usf" 2938
"../../../Engine/Shaders/Private/Lumen/LumenScreenSpaceBentNormal.ush" 2939
"../../../Engine/Shaders/Private/Lumen/LumenScreenSpaceBentNormal.usf" 2940
"../../../Engine/Shaders/Private/Lumen/LumenScreenProbeTracing.usf" 2941
"../../../Engine/Shaders/Private/Lumen/LumenScreenProbeTracingCommon.ush" 2942
"../../../Engine/Shaders/Private/Lumen/LumenFloatQuantization.ush" 2943
"../../../Engine/Shaders/Private/Lumen/LumenScreenProbeImportanceSampling.usf" 2944
"../../../Engine/Shaders/Private/Lumen/LumenScreenProbeImportanceSamplingShared.ush" 2945
"../../../Engine/Shaders/Private/Lumen/LumenScreenProbeHardwareRayTracing.usf" 2946
"../../../Engine/Shaders/Private/Lumen/LumenScreenProbeDebug.usf" 2947
"../../../Engine/Shaders/Private/Lumen/LumenScreenProbeGather.usf" 2948
"../../../Engine/Shaders/Private/Lumen/LumenScreenProbeGatherTemporal.usf" 2949
"../../../Engine/Shaders/Private/Lumen/LumenScreenProbeFiltering.usf" 2950
"../../../Engine/Shaders/Private/Lumen/LumenSceneLighting.usf" 2951
"../../../Engine/Shaders/Private/Lumen/LumenCardTile.ush" 2952
"../../../Engine/Shaders/Private/Lumen/LumenSceneLighting.ush" 2953
"../../../Engine/Shaders/Private/Lumen/Radiosity/LumenRadiosity.ush" 2954
"../../../Engine/Shaders/Private/Lumen/LumenSceneLightingDebug.usf" 2955
"../../../Engine/Shaders/Private/Lumen/LumenScene.usf" 2956
"../../../Engine/Shaders/Private/Lumen/LumenSceneDirectLightingHardwareRayTracing.usf" 2957
"../../../Engine/Shaders/Private/Lumen/LumenSceneDirectLightingStochastic.ush" 2958
"../../../Engine/Shaders/Private/Lumen/LumenReflectionCommon.ush" 2959
"../../../Engine/Shaders/Private/Lumen/LumenSceneDirectLighting.ush" 2960
"../../../Engine/Shaders/Private/Lumen/LumenSceneDebugHardwareRayTracing.usf" 2961
"../../../Engine/Shaders/Private/Lumen/LumenSceneDirectLightingStochastic.usf" 2962
"../../../Engine/Shaders/Private/Lumen/LumenSceneDirectLightingSoftwareRayTracing.usf" 2963
"../../../Engine/Shaders/Private/DistanceFieldShadowingShared.ush" 2964
"../../../Engine/Shaders/Private/Lumen/LumenSceneDirectLightingPerLightShadowCommon.ush" 2965
"../../../Engine/Shaders/Private/Lumen/LumenSceneDirectLightingShadowMask.usf" 2966
"../../../Engine/Shaders/Private/Lumen/LumenSceneDirectLighting.usf" 2967
"../../../Engine/Shaders/Private/Lumen/LumenSceneDirectLightingCulling.usf" 2968
"../../../Engine/Shaders/Private/Lumen/LumenCardComputeShader.usf" 2969
"../../../Engine/Shaders/Private/Lumen/LumenCardBasePass.ush" 2970
"../../../Engine/Shaders/Private/Lumen/LumenCardPixelShader.usf" 2971
"../../../Engine/Shaders/Private/Lumen/LumenCardVertexShader.usf" 2972
"../../../Engine/Shaders/Private/Lumen/LumenReSTIRGather.usf" 2973
"../../../Engine/Shaders/Private/Lumen/LumenReflectionTracing.usf" 2974
"../../../Engine/Shaders/Private/Lumen/LumenReflectionDenoiserSpatial.usf" 2975
"../../../Engine/Shaders/Private/Lumen/LumenReflectionDenoiserClear.usf" 2976
"../../../Engine/Shaders/Private/Lumen/LumenReflectionDenoiserTemporal.usf" 2977
"../../../Engine/Shaders/Private/Lumen/LumenReflectionResolve.usf" 2978
"../../../Engine/Shaders/Private/Lumen/LumenReflections.usf" 2979
"../../../Engine/Shaders/Private/Lumen/RayTracedTranslucency.usf" 2980
"../../../Engine/Shaders/Private/Lumen/LumenReflectionHardwareRayTracing.usf" 2981
"../../../Engine/Shaders/Private/Lumen/Radiosity/LumenVisualizeRadiosityProbes.usf" 2982
"../../../Engine/Shaders/Private/Lumen/Radiosity/LumenRadiosity.usf" 2983
"../../../Engine/Shaders/Private/Lumen/Radiosity/LumenRadiosityHardwareRayTracing.usf" 2984
"../../../Engine/Shaders/Private/Lumen/Radiosity/LumenRadiosityCulling.usf" 2985
"../../../Engine/Shaders/Private/Lumen/LumenRadianceCacheHardwareRayTracing.usf" 2986
"../../../Engine/Shaders/Private/Lumen/LumenRadianceCache.usf" 2987
"../../../Engine/Shaders/Private/Lumen/LumenRadianceCacheUpdate.ush" 2988
"../../../Engine/Shaders/Private/Lumen/LumenRadianceCacheDebug.usf" 2989
"../../../Engine/Shaders/Private/Lumen/LumenRadianceCacheUpdate.usf" 2990
"../../../Engine/Shaders/Private/Lumen/LumenMeshSDFCulling.usf" 2991
"../../../Engine/Shaders/Private/HybridIndirectLighting.ush" 2992
"../../../Engine/Shaders/Private/MeshDistanceFieldCommon.ush" 2993
"../../../Engine/Shaders/Private/Lumen/LumenIrradianceFieldGather.usf" 2994
"../../../Engine/Shaders/Private/Lumen/LumenHardwareRayTracingMaterials.usf" 2995
"../../../Engine/Shaders/Private/Lumen/LumenFrontLayerTranslucency.usf" 2996
"../../../Engine/Shaders/Private/LocalFogVolumes/LocalFogVolumeSplat.usf" 2997
"../../../Engine/Shaders/Private/LocalFogVolumes/LocalFogVolumeTiledCulling.usf" 2998
"../../../Engine/Shaders/Private/LightShaftShader.usf" 2999
"../../../Engine/Shaders/Private/StationaryLightOverlapShaders.usf" 3000
"../../../Engine/Shaders/Private/DeferredLightPixelShaders.usf" 3001
"../../../Engine/Shaders/Private/DeferredLightVertexShaders.usf" 3002
"../../../Engine/Shaders/Private/LightMapDensityShader.usf" 3003
"../../../Engine/Shaders/Private/LightGridInjection.usf" 3004
"../../../Engine/Shaders/Shared/LightGridDefinitions.h" 3005
"../../../Engine/Shaders/Private/LightFunctionPixelShader.usf" 3006
"../../../Engine/Shaders/Private/LightFunctionVertexShader.usf" 3007
"../../../Engine/Shaders/Private/LightFunctionAtlas/LightFunctionAtlasRender.usf" 3008
"../../../Engine/Shaders/Private/InstanceCulling/InstanceCullingOcclusionQuery.usf" 3009
"../../../Engine/Shaders/Private/InstanceCulling/InstanceCullingSetup.ush" 3010
"../../../Engine/Shaders/Private/InstanceCulling/BuildInstanceDrawCommands.usf" 3011
"../../../Engine/Shaders/Private/InstanceCulling/InstanceCompactionCommon.ush" 3012
"../../../Engine/Shaders/Private/SceneDataMobileWriter.ush" 3013
"../../../Engine/Shaders/Private/InstanceCulling/CompactVisibleInstances.usf" 3014
"../../../Engine/Shaders/Private/ReflectionEnvironmentPixelShader.usf" 3015
"../../../Engine/Shaders/Private/AmbientCubemapComposite.usf" 3016
"../../../Engine/Shaders/Private/DiffuseIndirectComposite.usf" 3017
"../../../Engine/Shaders/Private/IESAtlas.usf" 3018
"../../../Engine/Shaders/Private/HeterogeneousVolumes/HeterogeneousVolumesVoxelGridShadows.usf" 3019
"../../../Engine/Shaders/Private/HeterogeneousVolumes/HeterogeneousVolumesStochasticFiltering.ush" 3020
"../../../Engine/Shaders/Private/HeterogeneousVolumes/HeterogeneousVolumesVoxelGridRenderingUtils.ush" 3021
"../../../Engine/Shaders/Private/HeterogeneousVolumes/HeterogeneousVolumesLightingUtils.ush" 3022
"../../../Engine/Shaders/Private/HeterogeneousVolumes/HeterogeneousVolumesVoxelGridRendering.usf" 3023
"../../../Engine/Shaders/Private/HeterogeneousVolumes/HeterogeneousVolumesVoxelGridPipeline.usf" 3024
"../../../Engine/Shaders/Private/HeterogeneousVolumes/HeterogeneousVolumesMaterialBakingPipeline.usf" 3025
"../../../Engine/Shaders/Private/HeterogeneousVolumes/HeterogeneousVolumesLiveShadingUtils.ush" 3026
"../../../Engine/Shaders/Private/HeterogeneousVolumes/HeterogeneousVolumesFrustumVoxelGrid.usf" 3027
"../../../Engine/Shaders/Private/HeterogeneousVolumes/HeterogeneousVolumesSparseVoxelPipeline.usf" 3028
"../../../Engine/Shaders/Private/HeterogeneousVolumes/HeterogeneousVolumesSparseVoxelUtils.ush" 3029
"../../../Engine/Shaders/Private/HeterogeneousVolumes/HeterogeneousVolumesSparseVoxelUniformBufferUtils.ush" 3030
"../../../Engine/Shaders/Private/HeterogeneousVolumes/HeterogeneousVolumesPreshadingPipeline.usf" 3031
"../../../Engine/Shaders/Private/HeterogeneousVolumes/HeterogeneousVolumesLiveShadingShadows.usf" 3032
"../../../Engine/Shaders/Private/HeterogeneousVolumes/HeterogeneousVolumesLiveShadingGlobalPipeline.usf" 3033
"../../../Engine/Shaders/Private/HeterogeneousVolumes/HeterogeneousVolumesLiveShadingPipeline.usf" 3034
"../../../Engine/Shaders/Private/HeterogeneousVolumes/HeterogeneousVolumesHardwareRayTracing.usf" 3035
"../../../Engine/Shaders/Private/HeterogeneousVolumes/HeterogeneousVolumesAmbientOcclusionPipeline.usf" 3036
"../../../Engine/Shaders/Private/HeterogeneousVolumes/HeterogeneousVolumesComposite.usf" 3037
"../../../Engine/Shaders/Private/HdrCustomResolveShaders.usf" 3038
"../../../Engine/Shaders/Private/HairStrands/RenderCurveRaster.usf" 3039
"../../../Engine/Shaders/Private/HairStrands/HairStrandsVoxelRasterCompute.usf" 3040
"../../../Engine/Shaders/Private/HairStrands/HairStrandsHitProxy.usf" 3041
"../../../Engine/Shaders/Private/HairStrands/HairStrandsVisibilityRasterComputeNaive.usf" 3042
"../../../Engine/Shaders/Private/HairStrands/HairStrandsVisibilityRasterHW.usf" 3043
"../../../Engine/Shaders/Private/HairStrands/HairStrandsVisibilityRasterCompute.usf" 3044
"../../../Engine/Shaders/Private/HairStrands/HairStrandsVisibilityRasterClassification.usf" 3045
"../../../Engine/Shaders/Private/HairStrands/HairStrandsCoverage.usf" 3046
"../../../Engine/Shaders/Private/HairStrands/HairStrandsVisibilityDepthPS.usf" 3047
"../../../Engine/Shaders/Private/HairStrands/HairStrandsVisibilityTransmittanceDepthPS.usf" 3048
"../../../Engine/Shaders/Private/HairStrands/HairStrandsVisibilityFillOpaqueDepthPS.usf" 3049
"../../../Engine/Shaders/Private/HairStrands/HairStrandsVisibilityCompactionComputeRaster.usf" 3050
"../../../Engine/Shaders/Private/HairStrands/HairStrandsVisibilityCompaction.usf" 3051
"../../../Engine/Shaders/Private/HairStrands/HairStrandsVisibilityCopyIndirectArg.usf" 3052
"../../../Engine/Shaders/Private/HairStrands/HairStrandsVisibilityClearPS.usf" 3053
"../../../Engine/Shaders/Private/HairStrands/HairStrandsVisibilityPS.usf" 3054
"../../../Engine/Shaders/Private/HairStrands/HairStrandsVisibilityVS.usf" 3055
"../../../Engine/Shaders/Private/HairStrands/HairStrandsVelocity.usf" 3056
"../../../Engine/Shaders/Private/HairStrands/HairStrandsVisibilityComputeSampleCoverage.usf" 3057
"../../../Engine/Shaders/Private/HairStrands/HairStrandsMaterialPS.usf" 3058
"../../../Engine/Shaders/Private/HairStrands/HairStrandsMaterialCommon.ush" 3059
"../../../Engine/Shaders/Private/HairStrands/HairStrandsMaterialVS.usf" 3060
"../../../Engine/Shaders/Private/HairStrands/HairStrandsLightSample.usf" 3061
"../../../Engine/Shaders/Private/HairStrands/HairStrandsDeepShadowMask.usf" 3062
"../../../Engine/Shaders/Private/HairStrands/HairStrandsDeepTransmittanceMask.usf" 3063
"../../../Engine/Shaders/Private/HairStrands/HairStrandsVisibilityTile.usf" 3064
"../../../Engine/Shaders/Private/HairStrands/HairStrandsDeepShadowPS.usf" 3065
"../../../Engine/Shaders/Private/HairStrands/HairStrandsDeepShadowVS.usf" 3066
"../../../Engine/Shaders/Private/HairStrands/HairStrandsAABB.usf" 3067
"../../../Engine/Shaders/Private/HairStrands/HairStrandsLUT.usf" 3068
"../../../Engine/Shaders/Private/HairStrands/HairStrandsForwardRaster.usf" 3069
"../../../Engine/Shaders/Private/HairStrands/HairStrandsForwardCulling.usf" 3070
"../../../Engine/Shaders/Private/HairStrands/HairStrandsEnvironmentLighting.usf" 3071
"../../../Engine/Shaders/Private/HairStrands/HairStrandsEnvironmentAO.usf" 3072
"../../../Engine/Shaders/Private/HairStrands/HairStrandsDeepShadowAllocation.usf" 3073
"../../../Engine/Shaders/Private/HairStrands/HairStrandsVoxelDebug.usf" 3074
"../../../Engine/Shaders/Private/HairStrands/HairStrandsComposition.usf" 3075
"../../../Engine/Shaders/Private/HairStrands/HairStrandsGBufferCommon.ush" 3076
"../../../Engine/Shaders/Private/GPUScene/GPUSceneDataManagement.usf" 3077
"../../../Engine/Shaders/Private/GPUSceneDebugRender.usf" 3078
"../../../Engine/Shaders/Private/GPUFeedbackCompaction.usf" 3079
"../../../Engine/Shaders/Private/GPUFastFourierTransform.usf" 3080
"../../../Engine/Shaders/Private/GPUFastFourierTransform2DCore.ush" 3081
"../../../Engine/Shaders/Private/GPUFastFourierTransformCore.ush" 3082
"../../../Engine/Shaders/Private/GPUBenchmark.usf" 3083
"../../../Engine/Shaders/Private/DistanceField/GlobalDistanceFieldDebug.usf" 3084
"../../../Engine/Shaders/Private/DistanceField/GlobalDistanceFieldUpdate.ush" 3085
"../../../Engine/Shaders/Private/DistanceField/GlobalDistanceFieldMip.usf" 3086
"../../../Engine/Shaders/Private/DistanceField/GlobalDistanceField.usf" 3087
"../../../Engine/Shaders/Private/DistanceField/GlobalDistanceFieldCompositeObjects.usf" 3088
"../../../Engine/Shaders/Private/DistanceField/GlobalDistanceFieldHeightfields.usf" 3089
"../../../Engine/Shaders/Private/HeightfieldLightingShared.ush" 3090
"../../../Engine/Shaders/Private/GenerateConservativeDepth.usf" 3091
"../../../Engine/Shaders/Private/HeightFogPixelShader.usf" 3092
"../../../Engine/Shaders/Private/HeightFogVertexShader.usf" 3093
"../../../Engine/Shaders/Private/DistortFiltering.usf" 3094
"../../../Engine/Shaders/Private/DistortAccumulatePS.usf" 3095
"../../../Engine/Shaders/Private/DistortAccumulateVS.usf" 3096
"../../../Engine/Shaders/Private/DistanceFieldVisualization.usf" 3097
"../../../Engine/Shaders/Private/DistanceFieldStreaming.usf" 3098
"../../../Engine/Shaders/Private/DistanceFieldShadowing.usf" 3099
"../../../Engine/Shaders/Private/DistanceFieldScreenGridLighting.usf" 3100
"../../../Engine/Shaders/Private/DistanceFieldObjectCulling.usf" 3101
"../../../Engine/Shaders/Private/DistanceFieldLightingPost.usf" 3102
"../../../Engine/Shaders/Private/DitheredTransitionStencil.usf" 3103
"../../../Engine/Shaders/Private/CopyDepthTexture.usf" 3104
"../../../Engine/Shaders/Private/CopyDepthTextureCS.usf" 3105
"../../../Engine/Shaders/Private/DeferredDecal.usf" 3106
"../../../Engine/Shaders/Private/DecalCommon.ush" 3107
"../../../Engine/Shaders/Private/DebugViewModeVertexShader.usf" 3108
"../../../Engine/Shaders/Private/DebugViewModeCommon.ush" 3109
"../../../Engine/Shaders/Private/DebugViewModePixelShader.usf" 3110
"../../../Engine/Shaders/Private/DebugProbes.usf" 3111
"../../../Engine/Shaders/Private/MeshDecals.usf" 3112
"../../../Engine/Shaders/Private/PostProcessAmbientOcclusion.usf" 3113
"../../../Engine/Shaders/Private/ClusteredDeferredShadingPixelShader.usf" 3114
"../../../Engine/Shaders/Private/ClusteredDeferredShadingVertexShader.usf" 3115
"../../../Engine/Shaders/Private/CapsuleShadowShaders.usf" 3116
"../../../Engine/Shaders/Private/BasePassPixelShader.usf" 3117
"../../../Engine/Shaders/Private/ForwardLightingCommon.ush" 3118
"../../../Engine/Shaders/Private/Substrate/SubstrateForwardLighting.ush" 3119
"../../../Engine/Shaders/Private/ComputeShaderOutputCommon.ush" 3120
"../../../Engine/Shaders/Private/BasePassVertexShader.usf" 3121
"../../../Engine/Shaders/Private/BasePassVertexCommon.ush" 3122
"../../../Engine/Shaders/Private/SimpleElementVolumeTexturePreviewPixelShader.usf" 3123
"../../../Engine/Shaders/Private/SimpleElementTexture2DPreviewPixelShader.usf" 3124
"../../../Engine/Shaders/Private/meshpaintdilatepixelshader.usf" 3125
"../../../Engine/Shaders/Private/meshpaintdilatevertexshader.usf" 3126
"../../../Engine/Shaders/Private/MeshPaintPixelShader.usf" 3127
"../../../Engine/Shaders/Private/MeshPaintVertexShader.usf" 3128
"../../../Engine/Shaders/Private/SlateElementPixelShader.usf" 3129
"../../../Engine/Shaders/Private/SlateShaderCommon.ush" 3130
"../../../Engine/Shaders/Private/SlateMaskingShader.usf" 3131
"../../../Engine/Shaders/Private/SlateVertexShader.usf" 3132
"../../../Engine/Shaders/Private/CompositeUIPixelShader.usf" 3133
"../../../Engine/Shaders/Private/ColorDeficiency.ush" 3134
"../../../Engine/Shaders/Private/SlatePostProcessColorDeficiencyPixelShader.usf" 3135
"../../../Engine/Shaders/Private/SlatePostProcessPixelShader.usf" 3136
"../../../Engine/Shaders/Private/Tools/VisualizeTexture.usf" 3137
"../../../Engine/Shaders/Private/UpdateDescriptorHandle.usf" 3138
"../../../Engine/Shaders/Private/ByteBuffer.usf" 3139
"../../../Engine/Shaders/Private/ShaderBundleWorkGraphDispatch.usf" 3140
"../../../Engine/Shaders/Private/ShaderBundleDispatch.usf" 3141
"../../../Engine/Shaders/Private/ResolveVertexShader.usf" 3142
"../../../Engine/Shaders/Private/ResolvePixelShader.usf" 3143
"../../../Engine/Shaders/Private/Tools/SetupIndirectArgs.usf" 3144
"../../../Engine/Shaders/Private/ClearReplacementShaders.usf" 3145
"../../../Engine/Shaders/Private/Tools/DrawTexture.usf" 3146
"../../../Engine/Shaders/Private/RayTracing/RayTracingValidation.usf" 3147
"../../../Engine/Shaders/Private/RenderGraphUtilities.usf" 3148
"../../../Engine/Shaders/Private/OneColorShader.usf" 3149
"../../../Engine/Shaders/Private/OculusShaders.usf" 3150
"../../../Engine/Shaders/Private/MediaShaders.usf" 3151
"../../../Engine/Shaders/Private/GPUMessaging.usf" 3152
"../../../Engine/Shaders/Private/Tools/GPUDebugCrashUtils.usf" 3153
"../../../Engine/Shaders/Private/NullPixelShader.usf" 3154
"../../../Engine/Shaders/Private/ComputeGenerateMips.usf" 3155
"../../../Engine/Shaders/Private/Tools/DumpTexture.usf" 3156
"../../../Engine/Shaders/Private/CopyTextureShaders.usf" 3157
"../../../Engine/Shaders/Private/Tools/FullscreenVertexShader.usf" 3158
"../../../Engine/Shaders/Private/RayTracing/RayTracingDispatchDesc.usf" 3159
"../../../Engine/Shaders/Private/Bink.usf" 3160
"../../../Engine/Shaders/Private/VelocityShader.usf" 3161
"../../../Engine/Shaders/Private/DepthOnlyPixelShader.usf" 3162
"../../../Engine/Shaders/Private/PositionOnlyDepthVertexShader.usf" 3163
"../../../Engine/Shaders/Private/DepthOnlyVertexShader.usf" 3164
"../../../Engine/Shaders/Private/AnisotropyPassShader.usf" 3165
"C:/Users/symbi/Documents/School Stuff/LvlDesign2/Project2/Emily/LvlDesign02_TeamLuminous_Project02/Content/Variant_Shooter/Sounds/Luminous_Custom/PracticeRange.uasset" 3166
"C:/Users/symbi/Documents/School Stuff/LvlDesign2/Project2/Emily/LvlDesign02_TeamLuminous_Project02/Content/LevelPrototyping/LevelPrototypes/TeamFolderRenameWhatYouWant/TeamSandbox_PracticeRange.umap" 3167
"C:/Users/symbi/Documents/School Stuff/LvlDesign2/Project2/Emily/LvlDesign02_TeamLuminous_Project02/Content/LevelPrototyping/LevelPrototypes/TeamFolderRenameWhatYouWant/TeamMain_LevelTest.umap" 3168
"C:/Users/symbi/Documents/School Stuff/LvlDesign2/Project2/Emily/LvlDesign02_TeamLuminous_Project02/Content/LevelPrototyping/LevelPrototypes/TeamFolderRenameWhatYouWant/TeamBSide_Level.umap" 3169
"C:/Users/symbi/Documents/School Stuff/LvlDesign2/Project2/Emily/LvlDesign02_TeamLuminous_Project02/Content/LevelPrototyping/LevelPrototypes/TeamFolder(RenameWhatYouWant)/TeamNoMansUpper_Level.umap" 3170
"C:/Users/symbi/Documents/School Stuff/LvlDesign2/Project2/Emily/LvlDesign02_TeamLuminous_Project02/Content/LevelPrototyping/LevelPrototypes/TeamFolder(RenameWhatYouWant)/TeamNoMansUnder_Level.umap" 3171
"C:/Users/symbi/Documents/School Stuff/LvlDesign2/Project2/Emily/LvlDesign02_TeamLuminous_Project02/Content/LevelPrototyping/LevelPrototypes/TeamFolder(RenameWhatYouWant)/TeamASide_Level.umap" 3172
"/Engine/EngineResources/WhiteSquareTexture" 3173
"../../../Engine/Content/EngineResources/WhiteSquareTexture.uasset" 3174
"/Engine/EngineResources/GradientTexture0" 3175
"../../../Engine/Content/EngineResources/GradientTexture0.uasset" 3176
"/Engine/EngineResources/Black" 3177
"../../../Engine/Content/EngineResources/Black.uasset" 3178
"/Engine/EditorResources/S_Actor" 3179
"../../../Engine/Content/EditorResources/S_Actor.uasset" 3180
"/Engine/EngineFonts/RobotoDistanceField" 3181
"../../../Engine/Content/EngineFonts/RobotoDistanceField.uasset" 3182
"/Engine/EngineMaterials/DefaultTextMaterialOpaque" 3183
"../../../Engine/Content/EngineMaterials/DefaultTextMaterialOpaque.uasset" 3184
"/Engine/Functions/Engine_MaterialFunctions01/Shading/PowerToRoughness" 3185
"../../../Engine/Content/Functions/Engine_MaterialFunctions01/Shading/PowerToRoughness.uasset" 3186
"/Engine/Functions/Engine_MaterialFunctions01/Shading/ConvertFromDiffSpec" 3187
"../../../Engine/Content/Functions/Engine_MaterialFunctions01/Shading/ConvertFromDiffSpec.uasset" 3188
"/Engine/EngineMaterials/WorldGridMaterial" 3189
"../../../Engine/Content/EngineMaterials/WorldGridMaterial.uasset" 3190
"../../../Engine/Content/Functions/Engine_MaterialFunctions01/Opacity/CameraDepthFade.uasset" 3191
"../../../Engine/Content/EngineMaterials/T_Default_Material_Grid_M.uasset" 3192
"../../../Engine/Content/EngineMaterials/T_Default_Material_Grid_N.uasset" 3193
"/Engine/EngineMaterials/DefaultDeferredDecalMaterial" 3194
"../../../Engine/Content/EngineMaterials/DefaultDeferredDecalMaterial.uasset" 3195
"../../../Engine/Content/EngineMaterials/DefaultDiffuse.uasset" 3196
"/Engine/EngineMaterials/DefaultLightFunctionMaterial" 3197
"../../../Engine/Content/EngineMaterials/DefaultLightFunctionMaterial.uasset" 3198
"/Engine/EngineMaterials/DefaultPostProcessMaterial" 3199
"../../../Engine/Content/EngineMaterials/DefaultPostProcessMaterial.uasset" 3200
"../../../Engine/Content/Functions/Engine_MaterialFunctions02/Utility/BreakOutFloat2Components.uasset" 3201
"/Engine/EditorResources/S_Trigger" 3202
"../../../Engine/Content/EditorResources/S_Trigger.uasset" 3203
"/Engine/EditorResources/S_BoxReflectionCapture" 3204
"../../../Engine/Content/EditorResources/S_BoxReflectionCapture.uasset" 3205
"/Engine/EngineResources/DefaultTexture" 3206
"../../../Engine/Content/EngineResources/DefaultTexture.uasset" 3207
"/Engine/EditorResources/S_TriggerBox" 3208
"../../../Engine/Content/EditorResources/S_TriggerBox.uasset" 3209
"/Engine/EditorResources/S_TriggerCapsule" 3210
"../../../Engine/Content/EditorResources/S_TriggerCapsule.uasset" 3211
"/Engine/EditorResources/S_TriggerSphere" 3212
"../../../Engine/Content/EditorResources/S_TriggerSphere.uasset" 3213
"/Engine/EngineDamageTypes/DmgTypeBP_Environmental" 3214
"../../../Engine/Content/EngineDamageTypes/DmgTypeBP_Environmental.uasset" 3215
"/Engine/EngineMeshes/Sphere" 3216
"../../../Engine/Content/EngineMeshes/Sphere.uasset" 3217
"/Engine/EngineResources/DefaultTextureCube" 3218
"../../../Engine/Content/EngineResources/DefaultTextureCube.uasset" 3219
"/Engine/EngineResources/DefaultVolumeTexture" 3220
"../../../Engine/Content/EngineResources/DefaultVolumeTexture.uasset" 3221
"../../../Engine/Content/EngineResources/DefaultVolumeTexture2D.uasset" 3222
"/Engine/VREditor/TransformGizmo/SM_Sequencer_Node" 3223
"../../../Engine/Content/VREditor/TransformGizmo/SM_Sequencer_Node.uasset" 3224
"../../../Engine/Content/VREditor/TransformGizmo/Main.uasset" 3225
"../../../Engine/Content/VREditor/TransformGizmo/Xray.uasset" 3226
"/Engine/EditorResources/S_Solver" 3227
"../../../Engine/Content/EditorResources/S_Solver.uasset" 3228
"/Engine/EngineDebugMaterials/VolumeToRender" 3229
"../../../Engine/Content/EngineDebugMaterials/VolumeToRender.uasset" 3230
"/Engine/EngineDebugMaterials/M_VolumeRenderSphereTracePP" 3231
"../../../Engine/Content/EngineDebugMaterials/M_VolumeRenderSphereTracePP.uasset" 3232
"../../../Engine/Content/Functions/Engine_MaterialFunctions02/Utility/CameraDirectionVector.uasset" 3233
"/Engine/EditorMeshes/Camera/SM_CraneRig_Base" 3234
"../../../Engine/Content/EditorMeshes/Camera/SM_CraneRig_Base.uasset" 3235
"../../../Engine/Content/EditorMaterials/Camera/MI_CineMat_Rig.uasset" 3236
"../../../Engine/Content/EditorMaterials/Camera/CineMat.uasset" 3237
"/Engine/EditorMeshes/Camera/SM_CraneRig_Arm" 3238
"../../../Engine/Content/EditorMeshes/Camera/SM_CraneRig_Arm.uasset" 3239
"/Engine/EditorMeshes/Camera/SM_CraneRig_Mount" 3240
"../../../Engine/Content/EditorMeshes/Camera/SM_CraneRig_Mount.uasset" 3241
"/Engine/EditorMeshes/Camera/SM_CraneRig_Body" 3242
"../../../Engine/Content/EditorMeshes/Camera/SM_CraneRig_Body.uasset" 3243
"/Engine/EditorMeshes/Camera/SM_RailRig_Track" 3244
"../../../Engine/Content/EditorMeshes/Camera/SM_RailRig_Track.uasset" 3245
"/Engine/EditorMeshes/Camera/SM_RailRig_Mount" 3246
"../../../Engine/Content/EditorMeshes/Camera/SM_RailRig_Mount.uasset" 3247
"/Engine/EditorLandscapeResources/SplineEditorMesh" 3248
"../../../Engine/Content/EditorLandscapeResources/SplineEditorMesh.uasset" 3249
"../../../Engine/Content/EditorLandscapeResources/SplineEditorMeshMat.uasset" 3250
"/Engine/BasicShapes/Cube" 3251
"../../../Engine/Content/BasicShapes/Cube.uasset" 3252
"/CameraCalibrationCore/Materials/M_DefaultOddSquare" 3253
"../../Plugins/VirtualProduction/CameraCalibrationCore/Content/Materials/M_DefaultOddSquare.uasset" 3254
"/CameraCalibrationCore/Materials/M_DefaultEvenSquare" 3255
"../../Plugins/VirtualProduction/CameraCalibrationCore/Content/Materials/M_DefaultEvenSquare.uasset" 3256
"/HairStrands/Materials/HairDebugMaterial" 3257
"../../Plugins/Runtime/HairStrands/Content/Materials/HairDebugMaterial.uasset" 3258
"../../../Engine/Content/Functions/Engine_MaterialFunctions02/Utility/MakeFloat2.uasset" 3259
"../../../Engine/Content/Functions/Engine_MaterialFunctions02/Utility/MakeFloat3.uasset" 3260
"../../../Engine/Content/EngineMaterials/HairColorMap.uasset" 3261
"../../../Engine/Content/EngineMaterials/HairDebugColor.uasset" 3262
"../../Plugins/Runtime/HairStrands/Content/Materials/HairGroupColors.uasset" 3263
"/HairStrands/Materials/HairDefaultMaterial" 3264
"../../Plugins/Runtime/HairStrands/Content/Materials/HairDefaultMaterial.uasset" 3265
"/HairStrands/Materials/HairCardsDefaultMaterial" 3266
"../../Plugins/Runtime/HairStrands/Content/Materials/HairCardsDefaultMaterial.uasset" 3267
"/HairStrands/Materials/HairMeshesDefaultMaterial" 3268
"../../Plugins/Runtime/HairStrands/Content/Materials/HairMeshesDefaultMaterial.uasset" 3269
"/Engine/EngineMaterials/Widget3DPassThrough_Translucent" 3270
"../../../Engine/Content/EngineMaterials/Widget3DPassThrough_Translucent.uasset" 3271
"../../../Engine/Content/EngineMaterials/Widget3DPassThrough.uasset" 3272
"/Engine/EngineMaterials/Widget3DPassThrough_Translucent_OneSided" 3273
"../../../Engine/Content/EngineMaterials/Widget3DPassThrough_Translucent_OneSided.uasset" 3274
"/Engine/EngineMaterials/Widget3DPassThrough_Opaque" 3275
"../../../Engine/Content/EngineMaterials/Widget3DPassThrough_Opaque.uasset" 3276
"/Engine/EngineMaterials/Widget3DPassThrough_Opaque_OneSided" 3277
"../../../Engine/Content/EngineMaterials/Widget3DPassThrough_Opaque_OneSided.uasset" 3278
"/Engine/EngineMaterials/Widget3DPassThrough_Masked" 3279
"../../../Engine/Content/EngineMaterials/Widget3DPassThrough_Masked.uasset" 3280
"/Engine/EngineMaterials/Widget3DPassThrough_Masked_OneSided" 3281
"../../../Engine/Content/EngineMaterials/Widget3DPassThrough_Masked_OneSided.uasset" 3282
"/Engine/VREditor/ViewportInteractionAssetContainerData" 3283
"../../../Engine/Content/VREditor/ViewportInteractionAssetContainerData.uasset" 3284
"../../../Engine/Content/VREditor/SnapGrid/SnapGridMaterial.uasset" 3285
"../../../Engine/Content/VREditor/TransformGizmo/TransformGizmoMaterial_Inst.uasset" 3286
"../../../Engine/Content/VREditor/TransformGizmo/TranslucentTransformGizmoMaterial_Inst.uasset" 3287
"../../../Engine/Content/VREditor/SnapGrid/SnapGridPlaneMesh.uasset" 3288
"../../../Engine/Content/VREditor/Sounds/UI/Drop_Item_From_ContentBrowser.uasset" 3289
"../../../Engine/Content/VREditor/Sounds/UI/Gizmo_Handle_Clicked.uasset" 3290
"../../../Engine/Content/VREditor/Sounds/UI/Object_PickUp.uasset" 3291
"../../../Engine/Content/VREditor/Sounds/UI/Object_Snaps_To_Another_Actor.uasset" 3292
"../../../Engine/Content/VREditor/Sounds/UI/Object_Snaps_To_Grid.uasset" 3293
"../../../Engine/Content/VREditor/Sounds/UI/Scaling_Down.uasset" 3294
"../../../Engine/Content/VREditor/Sounds/UI/Scaling_Up.uasset" 3295
"../../../Engine/Content/VREditor/Sounds/UI/Selection_Changes.uasset" 3296
"../../../Engine/Content/VREditor/TransformGizmo/PlaneTranslationHandle.uasset" 3297
"../../../Engine/Content/VREditor/TransformGizmo/RotationHandleFull.uasset" 3298
"../../../Engine/Content/VREditor/TransformGizmo/RotationHandleIndicator.uasset" 3299
"../../../Engine/Content/VREditor/TransformGizmo/RotationHandleQuarter.uasset" 3300
"../../../Engine/Content/VREditor/TransformGizmo/StartRotationHandleIndicator.uasset" 3301
"../../../Engine/Content/VREditor/TransformGizmo/TransformGizmoFreeRotation.uasset" 3302
"../../../Engine/Content/VREditor/TransformGizmo/TranslateArrowHandle.uasset" 3303
"../../../Engine/Content/VREditor/TransformGizmo/UniformScaleHandle.uasset" 3304
"../../../Engine/Content/Functions/Engine_MaterialFunctions02/Math/Transform3x3Matrix.uasset" 3305
"../../../Engine/Content/Functions/Engine_MaterialFunctions02/SplitComponents.uasset" 3306
"../../../Engine/Content/VREditor/TransformGizmo/TransformGizmoMaterial.uasset" 3307
"../../../Engine/Content/VREditor/TransformGizmo/TranslucentTransformGizmoMaterial.uasset" 3308
"../../../Engine/Content/Functions/Engine_MaterialFunctions02/Utility/BreakOutFloat3Components.uasset" 3309
"../../../Engine/Content/VREditor/LaserPointer/VR_LaserPower_01.uasset" 3310
"/Engine/VREditor/TransformGizmo/BoundingBoxCorner" 3311
"../../../Engine/Content/VREditor/TransformGizmo/BoundingBoxCorner.uasset" 3312
"/Engine/VREditor/TransformGizmo/BoundingBoxEdge" 3313
"../../../Engine/Content/VREditor/TransformGizmo/BoundingBoxEdge.uasset" 3314
"/Engine/ArtTools/RenderToTexture/Meshes/S_1_Unit_Plane" 3315
"../../../Engine/Content/ArtTools/RenderToTexture/Meshes/S_1_Unit_Plane.uasset" 3316
"/Engine/EngineDebugMaterials/M_SimpleUnlitTranslucent" 3317
"../../../Engine/Content/EngineDebugMaterials/M_SimpleUnlitTranslucent.uasset" 3318
"/Engine/EngineFonts/Roboto" 3319
"../../../Engine/Content/EngineFonts/Roboto.uasset" 3320
"../../../Engine/Content/EngineFonts/Faces/DroidSansFallback.uasset" 3321
"../../../Engine/Content/EngineFonts/Faces/RobotoBold.uasset" 3322
"../../../Engine/Content/EngineFonts/Faces/RobotoBoldItalic.uasset" 3323
"../../../Engine/Content/EngineFonts/Faces/RobotoItalic.uasset" 3324
"../../../Engine/Content/EngineFonts/Faces/RobotoLight.uasset" 3325
"../../../Engine/Content/EngineFonts/Faces/RobotoRegular.uasset" 3326
"/Engine/EditorMaterials/ParticleSystems/PSysThumbnail_NoImage" 3327
"../../../Engine/Content/EditorMaterials/ParticleSystems/PSysThumbnail_NoImage.uasset" 3328
"/Engine/EditorMaterials/ParticleSystems/PSysThumbnail_OOD" 3329
"../../../Engine/Content/EditorMaterials/ParticleSystems/PSysThumbnail_OOD.uasset" 3330
"/Engine/EngineResources/LandscapeVisibilityLayerInfo" 3331
"../../../Engine/Content/EngineResources/LandscapeVisibilityLayerInfo.uasset" 3332
"/ACLPlugin/ACLAnimBoneCompressionSettings" 3333
"../../Plugins/Animation/ACLPlugin/Content/ACLAnimBoneCompressionSettings.uasset" 3334
"/Engine/Animation/DefaultRecorderBoneCompression" 3335
"../../../Engine/Content/Animation/DefaultRecorderBoneCompression.uasset" 3336
"/ACLPlugin/ACLAnimCurveCompressionSettings" 3337
"../../Plugins/Animation/ACLPlugin/Content/ACLAnimCurveCompressionSettings.uasset" 3338
"/Engine/Animation/DefaultVariableFrameStrippingSettings" 3339
"../../../Engine/Content/Animation/DefaultVariableFrameStrippingSettings.uasset" 3340
"/ControlRig/Controls/ControlRigXRayMaterial" 3341
"../../Plugins/Animation/ControlRig/Content/Controls/ControlRigXRayMaterial.uasset" 3342
"/ControlRig/Controls/DefaultGizmoLibraryNormalized" 3343
"../../Plugins/Animation/ControlRig/Content/Controls/DefaultGizmoLibraryNormalized.uasset" 3344
"/Paper2D/MaskedUnlitSpriteMaterial" 3345
"../../Plugins/2D/Paper2D/Content/MaskedUnlitSpriteMaterial.uasset" 3346
"../../Plugins/2D/Paper2D/Content/DefaultSpriteMaterial.uasset" 3347
"../../Plugins/2D/Paper2D/Content/PlaceholderTextures/DummySpriteTexture.uasset" 3348
"/Paper2D/OpaqueUnlitSpriteMaterial" 3349
"../../Plugins/2D/Paper2D/Content/OpaqueUnlitSpriteMaterial.uasset" 3350
"/Paper2D/DefaultPaperTerrainMaterial" 3351
"../../Plugins/2D/Paper2D/Content/DefaultPaperTerrainMaterial.uasset" 3352
"../../Plugins/2D/Paper2D/Content/DummySprite.uasset" 3353
"/ControlRig/M_Manip" 3354
"../../Plugins/Animation/ControlRig/Content/M_Manip.uasset" 3355
"../../../Engine/Content/Functions/Engine_MaterialFunctions02/WorldPositionOffset/CameraOffset.uasset" 3356
"/AudioWidgets/Resources/ScrubHandleDown_Clamped" 3357
"../../Plugins/Runtime/AudioWidgets/Content/Resources/ScrubHandleDown_Clamped.uasset" 3358
"/SpeedTreeImporter/SpeedTree9/SpeedTreeMaster" 3359
"../../Plugins/Editor/SpeedTreeImporter/Content/SpeedTree9/SpeedTreeMaster.uasset" 3360
"../../../Engine/Content/Functions/Engine_MaterialFunctions02/ObjectLocalBounds.uasset" 3361
"../../../Engine/Content/Functions/Engine_MaterialFunctions02/SafeNormalize.uasset" 3362
"../../../Engine/Content/Functions/Engine_MaterialFunctions02/Utility/VectorLength.uasset" 3363
"../../../Engine/Content/Functions/Engine_MaterialFunctions02/UVs/BoundingBoxBased_0-1_UVW.uasset" 3364
"../../../Engine/Content/Functions/Engine_MaterialFunctions02/WorldPositionOffset/ObjectScale.uasset" 3365
"../../Plugins/Editor/SpeedTreeImporter/Content/SpeedTree9/SpeedTreeBranchMotion.uasset" 3366
"../../Plugins/Editor/SpeedTreeImporter/Content/SpeedTree9/SpeedTreeCameraFacing.uasset" 3367
"../../Plugins/Editor/SpeedTreeImporter/Content/SpeedTree9/SpeedTreeWind.uasset" 3368
"../../Plugins/Editor/SpeedTreeImporter/Content/SpeedTree9/SpeedTreeWindMotion.uasset" 3369
"../../Plugins/Editor/SpeedTreeImporter/Content/SpeedTree9/UnpackDirection.uasset" 3370
"../../Plugins/Editor/SpeedTreeImporter/Content/SpeedTree9/UnpackInteger3.uasset" 3371
"../../Plugins/Editor/SpeedTreeImporter/Content/SpeedTree9/Empty.uasset" 3372
"../../Plugins/Editor/SpeedTreeImporter/Content/SpeedTree9/EmptyNormal.uasset" 3373
"../../Plugins/Editor/SpeedTreeImporter/Content/SpeedTree9/game_wind_noise.uasset" 3374
"/SpeedTreeImporter/SpeedTree9/SpeedTreeBillboardMaster" 3375
"../../Plugins/Editor/SpeedTreeImporter/Content/SpeedTree9/SpeedTreeBillboardMaster.uasset" 3376
"../../Plugins/Editor/SpeedTreeImporter/Content/SpeedTree9/SpeedTreeBillboard.uasset" 3377
"/MediaPlate/SM_MediaPlateScreen" 3378
"../../Plugins/Media/MediaPlate/Content/SM_MediaPlateScreen.uasset" 3379
"/Engine/BasicShapes/BasicShapeMaterial" 3380
"../../../Engine/Content/BasicShapes/BasicShapeMaterial.uasset" 3381
"/Engine/EditorMaterials/Dataflow/DataflowVertexMaterial" 3382
"../../../Engine/Content/EditorMaterials/Dataflow/DataflowVertexMaterial.uasset" 3383
"/Engine/EditorMaterials/Dataflow/DataflowTwoSidedVertexMaterial" 3384
"../../../Engine/Content/EditorMaterials/Dataflow/DataflowTwoSidedVertexMaterial.uasset" 3385
"/Engine/EditorLandscapeResources/LayerVisMaterial" 3386
"../../../Engine/Content/EditorLandscapeResources/LayerVisMaterial.uasset" 3387
"../../../Engine/Content/EditorLandscapeResources/WhiteSquareTexture.uasset" 3388
"/Engine/EditorLandscapeResources/SelectBrushMaterial_Selected" 3389
"../../../Engine/Content/EditorLandscapeResources/SelectBrushMaterial_Selected.uasset" 3390
"../../../Engine/Content/EditorLandscapeResources/SelectBrushMaterial.uasset" 3391
"../../../Engine/Content/Functions/Engine_MaterialFunctions03/Math/WithinRangeFloat2.uasset" 3392
"../../../Engine/Content/EditorLandscapeResources/DefaultAlphaTexture.uasset" 3393
"/Engine/EditorLandscapeResources/SelectBrushMaterial_SelectedRegion" 3394
"../../../Engine/Content/EditorLandscapeResources/SelectBrushMaterial_SelectedRegion.uasset" 3395
"/Engine/EditorLandscapeResources/MaskBrushMaterial_MaskedRegion" 3396
"../../../Engine/Content/EditorLandscapeResources/MaskBrushMaterial_MaskedRegion.uasset" 3397
"../../../Engine/Content/EditorLandscapeResources/MaskBrushMaterial.uasset" 3398
"/Engine/EditorLandscapeResources/ColorMaskBrushMaterial_MaskedRegion" 3399
"../../../Engine/Content/EditorLandscapeResources/ColorMaskBrushMaterial_MaskedRegion.uasset" 3400
"../../../Engine/Content/EditorLandscapeResources/ColorMaskBrushMaterial.uasset" 3401
"/Engine/EditorLandscapeResources/LandscapeDirtyMaterial" 3402
"../../../Engine/Content/EditorLandscapeResources/LandscapeDirtyMaterial.uasset" 3403
"/Engine/EditorLandscapeResources/LandscapeLayerUsageMaterial" 3404
"../../../Engine/Content/EditorLandscapeResources/LandscapeLayerUsageMaterial.uasset" 3405
"../../../Engine/Content/Functions/Engine_MaterialFunctions01/Debug/DebugIntValues.uasset" 3406
"../../../Engine/Content/Functions/Engine_MaterialFunctions01/Texturing/ScaleUVsByCenter.uasset" 3407
"../../../Engine/Content/Functions/Engine_MaterialFunctions02/WorldPositionOffset/LocalPosition.uasset" 3408
"../../../Engine/Content/Functions/Engine_MaterialFunctions01/Texturing/TextureCropping.uasset" 3409
"../../../Engine/Content/Functions/Engine_MaterialFunctions02/ExampleContent/DebugNumberStrip.uasset" 3410
"C:/Users/symbi/AppData/Local/UnrealEngine/Editor/UInteractiveToolsPresetCollectionAsset_DefaultCollection.json" 3411
"/Engine/EngineMaterials/NaniteHiddenSectionMaterial" 3412
"../../../Engine/Content/EngineMaterials/NaniteHiddenSectionMaterial.uasset" 3413
"/Engine/EngineMaterials/RemoveSurfaceMaterial" 3414
"../../../Engine/Content/EngineMaterials/RemoveSurfaceMaterial.uasset" 3415
"/Engine/EngineDebugMaterials/DebugMeshMaterial" 3416
"../../../Engine/Content/EngineDebugMaterials/DebugMeshMaterial.uasset" 3417
"/Engine/EngineMaterials/EmissiveMeshMaterial" 3418
"../../../Engine/Content/EngineMaterials/EmissiveMeshMaterial.uasset" 3419
"../../../Engine/Content/EngineMaterials/DefaultWhiteGrid_Low.uasset" 3420
"/Engine/EngineMaterials/M_InvalidLightmapSettings" 3421
"../../../Engine/Content/EngineMaterials/M_InvalidLightmapSettings.uasset" 3422
"../../../Engine/Content/EngineMaterials/InvalidLightmapSettings.uasset" 3423
"/Engine/EngineMaterials/GizmoMaterial" 3424
"../../../Engine/Content/EngineMaterials/GizmoMaterial.uasset" 3425
"/Engine/EngineMaterials/PhAT_JointLimitMaterial" 3426
"../../../Engine/Content/EngineMaterials/PhAT_JointLimitMaterial.uasset" 3427
"/Engine/EngineMaterials/FlattenMaterial" 3428
"../../../Engine/Content/EngineMaterials/FlattenMaterial.uasset" 3429
"../../../Engine/Content/EngineMaterials/BaseFlattenDiffuseMap.uasset" 3430
"../../../Engine/Content/EngineMaterials/BaseFlattenEmissiveMap.uasset" 3431
"../../../Engine/Content/EngineMaterials/BaseFlattenGrayscaleMap.uasset" 3432
"../../../Engine/Content/EngineMaterials/BaseFlattenLinearColor.uasset" 3433
"../../../Engine/Content/EngineMaterials/BaseFlattenNormalMap.uasset" 3434
"../../../Engine/Content/Functions/Engine_MaterialFunctions02/PivotPainter2/Black_1x1_EXR_Texture.uasset" 3435
"/Engine/EngineMaterials/FlattenMaterial_VT" 3436
"../../../Engine/Content/EngineMaterials/FlattenMaterial_VT.uasset" 3437
"../../../Engine/Content/EngineMaterials/BaseFlattenDiffuseMap_VT.uasset" 3438
"../../../Engine/Content/EngineMaterials/BaseFlattenEmissiveMap_VT.uasset" 3439
"../../../Engine/Content/EngineMaterials/BaseFlattenGrayscaleMap_VT.uasset" 3440
"../../../Engine/Content/EngineMaterials/BaseFlattenLinearColor_VT.uasset" 3441
"../../../Engine/Content/EngineMaterials/BaseFlattenNormalMap_VT.uasset" 3442
"../../../Engine/Content/EngineMaterials/Black_1x1_EXR_Texture_VT.uasset" 3443
"/Engine/EngineMaterials/FlattenMaterial_WS_Normal_VT" 3444
"../../../Engine/Content/EngineMaterials/FlattenMaterial_WS_Normal_VT.uasset" 3445
"/Engine/EngineMaterials/Good64x64TilingNoiseHighFreq" 3446
"../../../Engine/Content/EngineMaterials/Good64x64TilingNoiseHighFreq.uasset" 3447
"/Engine/EngineMaterials/DefaultBokeh" 3448
"../../../Engine/Content/EngineMaterials/DefaultBokeh.uasset" 3449
"/Engine/EngineMaterials/MiniFont" 3450
"../../../Engine/Content/EngineMaterials/MiniFont.uasset" 3451
"/Engine/EngineMaterials/WeightMapPlaceholderTexture" 3452
"../../../Engine/Content/EngineMaterials/WeightMapPlaceholderTexture.uasset" 3453
"/Engine/EngineMaterials/WeightMapArrayPlaceholderTexture" 3454
"../../../Engine/Content/EngineMaterials/WeightMapArrayPlaceholderTexture.uasset" 3455
"/Engine/EngineMaterials/DefaultWhiteGrid" 3456
"../../../Engine/Content/EngineMaterials/DefaultWhiteGrid.uasset" 3457
"/Engine/EngineMaterials/PreintegratedSkinBRDF" 3458
"../../../Engine/Content/EngineMaterials/PreintegratedSkinBRDF.uasset" 3459
"/Engine/EngineMaterials/LTC/GGX_LTCAmp" 3460
"../../../Engine/Content/EngineMaterials/LTC/GGX_LTCAmp.uasset" 3461
"/Engine/EngineMaterials/LTC/GGX_LTCMat" 3462
"../../../Engine/Content/EngineMaterials/LTC/GGX_LTCMat.uasset" 3463
"/Engine/EngineMaterials/EnergyConservation/GGX_ReflectionEnergy" 3464
"../../../Engine/Content/EngineMaterials/EnergyConservation/GGX_ReflectionEnergy.uasset" 3465
"/Engine/EngineMaterials/EnergyConservation/GGX_TransmissionEnergyArray" 3466
"../../../Engine/Content/EngineMaterials/EnergyConservation/GGX_TransmissionEnergyArray.uasset" 3467
"/Engine/EngineMaterials/EnergyConservation/SheenLegacy_Energy" 3468
"../../../Engine/Content/EngineMaterials/EnergyConservation/SheenLegacy_Energy.uasset" 3469
"/Engine/EngineMaterials/DefaultPhysicalMaterial" 3470
"../../../Engine/Content/EngineMaterials/DefaultPhysicalMaterial.uasset" 3471
"/Engine/EngineMaterials/DefaultDestructiblePhysicalMaterial" 3472
"../../../Engine/Content/EngineMaterials/DefaultDestructiblePhysicalMaterial.uasset" 3473
"C:/Users/symbi/AppData/Local/UnrealEngine/Editor/ProjectEditorRecords.json" 3474
"/Niagara/ParameterDefinitions/SpriteRenderer" 3475
"../../Plugins/FX/Niagara/Content/ParameterDefinitions/SpriteRenderer.uasset" 3476
"/Niagara/ParameterDefinitions/RibbonRenderer" 3477
"../../Plugins/FX/Niagara/Content/ParameterDefinitions/RibbonRenderer.uasset" 3478
"/Niagara/ParameterDefinitions/MeshRenderer" 3479
"../../Plugins/FX/Niagara/Content/ParameterDefinitions/MeshRenderer.uasset" 3480
"/Niagara/ParameterDefinitions/LightRenderer" 3481
"../../Plugins/FX/Niagara/Content/ParameterDefinitions/LightRenderer.uasset" 3482
"/Niagara/ParameterDefinitions/DecalRenderer" 3483
"../../Plugins/FX/Niagara/Content/ParameterDefinitions/DecalRenderer.uasset" 3484
"/Niagara/ParameterDefinitions/CoreParameters" 3485
"../../Plugins/FX/Niagara/Content/ParameterDefinitions/CoreParameters.uasset" 3486
"/DeformerGraph/Deformers/DG_LinearBlendSkin_Morph_Cloth" 3487
"../../Plugins/Animation/DeformerGraph/Content/Deformers/DG_LinearBlendSkin_Morph_Cloth.uasset" 3488
"../../Plugins/Animation/DeformerGraph/Content/DeformerFunctions/DG_Function_LinearBlendSkin_Morph_Cloth.uasset" 3489
"/DeformerGraph/Deformers/DG_LinearBlendSkin_Morph_Cloth_RecomputeNormals" 3490
"../../Plugins/Animation/DeformerGraph/Content/Deformers/DG_LinearBlendSkin_Morph_Cloth_RecomputeNormals.uasset" 3491
"../../Plugins/Animation/DeformerGraph/Content/DeformerFunctions/DG_Function_ComputeNormalsTangents.uasset" 3492
"../../Plugins/Animation/DeformerGraph/Content/DeformerFunctions/DG_Function_LinearBlendSkin_Morph_Cloth_PositionOnly.uasset" 3493
"/Engine/BasicShapes/Sphere" 3494
"../../../Engine/Content/BasicShapes/Sphere.uasset" 3495
"../../../Engine/Content/EngineMaterials/DefaultMaterial.uasset" 3496
"/Engine/BasicShapes/Cylinder" 3497
"../../../Engine/Content/BasicShapes/Cylinder.uasset" 3498
"/Engine/BasicShapes/Cone" 3499
"../../../Engine/Content/BasicShapes/Cone.uasset" 3500
"/Engine/BasicShapes/Plane" 3501
"../../../Engine/Content/BasicShapes/Plane.uasset" 3502
"../../../Engine/Documentation/Source/Shared/Types/ABrush/ABrush.INT.udn" 3503
"../../../Engine/Content/Internationalization/icudt64l/brkitr/en_US.res" 3504
"../../../Engine/Content/Internationalization/icudt64l/brkitr/en.res" 3505
"../../../Engine/Content/Internationalization/icudt64l/brkitr/root.res" 3506
"../../../Engine/Content/Internationalization/icudt64l/brkitr/char.brk" 3507
"../../../Engine/Content/Internationalization/icudt64l/brkitr/word.brk" 3508
"/Engine/EditorResources/SequenceRecorder/Countdown" 3509
"../../../Engine/Content/EditorResources/SequenceRecorder/Countdown.uasset" 3510
"/Engine/EditorResources/SequenceRecorder/RecordingIndicator" 3511
"../../../Engine/Content/EditorResources/SequenceRecorder/RecordingIndicator.uasset" 3512
"/Engine/EditorMaterials/PhAT_UnselectedMaterial" 3513
"../../../Engine/Content/EditorMaterials/PhAT_UnselectedMaterial.uasset" 3514
"/Engine/EditorMaterials/PhAT_NoCollisionMaterial" 3515
"../../../Engine/Content/EditorMaterials/PhAT_NoCollisionMaterial.uasset" 3516
"/Engine/EngineFonts/DroidSansMono" 3517
"../../../Engine/Content/EngineFonts/DroidSansMono.uasset" 3518
"../../../Engine/Content/EngineFonts/Faces/DroidSansMono.uasset" 3519
"/Engine/EditorResources/S_Terrain" 3520
"../../../Engine/Content/EditorResources/S_Terrain.uasset" 3521
"../../../Engine/Plugins/FX/Niagara/Shaders/Private/NiagaraDataInterfaceTexture2DArrayTemplate.ush" 3522
"../../../Engine/Plugins/FX/Niagara/Shaders/Private/NiagaraDataInterfaceActorComponentTemplate.ush" 3523
"../../../Engine/Plugins/FX/Niagara/Shaders/Private/NiagaraDataInterfaceArrayTemplate.ush" 3524
"../../../Engine/Plugins/FX/Niagara/Shaders/Private/NiagaraDataInterfaceArrayRWTemplate.ush" 3525
"../../../Engine/Plugins/FX/Niagara/Shaders/Private/NiagaraDataInterfaceAsyncGpuTrace.ush" 3526
"../../../Engine/Plugins/FX/Niagara/Shaders/Private/NiagaraDataInterfaceAsyncGpuTraceTemplate.ush" 3527
"../../../Engine/Plugins/FX/Niagara/Shaders/Private/NiagaraDataInterfaceCamera.ush" 3528
"../../../Engine/Plugins/Experimental/ChaosNiagara/Shaders/NiagaraDataInterfaceChaosDestruction.ush" 3529
"../../../Engine/Plugins/FX/Niagara/Shaders/Private/NiagaraDataInterfaceCollisionQuery.ush" 3530
"C:/Users/symbi/Documents/School Stuff/LvlDesign2/Project2/Emily/LvlDesign02_TeamLuminous_Project02/Intermediate/ShaderAutogen/PCD3D_SM5/AutogenShaderHeaders.ush" 3531
"../../../Engine/Plugins/FX/Niagara/Shaders/Private/NiagaraDataInterfaceCollisionQueryTemplate.ush" 3532
"../../../Engine/Plugins/FX/Niagara/Shaders/Private/NiagaraDataInterfaceCurveTemplate.ush" 3533
"../../../Engine/Plugins/FX/Niagara/Shaders/Private/NiagaraDataInterfaceCubeTextureTemplate.ush" 3534
"../../../Engine/Plugins/FX/Niagara/Shaders/Private/DataChannel/NiagaraDataInterfaceDataChannelCommon.ush" 3535
"../../../Engine/Plugins/FX/Niagara/Shaders/Private/DataChannel/NiagaraDataInterfaceDataChannelTemplateCommon.ush" 3536
"../../../Engine/Plugins/FX/Niagara/Shaders/Private/DataChannel/NiagaraDataInterfaceDataChannelTemplateReadCommon.ush" 3537
"../../../Engine/Plugins/FX/Niagara/Shaders/Private/DataChannel/NiagaraDataInterfaceDataChannelTemplate_Read.ush" 3538
"../../../Engine/Plugins/FX/Niagara/Shaders/Private/DataChannel/NiagaraDataInterfaceDataChannelTemplate_Consume.ush" 3539
"../../../Engine/Plugins/FX/Niagara/Shaders/Private/DataChannel/NiagaraDataInterfaceDataChannelTemplateWriteCommon.ush" 3540
"../../../Engine/Plugins/FX/Niagara/Shaders/Private/DataChannel/NiagaraDataInterfaceDataChannelTemplate_Append.ush" 3541
"../../../Engine/Plugins/FX/Niagara/Shaders/Private/NiagaraDataInterfaceDataTableTemplate.ush" 3542
"../../../Engine/Plugins/FX/Niagara/Shaders/Private/NiagaraDataInterfaceDebugDraw.ush" 3543
"../../../Engine/Plugins/FX/Niagara/Shaders/Private/NiagaraDataInterfaceDebugDrawTemplate.ush" 3544
"../../../Engine/Plugins/FX/Niagara/Shaders/Private/NiagaraDataInterfaceDynamicMeshTemplate.ush" 3545
"../../../Engine/Plugins/FX/Niagara/Shaders/Private/NiagaraDataInterfaceEmitterPropertiesTemplate.ush" 3546
"../../../Engine/Plugins/FX/Niagara/Shaders/Private/NiagaraDataInterfaceExportTemplate.ush" 3547
"../../../Engine/Plugins/FX/Niagara/Shaders/Private/NiagaraDataInterfaceGBufferTemplate.ush" 3548
"../../../Engine/Plugins/Experimental/ChaosNiagara/Shaders/NiagaraDataInterfaceGeometryCollection.ush" 3549
"../../../Engine/Plugins/FX/Niagara/Shaders/Private/NiagaraTransformUtils.ush" 3550
"../../../Engine/Plugins/Runtime/HairStrands/Shaders/Private/NiagaraStrandsExternalForce.ush" 3551
"../../../Engine/Plugins/Runtime/HairStrands/Shaders/Private/NiagaraHookeSpringMaterial.ush" 3552
"../../../Engine/Plugins/Runtime/HairStrands/Shaders/Private/NiagaraAngularSpringMaterial.ush" 3553
"../../../Engine/Plugins/Runtime/HairStrands/Shaders/Private/NiagaraConstantVolumeMaterial.ush" 3554
"../../../Engine/Plugins/Runtime/HairStrands/Shaders/Private/NiagaraCosseratRodMaterial.ush" 3555
"../../../Engine/Plugins/Runtime/HairStrands/Shaders/Private/NiagaraStaticCollisionConstraint.ush" 3556
"../../../Engine/Plugins/Runtime/HairStrands/Shaders/Private/NiagaraDataInterfaceHairStrands.ush" 3557
"../../../Engine/Plugins/Runtime/HairStrands/Shaders/Private/NiagaraDataInterfaceHairStrandsTemplate.ush" 3558
"../../../Engine/Plugins/FX/Niagara/Shaders/Private/NiagaraDataInterfaceIntRenderTarget2D.ush" 3559
"../../../Engine/Plugins/FX/Niagara/Shaders/Private/NiagaraDataInterfaceLandscape.ush" 3560
"../../../Engine/Plugins/FX/Niagara/Shaders/Private/NiagaraDataInterfaceMemoryBufferTemplate.ush" 3561
"../../../Engine/Plugins/FX/Niagara/Shaders/Private/NiagaraDataInterfaceMeshRendererInfoTemplate.ush" 3562
"../../../Engine/Plugins/FX/Niagara/Shaders/Private/NiagaraDataInterfaceOcclusion.ush" 3563
"../../../Engine/Plugins/FX/Niagara/Shaders/Private/NiagaraDataInterfacePhysicsAsset.ush" 3564
"../../../Engine/Plugins/Experimental/ChaosNiagara/Shaders/NiagaraDataInterfacePhysicsField.ush" 3565
"../../../Engine/Plugins/FX/Niagara/Shaders/Private/NiagaraDataInterfacePlatformSetTemplate.ush" 3566
"../../../Engine/Plugins/Runtime/HairStrands/Shaders/Private/NiagaraDataInterfaceVelocityGrid.ush" 3567
"../../../Engine/Plugins/Runtime/HairStrands/Shaders/Private/NiagaraDataInterfaceVelocityGridTemplate.ush" 3568
"../../../Engine/Plugins/Runtime/HairStrands/Shaders/Private/NiagaraDataInterfacePressureGrid.ush" 3569
"../../../Engine/Plugins/Runtime/HairStrands/Shaders/Private/NiagaraDataInterfacePressureGridTemplate.ush" 3570
"../../../Engine/Plugins/FX/Niagara/Shaders/Private/NiagaraDataInterfaceRenderTarget2DTemplate.ush" 3571
"../../../Engine/Plugins/FX/Niagara/Shaders/Private/NiagaraDataInterfaceRenderTarget2DArrayTemplate.ush" 3572
"../../../Engine/Plugins/FX/Niagara/Shaders/Private/NiagaraDataInterfaceRenderTargetCubeTemplate.ush" 3573
"../../../Engine/Plugins/FX/Niagara/Shaders/Private/NiagaraDataInterfaceRenderTargetVolumeTemplate.ush" 3574
"../../../Engine/Plugins/FX/Niagara/Shaders/Private/NiagaraDataInterfaceRigidMeshCollisionQuery.ush" 3575
"../../../Engine/Plugins/FX/Niagara/Shaders/Private/NiagaraDistanceFieldQueries.ush" 3576
"../../../Engine/Plugins/FX/Niagara/Shaders/Private/NiagaraDataInterfaceSceneCapture2DTemplate.ush" 3577
"../../../Engine/Plugins/FX/Niagara/Shaders/Private/NiagaraDataInterfaceSimCacheReaderTemplate.ush" 3578
"../../../Engine/Plugins/FX/Niagara/Shaders/Private/NiagaraDataInterfaceSimpleCounterTemplate.ush" 3579
"../../../Engine/Plugins/FX/Niagara/Shaders/Private/NiagaraDataInterfaceSkeletalMesh.ush" 3580
"../../../Engine/Plugins/FX/Niagara/Shaders/Private/NiagaraBaryCentricUtils.ush" 3581
"../../../Engine/Plugins/FX/Niagara/Shaders/Private/NiagaraDataInterfaceSkeletalMeshTemplate.ush" 3582
"../../../Engine/Plugins/FX/Niagara/Shaders/Private/NiagaraDataInterfaceSocketReaderTemplate.ush" 3583
"../../../Engine/Plugins/FX/Niagara/Shaders/Private/NiagaraDataInterfaceSparseVolumeTextureTemplate.ush" 3584
"../../../Engine/Plugins/FX/Niagara/Shaders/Private/NiagaraDataInterfaceSplineTemplate.ush" 3585
"../../../Engine/Plugins/FX/Niagara/Shaders/Private/NiagaraDataInterfaceSpriteRendererInfoTemplate.ush" 3586
"../../../Engine/Plugins/FX/Niagara/Shaders/Private/NiagaraDataInterfaceStaticMeshTemplate.ush" 3587
"../../../Engine/Plugins/FX/Niagara/Shaders/Private/NiagaraDataInterfaceTextureTemplate.ush" 3588
"../../../Engine/Plugins/FX/Niagara/Shaders/Private/NiagaraDataInterfaceVirtualTexture.ush" 3589
"../../../Engine/Plugins/FX/Niagara/Shaders/Private/NiagaraDataInterfaceVirtualTextureTemplate.ush" 3590
"../../../Engine/Plugins/FX/Niagara/Shaders/Private/NiagaraDataInterfaceVolumeCache.ush" 3591
"../../../Engine/Plugins/FX/Niagara/Shaders/Private/NiagaraDataInterfaceVolumeTextureTemplate.ush" 3592
"C:/Users/symbi/Documents/School Stuff/LvlDesign2/Project2/Emily/LvlDesign02_TeamLuminous_Project02/Content/LevelPrototyping/LevelPrototypes/TeamFolderRenameWhatYouWant/_GENERATED/prana/Boolean_E58C71EC.uasset" 3593
"C:/Users/symbi/Documents/School Stuff/LvlDesign2/Project2/Emily/LvlDesign02_TeamLuminous_Project02/Content/LevelPrototyping/LevelPrototypes/TeamFolderRenameWhatYouWant/_GENERATED/symbi/Combined_4E48C81F.uasset" 3594
"C:/Users/symbi/Documents/School Stuff/LvlDesign2/Project2/Emily/LvlDesign02_TeamLuminous_Project02/Content/LevelPrototyping/LevelPrototypes/TeamFolderRenameWhatYouWant/_GENERATED/symbi/Combined_78DBCCA1.uasset" 3595
"C:/Users/symbi/Documents/School Stuff/LvlDesign2/Project2/Emily/LvlDesign02_TeamLuminous_Project02/Content/LevelPrototyping/LevelPrototypes/TeamFolderRenameWhatYouWant/_GENERATED/the9t/Combined_74BAA8E2.uasset" 3596
"C:/Users/symbi/Documents/School Stuff/LvlDesign2/Project2/Emily/LvlDesign02_TeamLuminous_Project02/Content/LevelPrototyping/LevelPrototypes/TeamFolderRenameWhatYouWant/_GENERATED/symbi/Combined_DEEE76D6.uasset" 3597
"C:/Users/symbi/Documents/School Stuff/LvlDesign2/Project2/Emily/LvlDesign02_TeamLuminous_Project02/Content/LevelPrototyping/LevelPrototypes/TeamFolderRenameWhatYouWant/_GENERATED/the9t/Combined_B4D88DC1.uasset" 3598
"C:/Users/symbi/Documents/School Stuff/LvlDesign2/Project2/Emily/LvlDesign02_TeamLuminous_Project02/Content/LevelPrototyping/LevelPrototypes/TeamFolderRenameWhatYouWant/_GENERATED/the9t/Combined_5151295E.uasset" 3599
"C:/Users/symbi/Documents/School Stuff/LvlDesign2/Project2/Emily/LvlDesign02_TeamLuminous_Project02/Content/LevelPrototyping/LevelPrototypes/TeamFolderRenameWhatYouWant/_GENERATED/the9t/Box_35C2C2DB.uasset" 3600
"C:/Users/symbi/Documents/School Stuff/LvlDesign2/Project2/Emily/LvlDesign02_TeamLuminous_Project02/Content/LevelPrototyping/LevelPrototypes/TeamFolderRenameWhatYouWant/_GENERATED/the9t/Combined124_286C959C.uasset" 3601
"/Game/LevelPrototyping/LevelPrototypes/TeamFolderRenameWhatYouWant/_GENERATED/symbi/Combined_4E48C81F" 3602
"../../../Engine/Plugins/Interchange/Assets/Content/gltf/MaterialBodies/MF_Default_Body.uasset" 3603
"C:/Users/symbi/Documents/School Stuff/LvlDesign2/Project2/Emily/LvlDesign02_TeamLuminous_Project02/Content/LevelPrototyping/LevelPrototypes/TeamFolder(RenameWhatYouWant)/_GENERATED/jordanandrews/Box_0DFC112D.uasset" 3604
"C:/Users/symbi/Documents/School Stuff/LvlDesign2/Project2/Emily/LvlDesign02_TeamLuminous_Project02/Content/LevelPrototyping/LevelPrototypes/TeamFolderRenameWhatYouWant/_GENERATED/jordanandrews/Box_CB07004A.uasset" 3605
"C:/Users/symbi/Documents/School Stuff/LvlDesign2/Project2/Emily/LvlDesign02_TeamLuminous_Project02/Content/Fab/Free_Pack_-_Rocks_Stylized/free_pack_rocks_stylized/Textures/free_pack_rocks_stylized_texture_0.uasset" 3606
"C:/Users/symbi/Documents/School Stuff/LvlDesign2/Project2/Emily/LvlDesign02_TeamLuminous_Project02/Content/LevelPrototyping/LevelPrototypes/TeamFolder(RenameWhatYouWant)/_GENERATED/prana/Sphere_BECE814B.uasset" 3607
"../../../Engine/Plugins/Interchange/Assets/Content/gltf/Textures/T_Anisotropy_Direction_Linear.uasset" 3608
"../../../Engine/Plugins/Interchange/Assets/Content/gltf/MaterialFunctions/MF_Emissive.uasset" 3609
"../../../Engine/Plugins/Interchange/Assets/Content/gltf/MaterialFunctions/MF_SpecularAnisotropy.uasset" 3610
"../../../Engine/Plugins/Interchange/Assets/Content/gltf/MaterialFunctions/MF_Specular.uasset" 3611
"C:/Users/symbi/Documents/School Stuff/LvlDesign2/Project2/Emily/LvlDesign02_TeamLuminous_Project02/Content/LevelPrototyping/LevelPrototypes/TeamFolderRenameWhatYouWant/_GENERATED/jordanandrews/Box_CAEAE977.uasset" 3612
"../../../Engine/Plugins/Interchange/Assets/Content/gltf/MaterialFunctions/MF_RotateNormals_TS.uasset" 3613
"../../../Engine/Plugins/Interchange/Assets/Content/gltf/MaterialFunctions/MF_Normals.uasset" 3614
"C:/Users/symbi/Documents/School Stuff/LvlDesign2/Project2/Emily/LvlDesign02_TeamLuminous_Project02/Content/LevelPrototyping/LevelPrototypes/TeamFolderRenameWhatYouWant/_GENERATED/jordanandrews/Sphere_48BCE906.uasset" 3615
"../../../Engine/Plugins/Interchange/Assets/Content/gltf/MaterialFunctions/MF_MetallicRoughness.uasset" 3616
"C:/Users/symbi/Documents/School Stuff/LvlDesign2/Project2/Emily/LvlDesign02_TeamLuminous_Project02/Content/LevelPrototyping/LevelPrototypes/TeamFolderRenameWhatYouWant/_GENERATED/jordanandrews/Merge_6DB51D1D.uasset" 3617
"../../../Engine/Plugins/Interchange/Assets/Content/gltf/MaterialFunctions/MF_Occlusion.uasset" 3618
"../../../Engine/Plugins/Interchange/Assets/Content/gltf/Textures/T_Generic_N.uasset" 3619
"../../../Engine/Plugins/Interchange/Assets/Content/gltf/MaterialFunctions/MF_ScaleNormal.uasset" 3620
"../../../Engine/Plugins/Interchange/Assets/Content/Functions/MF_IridescenceNoLUT.uasset" 3621
"../../../Engine/Plugins/Interchange/Assets/Content/gltf/Textures/T_White_Linear.uasset" 3622
"../../../Engine/Plugins/Interchange/Assets/Content/gltf/MaterialFunctions/MF_Iridescence.uasset" 3623
"../../../Engine/Plugins/Interchange/Assets/Content/gltf/MaterialFunctions/MF_IOR.uasset" 3624
"../../../Engine/Plugins/Interchange/Assets/Content/gltf/MaterialFunctions/MF_TransformUVs.uasset" 3625
"C:/Users/symbi/Documents/School Stuff/LvlDesign2/Project2/Emily/LvlDesign02_TeamLuminous_Project02/Content/LevelPrototyping/Materials/Custom/M_Solid.uasset" 3626
"C:/Users/symbi/Documents/School Stuff/LvlDesign2/Project2/Emily/LvlDesign02_TeamLuminous_Project02/Content/LevelPrototyping/Materials/Custom/M_Solid_stairs.uasset" 3627
"/Game/LevelPrototyping/LevelPrototypes/TeamFolderRenameWhatYouWant/_GENERATED/symbi/Combined_78DBCCA1" 3628
"/Game/LevelPrototyping/LevelPrototypes/TeamFolderRenameWhatYouWant/_GENERATED/symbi/Combined_DEEE76D6" 3629
"/Game/LevelPrototyping/LevelPrototypes/TeamFolderRenameWhatYouWant/_GENERATED/the9t/Combined_5151295E" 3630
"C:/Users/symbi/Documents/School Stuff/LvlDesign2/Project2/Emily/LvlDesign02_TeamLuminous_Project02/Content/Fab/Free_Pack_-_Rocks_Stylized/free_pack_rocks_stylized/Materials/RocksStylized_M.uasset" 3631
"../../Plugins/Interchange/Assets/Content/gltf/MaterialInstances/MI_Default_Opaque_DS.uasset" 3632
"../../Plugins/Interchange/Assets/Content/gltf/M_Default.uasset" 3633
"../../../Engine/Content/Functions/Engine_MaterialFunctions03/Math/RemapValueRange.uasset" 3634
"../../Plugins/Interchange/Assets/Content/Functions/MF_Iridescence.uasset" 3635
"../../Plugins/Interchange/Assets/Content/gltf/MaterialBodies/MF_Default_Body.uasset" 3636
"../../Plugins/Interchange/Assets/Content/gltf/MaterialFunctions/MF_BaseColor.uasset" 3637
"../../Plugins/Interchange/Assets/Content/gltf/MaterialFunctions/MF_Emissive.uasset" 3638
"../../Plugins/Interchange/Assets/Content/gltf/MaterialFunctions/MF_IOR.uasset" 3639
"../../Plugins/Interchange/Assets/Content/gltf/MaterialFunctions/MF_Iridescence.uasset" 3640
"../../Plugins/Interchange/Assets/Content/gltf/MaterialFunctions/MF_MetallicRoughness.uasset" 3641
"../../Plugins/Interchange/Assets/Content/gltf/MaterialFunctions/MF_Normals.uasset" 3642
"../../Plugins/Interchange/Assets/Content/gltf/MaterialFunctions/MF_Occlusion.uasset" 3643
"../../Plugins/Interchange/Assets/Content/gltf/MaterialFunctions/MF_RotateNormals_TS.uasset" 3644
"../../Plugins/Interchange/Assets/Content/gltf/MaterialFunctions/MF_RotateV2.uasset" 3645
"../../Plugins/Interchange/Assets/Content/gltf/MaterialFunctions/MF_ScaleNormal.uasset" 3646
"../../Plugins/Interchange/Assets/Content/gltf/MaterialFunctions/MF_Specular.uasset" 3647
"../../Plugins/Interchange/Assets/Content/gltf/MaterialFunctions/MF_SpecularAnisotropy.uasset" 3648
"../../Plugins/Interchange/Assets/Content/gltf/MaterialFunctions/MF_TransformUVs.uasset" 3649
"../../Plugins/Interchange/Assets/Content/gltf/Textures/T_Anisotropy_Direction_Linear.uasset" 3650
"../../Plugins/Interchange/Assets/Content/gltf/Textures/T_Generic_N.uasset" 3651
"../../Plugins/Interchange/Assets/Content/gltf/Textures/T_White_Linear.uasset" 3652
"../../Plugins/Interchange/Assets/Content/gltf/Textures/T_White_srgb.uasset" 3653
"../../Plugins/Interchange/Assets/Content/Utilities/New_LUT.uasset" 3654
"../../Plugins/Interchange/Assets/Content/Functions/MF_IridescenceNoLUT.uasset" 3655
"/Game/LevelPrototyping/LevelPrototypes/TeamFolderRenameWhatYouWant/_GENERATED/the9t/Combined_B4D88DC1" 3656
"/Game/LevelPrototyping/LevelPrototypes/TeamFolderRenameWhatYouWant/_GENERATED/prana/Boolean_E58C71EC" 3657
"/Game/LevelPrototyping/LevelPrototypes/TeamFolderRenameWhatYouWant/_GENERATED/the9t/Box_35C2C2DB" 3658
"C:/Users/symbi/Documents/School Stuff/LvlDesign2/Project2/Emily/LvlDesign02_TeamLuminous_Project02/Content/Variant_Shooter/Sounds/Luminous_Custom/LevelAmbient_Sound.uasset" 3659
"C:/Users/symbi/Documents/School Stuff/LvlDesign2/Project2/Emily/LvlDesign02_TeamLuminous_Project02/Content/LevelPrototyping/Materials/Custom/M_Solid_CavePillars.uasset" 3660
"C:/Users/symbi/Documents/School Stuff/LvlDesign2/Project2/Emily/LvlDesign02_TeamLuminous_Project02/Content/LevelPrototyping/Materials/Custom/M_Solid_buidlings.uasset" 3661
"C:/Users/symbi/Documents/School Stuff/LvlDesign2/Project2/Emily/LvlDesign02_TeamLuminous_Project02/Content/LevelPrototyping/Materials/Custom/M_Solid_Landscape.uasset" 3662
"C:/Users/symbi/Documents/School Stuff/LvlDesign2/Project2/Emily/LvlDesign02_TeamLuminous_Project02/Content/LevelPrototyping/LevelPrototypes/TeamFolder(RenameWhatYouWant)/_GENERATED/symbi/Cylinder_F3AE36C0.uasset" 3663
"C:/Users/symbi/Documents/School Stuff/LvlDesign2/Project2/Emily/LvlDesign02_TeamLuminous_Project02/Content/LevelPrototyping/LevelPrototypes/TeamFolder(RenameWhatYouWant)/_GENERATED/symbi/Sphere_C3035385.uasset" 3664
"../../../Engine/Content/Functions/Engine_MaterialFunctions01/Units/Km-to-Cm.uasset" 3665
"/Game/LevelPrototyping/LevelPrototypes/TeamFolderRenameWhatYouWant/_GENERATED/jordanandrews/Box_CB07004A" 3666
"/Game/LevelPrototyping/LevelPrototypes/TeamFolderRenameWhatYouWant/_GENERATED/jordanandrews/Sphere_48BCE906" 3667
"/Game/LevelPrototyping/LevelPrototypes/TeamFolderRenameWhatYouWant/_GENERATED/jordanandrews/Merge_6DB51D1D" 3668
"/Game/LevelPrototyping/LevelPrototypes/TeamFolderRenameWhatYouWant/_GENERATED/the9t/Combined_74BAA8E2" 3669
"/Game/LevelPrototyping/LevelPrototypes/TeamFolderRenameWhatYouWant/_GENERATED/the9t/Combined124_286C959C" 3670
"/Game/LevelPrototyping/LevelPrototypes/TeamFolderRenameWhatYouWant/_GENERATED/jordanandrews/Box_CAEAE977" 3671
"/Game/LevelPrototyping/LevelPrototypes/TeamFolder(RenameWhatYouWant)/_GENERATED/jordanandrews/Box_0DFC112D" 3672
"/Game/LevelPrototyping/LevelPrototypes/TeamFolder(RenameWhatYouWant)/_GENERATED/prana/Sphere_BECE814B" 3673
"/Game/LevelPrototyping/LevelPrototypes/TeamFolder(RenameWhatYouWant)/_GENERATED/symbi/Sphere_C3035385" 3674
"/Game/LevelPrototyping/LevelPrototypes/TeamFolder(RenameWhatYouWant)/_GENERATED/symbi/Cylinder_F3AE36C0" 3675
"/Game/LevelPrototyping/Materials/Custom/M_Solid_buidlings" 3676
"/Game/LevelPrototyping/Materials/Custom/M_Solid_CavePillars" 3677
"/Game/LevelPrototyping/Materials/Custom/M_Solid_Landscape" 3678
"/Game/Variant_Shooter/Sounds/Luminous_Custom/LevelAmbient_Sound" 3679
"/Engine/Functions/Engine_MaterialFunctions01/Units/Km-to-Cm" 3680
"../../../Engine/Content/Functions/Engine_MaterialFunctions02/Utility/BreakOutFloat4Components.uasset" 3681
"../../../Engine/Content/EngineSky/VolumetricClouds/m_SimpleVolumetricCloud.uasset" 3682
"../../../Engine/Content/EngineSky/VolumetricClouds/VT_Lightning.uasset" 3683
"../../../Engine/Content/EngineSky/VolumetricClouds/T_CloudPattern.uasset" 3684
"../../../Engine/Content/EngineSky/VolumetricClouds/T_Profile_08.uasset" 3685
"../../../Engine/Content/EngineSky/VolumetricClouds/T_CloudMask.uasset" 3686
"/Engine/Functions/Engine_MaterialFunctions02/Utility/BreakOutFloat4Components" 3687
"../../../Engine/Content/Functions/Engine_MaterialFunctions02/Utility/MakeFloat4.uasset" 3688
"../../../Engine/Content/EngineSky/VolumetricClouds/VT_PerlinWorley_Balanced.uasset" 3689
"../../../Engine/Plugins/Enterprise/DatasmithContent/Content/Materials/FBXImporter/DeltaGenBase.uasset" 3690
"../../../Engine/Content/EngineSky/VolumetricClouds/m_SimpleVolumetricCloud_Inst.uasset" 3691
"../../../Engine/Plugins/Enterprise/DatasmithContent/Content/Materials/FBXImporter/DeltaGenUVEdit.uasset" 3692
"../../../Engine/Content/Functions/Engine_MaterialFunctions02/Texturing/HeightLerpWithTwoHeightMaps.uasset" 3693
"../../../Engine/Content/Functions/Engine_MaterialFunctions02/WorldAlignedNormals_HighQuality.uasset" 3694
"../../../Engine/Content/Functions/Engine_MaterialFunctions01/ImageAdjustment/CheapContrast.uasset" 3695
"../../../Engine/Content/Functions/Engine_MaterialFunctions02/Texturing/WorldAlignedTextures_Complex.uasset" 3696
"../../../Engine/Content/Functions/Engine_MaterialFunctions01/Gradient/LinearGradient.uasset" 3697
"../../../Engine/Content/Functions/Engine_MaterialFunctions02/Math/CreateThirdOrthogonalVector.uasset" 3698
"../../../Engine/Content/Functions/Engine_MaterialFunctions01/Texturing/FlattenNormal.uasset" 3699
"../../../Engine/Content/Functions/Engine_MaterialFunctions02/Texturing/CustomRotator.uasset" 3700
"../../../Engine/Content/EngineMaterials/DefaultNormal.uasset" 3701
"../../../Engine/Content/EngineMaterials/DefaultNormal_Uncompressed.uasset" 3702
"../../../Engine/Plugins/FX/Niagara/Content/DynamicInputs/UniformRange/V2/RandomRangeFloat.uasset" 3703
"../../../Engine/Plugins/FX/Niagara/Content/DynamicInputs/ValueFromCurve/FloatFromCurve.uasset" 3704
"../../../Engine/Plugins/FX/Niagara/Content/Functions/Rotation/RotateVector2D.uasset" 3705
"../../../Engine/Plugins/Enterprise/DatasmithContent/Content/Materials/FBXImporter/DeltaGenReferenceClearCoat.uasset" 3706
"../../../Engine/Plugins/FX/Niagara/Content/Functions/V2/RemapRange.uasset" 3707
"../../../Engine/Plugins/FX/Niagara/Content/Enums/Location/ENiagaraRingDiscMode.uasset" 3708
"../../../Engine/Plugins/FX/Niagara/Content/Enums/Location/ENiagara_LocationShapes.uasset" 3709
"../../../Engine/Plugins/FX/Niagara/Content/Enums/Location/ENiagara_ConeMode.uasset" 3710
"../../../Engine/Plugins/FX/Niagara/Content/Enums/Transforms/ENiagara_TransformOrder.uasset" 3711
"../../../Engine/Plugins/FX/Niagara/Content/Enums/Location/ENiagara_BoxPlaneMode.uasset" 3712
"../../../Engine/Plugins/FX/Niagara/Content/Enums/Transforms/ENiagara_TransformType.uasset" 3713
"../../../Engine/Plugins/FX/Niagara/Content/Enums/Transforms/ENiagara_ScaleMode.uasset" 3714
"/Niagara/Enums/Transforms/ENiagara_TransformOrder" 3715
"/Niagara/Enums/Transforms/ENiagara_TransformType" 3716
"/Niagara/Enums/Location/ENiagara_BoxPlaneMode" 3717
"/Niagara/Enums/Location/ENiagara_ConeMode" 3718
"/Niagara/Enums/Location/ENiagara_LocationShapes" 3719
"/Niagara/Enums/Location/ENiagaraRingDiscMode" 3720
"/Niagara/Functions/V2/RemapRange" 3721
"/Niagara/Functions/Rotation/RotateVector2D" 3722
"/Niagara/DynamicInputs/ValueFromCurve/FloatFromCurve" 3723
"/Niagara/DynamicInputs/UniformRange/V2/RandomRangeFloat" 3724
"../../Plugins/FX/Niagara/Content/Functions/V2/CalculateRandomRangeFloat.uasset" 3725
"../../Plugins/FX/Niagara/Content/Enums/ENiagaraRandomnessEvaluation.uasset" 3726
"../../Plugins/FX/Niagara/Content/Enums/ENiagaraRandomnessMode.uasset" 3727
"/DatasmithContent/Materials/FBXImporter/DeltaGenReferenceClearCoat" 3728
"/Engine/EngineSky/VolumetricClouds/m_SimpleVolumetricCloud_Inst" 3729
"../../../Engine/Plugins/FX/Niagara/Content/Enums/Transforms/ENiagara_OffsetMode.uasset" 3730
"../../../Engine/Plugins/FX/Niagara/Content/Functions/Localspace/TransformPosition.uasset" 3731
"../../../Engine/Plugins/FX/Niagara/Content/Enums/Location/ENiagara_CylinderMode.uasset" 3732
"../../../Engine/Plugins/FX/Niagara/Content/Functions/ParametricTorus.uasset" 3733
"/Niagara/Enums/Transforms/ENiagara_ScaleMode" 3734
"../../../Engine/Plugins/FX/Niagara/Content/Functions/IsolateLongestVectorComponent.uasset" 3735
"../../../Engine/Plugins/FX/Niagara/Content/Enums/ENiagaraExpansionMode.uasset" 3736
"../../../Engine/Plugins/FX/Niagara/Content/Modules/Spawn/Location/V2/ShapeLocation.uasset" 3737
"../../../Engine/Plugins/FX/Niagara/Content/Functions/PolarToCartesianCoordinates.uasset" 3738
"../../../Engine/Plugins/FX/Niagara/Content/Functions/ParametricTorusKnot.uasset" 3739
"../../../Engine/Plugins/FX/Niagara/Content/Modules/Update/Forces/GravityForce.uasset" 3740
"../../../Engine/Plugins/FX/Niagara/Content/Modules/Update/Color/ScaleColor.uasset" 3741
"../../../Engine/Plugins/FX/Niagara/Content/Modules/Update/Forces/Drag.uasset" 3742
"../../../Engine/Plugins/FX/Niagara/Content/Functions/SphericalToCartesianCoordinates.uasset" 3743
"../../../Engine/Plugins/FX/Niagara/Content/Enums/ENiagaraSphereDistributionMode.uasset" 3744
"../../../Engine/Plugins/FX/Niagara/Content/Enums/ENiagaraShapeTorusMode.uasset" 3745
"C:/Users/symbi/Documents/School Stuff/LvlDesign2/Project2/Emily/LvlDesign02_TeamLuminous_Project02/Content/LevelPrototyping/Particles/Fountain.uasset" 3746
"../../../Engine/Plugins/FX/Niagara/Content/Enums/ENiagaraScaleColorMode.uasset" 3747
"/Niagara/Enums/ENiagaraSphereDistributionMode" 3748
"C:/Users/symbi/Documents/School Stuff/LvlDesign2/Project2/Emily/LvlDesign02_TeamLuminous_Project02/Content/LevelPrototyping/ActorBlueprints/BP_Barrier.uasset" 3749
"C:/Users/symbi/Documents/School Stuff/LvlDesign2/Project2/Emily/LvlDesign02_TeamLuminous_Project02/Content/Variant_Shooter/Blueprints/SpawnLocators/RedRespawnLocation_Child.uasset" 3750
"C:/Users/symbi/Documents/School Stuff/LvlDesign2/Project2/Emily/LvlDesign02_TeamLuminous_Project02/Content/Variant_Shooter/Blueprints/SpawnLocators/RespawnLocation.uasset" 3751
"C:/Users/symbi/Documents/School Stuff/LvlDesign2/Project2/Emily/LvlDesign02_TeamLuminous_Project02/Content/LevelPrototyping/Sequences/Opening_Cinematic.uasset" 3752
"C:/Users/symbi/Documents/School Stuff/LvlDesign2/Project2/Emily/LvlDesign02_TeamLuminous_Project02/Content/Variant_Shooter/Blueprints/SpawnLocators/BlueRespawnLocation_Child.uasset" 3753
"../../../Engine/Plugins/FX/Niagara/Content/Functions/NormalizedExecutionIndex.uasset" 3754
"C:/Users/symbi/Documents/School Stuff/LvlDesign2/Project2/Emily/LvlDesign02_TeamLuminous_Project02/Content/Variant_Shooter/UI/HUD_Shooter.uasset" 3755
"C:/Users/symbi/Documents/School Stuff/LvlDesign2/Project2/Emily/LvlDesign02_TeamLuminous_Project02/Content/Variant_Shooter/Input/IMC_Weapons.uasset" 3756
"../../../Engine/Plugins/FX/Niagara/Content/Functions/RandomPointInBox.uasset" 3757
"C:/Users/symbi/Documents/School Stuff/LvlDesign2/Project2/Emily/LvlDesign02_TeamLuminous_Project02/Content/Variant_Shooter/UI/UI_Shooter.uasset" 3758
"../../../Engine/Plugins/FX/Niagara/Content/Enums/ENiagaraTorusDistributionMode.uasset" 3759
"../../../Engine/Plugins/FX/Niagara/Content/Enums/ENiagara_AttributeSamplingApplyOutput.uasset" 3760
"C:/Users/symbi/Documents/School Stuff/LvlDesign2/Project2/Emily/LvlDesign02_TeamLuminous_Project02/Content/Characters/Mannequins/Materials/Manny/MI_Manny_01_Blue.uasset" 3761
"/Niagara/Enums/ENiagaraShapeTorusMode" 3762
"C:/Users/symbi/Documents/School Stuff/LvlDesign2/Project2/Emily/LvlDesign02_TeamLuminous_Project02/Content/Characters/Mannequins/Materials/Manny/MI_Manny_02_Blue.uasset" 3763
"C:/Users/symbi/Documents/School Stuff/LvlDesign2/Project2/Emily/LvlDesign02_TeamLuminous_Project02/Content/Variant_Shooter/Blueprints/BP_ShooterCharacter_Blue_Child.uasset" 3764
"/Niagara/Modules/Update/Forces/GravityForce" 3765
"../../Plugins/FX/Niagara/Content/Functions/Localspace/TransformVector.uasset" 3766
"../../Plugins/FX/Niagara/Content/Functions/Localspace/TransformBase.uasset" 3767
"/Niagara/Modules/Update/Forces/Drag" 3768
"/Niagara/Enums/ENiagaraExpansionMode" 3769
"/Niagara/Functions/SphericalToCartesianCoordinates" 3770
"/Niagara/Functions/PolarToCartesianCoordinates" 3771
"/Niagara/Functions/IsolateLongestVectorComponent" 3772
"/Niagara/Functions/Localspace/TransformPosition" 3773
"/Niagara/Functions/ParametricTorusKnot" 3774
"/Niagara/Functions/ParametricTorus" 3775
"/Niagara/Enums/Transforms/ENiagara_OffsetMode" 3776
"/Game/Variant_Shooter/Blueprints/BP_ShooterCharacter_Blue_Child" 3777
"C:/Users/symbi/Documents/School Stuff/LvlDesign2/Project2/Emily/LvlDesign02_TeamLuminous_Project02/Content/Characters/Mannequins/Materials/Manny/MI_Manny_01_Red.uasset" 3778
"C:/Users/symbi/Documents/School Stuff/LvlDesign2/Project2/Emily/LvlDesign02_TeamLuminous_Project02/Content/Weapons/Pistol/Meshes/PA_Pistol.uasset" 3779
"C:/Users/symbi/Documents/School Stuff/LvlDesign2/Project2/Emily/LvlDesign02_TeamLuminous_Project02/Content/FirstPerson/Blueprints/BP_FirstPersonPlayerController.uasset" 3780
"C:/Users/symbi/Documents/School Stuff/LvlDesign2/Project2/Emily/LvlDesign02_TeamLuminous_Project02/Content/Variant_Shooter/Blueprints/Pickups/Projectiles/BP_Pistol_Bullet_B.uasset" 3781
"C:/Users/symbi/Documents/School Stuff/LvlDesign2/Project2/Emily/LvlDesign02_TeamLuminous_Project02/Content/Characters/Mannequins/Materials/Manny/MI_Manny_02_Red.uasset" 3782
"C:/Users/symbi/Documents/School Stuff/LvlDesign2/Project2/Emily/LvlDesign02_TeamLuminous_Project02/Content/Variant_Shooter/Blueprints/BP_ShooterCharacter_Red_Child.uasset" 3783
"C:/Users/symbi/Documents/School Stuff/LvlDesign2/Project2/Emily/LvlDesign02_TeamLuminous_Project02/Content/FirstPerson/Blueprints/BP_FirstPersonCameraManager.uasset" 3784
"C:/Users/symbi/Documents/School Stuff/LvlDesign2/Project2/Emily/LvlDesign02_TeamLuminous_Project02/Content/Characters/Mannequins/Anims/Pistol/MM_Pistol_Fire_Montage.uasset" 3785
"C:/Users/symbi/Documents/School Stuff/LvlDesign2/Project2/Emily/LvlDesign02_TeamLuminous_Project02/Content/Input/IMC_MouseLook.uasset" 3786
"C:/Users/symbi/Documents/School Stuff/LvlDesign2/Project2/Emily/LvlDesign02_TeamLuminous_Project02/Content/Weapons/Pistol/Meshes/SK_Pistol.uasset" 3787
"C:/Users/symbi/Documents/School Stuff/LvlDesign2/Project2/Emily/LvlDesign02_TeamLuminous_Project02/Content/Characters/Mannequins/Anims/Pistol/MM_Pistol_Fire.uasset" 3788
"C:/Users/symbi/Documents/School Stuff/LvlDesign2/Project2/Emily/LvlDesign02_TeamLuminous_Project02/Content/Weapons/Pistol/Textures/T_Pistol_AORM.uasset" 3789
"C:/Users/symbi/Documents/School Stuff/LvlDesign2/Project2/Emily/LvlDesign02_TeamLuminous_Project02/Content/Variant_Shooter/Blueprints/BP_ShooterCharacter.uasset" 3790
"C:/Users/symbi/Documents/School Stuff/LvlDesign2/Project2/Emily/LvlDesign02_TeamLuminous_Project02/Content/FirstPerson/Blueprints/BP_FirstPersonCharacter.uasset" 3791
"../../../Engine/Content/EditorBlueprintResources/StandardMacros.uasset" 3792
"C:/Users/symbi/Documents/School Stuff/LvlDesign2/Project2/Emily/LvlDesign02_TeamLuminous_Project02/Content/Variant_Shooter/Blueprints/BPI_Shooter.uasset" 3793
"C:/Users/symbi/Documents/School Stuff/LvlDesign2/Project2/Emily/LvlDesign02_TeamLuminous_Project02/Content/Variant_Shooter/Blueprints/Pickups/BP_ShooterWeaponBase.uasset" 3794
"C:/Users/symbi/Documents/School Stuff/LvlDesign2/Project2/Emily/LvlDesign02_TeamLuminous_Project02/Content/Variant_Shooter/Blueprints/Pickups/BPI_Pickups.uasset" 3795
"C:/Users/symbi/Documents/School Stuff/LvlDesign2/Project2/Emily/LvlDesign02_TeamLuminous_Project02/Content/Variant_Shooter/Blueprints/Pickups/BPI_WeaponHolder.uasset" 3796
"C:/Users/symbi/Documents/School Stuff/LvlDesign2/Project2/Emily/LvlDesign02_TeamLuminous_Project02/Content/Variant_Shooter/Blueprints/Pickups/Weapons/BP_ShooterWeapon_Pistol.uasset" 3797
"C:/Users/symbi/Documents/School Stuff/LvlDesign2/Project2/Emily/LvlDesign02_TeamLuminous_Project02/Content/Variant_Shooter/Input/BPI_Touch_Shooter.uasset" 3798
"C:/Users/symbi/Documents/School Stuff/LvlDesign2/Project2/Emily/LvlDesign02_TeamLuminous_Project02/Content/Variant_Shooter/Input/Actions/IA_ADS.uasset" 3799
"C:/Users/symbi/Documents/School Stuff/LvlDesign2/Project2/Emily/LvlDesign02_TeamLuminous_Project02/Content/Variant_Shooter/Input/Actions/IA_Reload.uasset" 3800
"C:/Users/symbi/Documents/School Stuff/LvlDesign2/Project2/Emily/LvlDesign02_TeamLuminous_Project02/Content/Variant_Shooter/Input/Actions/IA_Shoot.uasset" 3801
"C:/Users/symbi/Documents/School Stuff/LvlDesign2/Project2/Emily/LvlDesign02_TeamLuminous_Project02/Content/Variant_Shooter/Input/Actions/IA_SwapWeapon.uasset" 3802
"C:/Users/symbi/Documents/School Stuff/LvlDesign2/Project2/Emily/LvlDesign02_TeamLuminous_Project02/Content/Characters/Mannequins/Materials/Manny/MI_HitGlow_Test.uasset" 3803
"C:/Users/symbi/Documents/School Stuff/LvlDesign2/Project2/Emily/LvlDesign02_TeamLuminous_Project02/Content/Variant_Shooter/Input/UI_TouchInterface_Shooter.uasset" 3804
"C:/Users/symbi/Documents/School Stuff/LvlDesign2/Project2/Emily/LvlDesign02_TeamLuminous_Project02/Content/Variant_Shooter/Sounds/Luminous_Custom/Death_Sound.uasset" 3805
"C:/Users/symbi/Documents/School Stuff/LvlDesign2/Project2/Emily/LvlDesign02_TeamLuminous_Project02/Content/Characters/Mannequins/Anims/Unarmed/ABP_Unarmed.uasset" 3806
"C:/Users/symbi/Documents/School Stuff/LvlDesign2/Project2/Emily/LvlDesign02_TeamLuminous_Project02/Content/FirstPerson/Anims/ABP_FP_Copy.uasset" 3807
"C:/Users/symbi/Documents/School Stuff/LvlDesign2/Project2/Emily/LvlDesign02_TeamLuminous_Project02/Content/Input/Touch/BPI_TouchInterface.uasset" 3808
"C:/Users/symbi/Documents/School Stuff/LvlDesign2/Project2/Emily/LvlDesign02_TeamLuminous_Project02/Content/Input/Actions/IA_Jump.uasset" 3809
"C:/Users/symbi/Documents/School Stuff/LvlDesign2/Project2/Emily/LvlDesign02_TeamLuminous_Project02/Content/Input/Actions/IA_Look.uasset" 3810
"C:/Users/symbi/Documents/School Stuff/LvlDesign2/Project2/Emily/LvlDesign02_TeamLuminous_Project02/Content/Input/Actions/IA_MouseLook.uasset" 3811
"C:/Users/symbi/Documents/School Stuff/LvlDesign2/Project2/Emily/LvlDesign02_TeamLuminous_Project02/Content/Input/Actions/IA_Move.uasset" 3812
"C:/Users/symbi/Documents/School Stuff/LvlDesign2/Project2/Emily/LvlDesign02_TeamLuminous_Project02/Content/Input/Actions/IA_Sprint.uasset" 3813
"C:/Users/symbi/Documents/School Stuff/LvlDesign2/Project2/Emily/LvlDesign02_TeamLuminous_Project02/Content/Characters/Mannequins/Meshes/SKM_Manny_Simple.uasset" 3814
"C:/Users/symbi/Documents/School Stuff/LvlDesign2/Project2/Emily/LvlDesign02_TeamLuminous_Project02/Content/Input/Touch/UI_TouchSimple.uasset" 3815
"C:/Users/symbi/Documents/School Stuff/LvlDesign2/Project2/Emily/LvlDesign02_TeamLuminous_Project02/Content/Characters/Mannequins/Materials/M_Mannequin.uasset" 3816
"C:/Users/symbi/Documents/School Stuff/LvlDesign2/Project2/Emily/LvlDesign02_TeamLuminous_Project02/Content/Characters/Mannequins/Textures/Manny/T_Manny_01_BN.uasset" 3817
"C:/Users/symbi/Documents/School Stuff/LvlDesign2/Project2/Emily/LvlDesign02_TeamLuminous_Project02/Content/Characters/Mannequins/Textures/Manny/T_Manny_01_D.uasset" 3818
"C:/Users/symbi/Documents/School Stuff/LvlDesign2/Project2/Emily/LvlDesign02_TeamLuminous_Project02/Content/Characters/Mannequins/Textures/Manny/T_Manny_01_MRA.uasset" 3819
"C:/Users/symbi/Documents/School Stuff/LvlDesign2/Project2/Emily/LvlDesign02_TeamLuminous_Project02/Content/Characters/Mannequins/Materials/Manny/MI_Manny_01_New.uasset" 3820
"C:/Users/symbi/Documents/School Stuff/LvlDesign2/Project2/Emily/LvlDesign02_TeamLuminous_Project02/Content/Characters/Mannequins/Textures/Manny/T_Manny_02_BN.uasset" 3821
"C:/Users/symbi/Documents/School Stuff/LvlDesign2/Project2/Emily/LvlDesign02_TeamLuminous_Project02/Content/Characters/Mannequins/Textures/Manny/T_Manny_02_D.uasset" 3822
"C:/Users/symbi/Documents/School Stuff/LvlDesign2/Project2/Emily/LvlDesign02_TeamLuminous_Project02/Content/Characters/Mannequins/Textures/Manny/T_Manny_02_MRA.uasset" 3823
"C:/Users/symbi/Documents/School Stuff/LvlDesign2/Project2/Emily/LvlDesign02_TeamLuminous_Project02/Content/Variant_Shooter/Anims/ABP_FP_Weapon.uasset" 3824
"C:/Users/symbi/Documents/School Stuff/LvlDesign2/Project2/Emily/LvlDesign02_TeamLuminous_Project02/Content/Variant_Shooter/Anims/ABP_TP_Rifle.uasset" 3825
"C:/Users/symbi/Documents/School Stuff/LvlDesign2/Project2/Emily/LvlDesign02_TeamLuminous_Project02/Content/Variant_Shooter/Blueprints/Pickups/Projectiles/BP_ShooterProjectile_Bullet.uasset" 3826
"C:/Users/symbi/Documents/School Stuff/LvlDesign2/Project2/Emily/LvlDesign02_TeamLuminous_Project02/Content/Variant_Shooter/Blueprints/Pickups/Projectiles/BP_ShooterProjectileBase.uasset" 3827
"C:/Users/symbi/Documents/School Stuff/LvlDesign2/Project2/Emily/LvlDesign02_TeamLuminous_Project02/Content/Variant_Shooter/Sounds/DryFire_Sound.uasset" 3828
"C:/Users/symbi/Documents/School Stuff/LvlDesign2/Project2/Emily/LvlDesign02_TeamLuminous_Project02/Content/Variant_Shooter/Sounds/PistoShot_Sound.uasset" 3829
"C:/Users/symbi/Documents/School Stuff/LvlDesign2/Project2/Emily/LvlDesign02_TeamLuminous_Project02/Content/Variant_Shooter/Sounds/Reload_Sound.uasset" 3830
"C:/Users/symbi/Documents/School Stuff/LvlDesign2/Project2/Emily/LvlDesign02_TeamLuminous_Project02/Content/Variant_Shooter/Sounds/WeaponSwap_Sound_B.uasset" 3831
"C:/Users/symbi/Documents/School Stuff/LvlDesign2/Project2/Emily/LvlDesign02_TeamLuminous_Project02/Content/Weapons/Rifle/Meshes/SKM_Rifle.uasset" 3832
"C:/Users/symbi/Documents/School Stuff/LvlDesign2/Project2/Emily/LvlDesign02_TeamLuminous_Project02/Content/Variant_Shooter/Anims/ABP_FP_Pistol.uasset" 3833
"C:/Users/symbi/Documents/School Stuff/LvlDesign2/Project2/Emily/LvlDesign02_TeamLuminous_Project02/Content/Variant_Shooter/Anims/ABP_TP_Pistol.uasset" 3834
"C:/Users/symbi/Documents/School Stuff/LvlDesign2/Project2/Emily/LvlDesign02_TeamLuminous_Project02/Content/Variant_Shooter/Sounds/Luminous_Custom/PistolShot_Sound.uasset" 3835
"C:/Users/symbi/Documents/School Stuff/LvlDesign2/Project2/Emily/LvlDesign02_TeamLuminous_Project02/Content/Weapons/Pistol/Meshes/SKM_Pistol.uasset" 3836
"../../../Engine/Content/MobileResources/HUD/VirtualJoystick_Thumb.uasset" 3837
"C:/Users/symbi/Documents/School Stuff/LvlDesign2/Project2/Emily/LvlDesign02_TeamLuminous_Project02/Content/Input/Touch/UI_Thumbstick.uasset" 3838
"C:/Users/symbi/Documents/School Stuff/LvlDesign2/Project2/Emily/LvlDesign02_TeamLuminous_Project02/Content/Characters/Mannequins/Anims/Unarmed/Jump/MM_Fall_Loop.uasset" 3839
"C:/Users/symbi/Documents/School Stuff/LvlDesign2/Project2/Emily/LvlDesign02_TeamLuminous_Project02/Content/Characters/Mannequins/Anims/Unarmed/Jump/MM_Jump.uasset" 3840
"C:/Users/symbi/Documents/School Stuff/LvlDesign2/Project2/Emily/LvlDesign02_TeamLuminous_Project02/Content/Characters/Mannequins/Anims/Unarmed/Jump/MM_Land.uasset" 3841
"C:/Users/symbi/Documents/School Stuff/LvlDesign2/Project2/Emily/LvlDesign02_TeamLuminous_Project02/Content/Characters/Mannequins/Anims/Unarmed/MM_Idle.uasset" 3842
"C:/Users/symbi/Documents/School Stuff/LvlDesign2/Project2/Emily/LvlDesign02_TeamLuminous_Project02/Content/Characters/Mannequins/Anims/Unarmed/BS_Idle_Walk_Run.uasset" 3843
"C:/Users/symbi/Documents/School Stuff/LvlDesign2/Project2/Emily/LvlDesign02_TeamLuminous_Project02/Content/Characters/Mannequins/Rigs/CR_Mannequin_FootIK.uasset" 3844
"C:/Users/symbi/Documents/School Stuff/LvlDesign2/Project2/Emily/LvlDesign02_TeamLuminous_Project02/Content/Characters/Mannequins/Meshes/SK_Mannequin.uasset" 3845
"C:/Users/symbi/Documents/School Stuff/LvlDesign2/Project2/Emily/LvlDesign02_TeamLuminous_Project02/Content/FirstPerson/Anims/CtrlRig_FPWarp.uasset" 3846
"C:/Users/symbi/Documents/School Stuff/LvlDesign2/Project2/Emily/LvlDesign02_TeamLuminous_Project02/Content/Characters/Mannequins/Materials/Manny/MI_Manny_02_New.uasset" 3847
"C:/Users/symbi/Documents/School Stuff/LvlDesign2/Project2/Emily/LvlDesign02_TeamLuminous_Project02/Content/Characters/Mannequins/Rigs/PA_Mannequin.uasset" 3848
"C:/Users/symbi/Documents/School Stuff/LvlDesign2/Project2/Emily/LvlDesign02_TeamLuminous_Project02/Content/Characters/Mannequins/Textures/Shared/T_UE_Logo_M.uasset" 3849
"C:/Users/symbi/Documents/School Stuff/LvlDesign2/Project2/Emily/LvlDesign02_TeamLuminous_Project02/Content/Variant_Shooter/Anims/Ctrl_HandAdjusment.uasset" 3850
"C:/Users/symbi/Documents/School Stuff/LvlDesign2/Project2/Emily/LvlDesign02_TeamLuminous_Project02/Content/Characters/Mannequins/Anims/Rifle/AIM/AO_Rifle.uasset" 3851
"C:/Users/symbi/Documents/School Stuff/LvlDesign2/Project2/Emily/LvlDesign02_TeamLuminous_Project02/Content/Characters/Mannequins/Anims/Rifle/MF_Rifle_Idle_ADS.uasset" 3852
"C:/Users/symbi/Documents/School Stuff/LvlDesign2/Project2/Emily/LvlDesign02_TeamLuminous_Project02/Content/Variant_Shooter/Blueprints/Pickups/Projectiles/Meshes/SM_FoamBullet.uasset" 3853
"C:/Users/symbi/Documents/School Stuff/LvlDesign2/Project2/Emily/LvlDesign02_TeamLuminous_Project02/Content/FirstPerson/MI_FirstPersonColorway.uasset" 3854
"C:/Users/symbi/Documents/School Stuff/LvlDesign2/Project2/Emily/LvlDesign02_TeamLuminous_Project02/Content/Variant_Shooter/Blueprints/Pickups/Projectiles/FX/NSTrail_B.uasset" 3855
"C:/Users/symbi/Documents/School Stuff/LvlDesign2/Project2/Emily/LvlDesign02_TeamLuminous_Project02/Content/Weapons/GrenadeLauncher/Meshes/FirstPersonProjectileMesh.uasset" 3856
"C:/Users/symbi/Documents/School Stuff/LvlDesign2/Project2/Emily/LvlDesign02_TeamLuminous_Project02/Content/Weapons/Rifle/Materials/M_Rifle.uasset" 3857
"C:/Users/symbi/Documents/School Stuff/LvlDesign2/Project2/Emily/LvlDesign02_TeamLuminous_Project02/Content/Weapons/Rifle/Meshes/PA_Rifle.uasset" 3858
"C:/Users/symbi/Documents/School Stuff/LvlDesign2/Project2/Emily/LvlDesign02_TeamLuminous_Project02/Content/Weapons/Rifle/Meshes/SK_Rifle.uasset" 3859
"C:/Users/symbi/Documents/School Stuff/LvlDesign2/Project2/Emily/LvlDesign02_TeamLuminous_Project02/Content/Variant_Shooter/Anims/Ctrl_HandAdjusment_Pistol.uasset" 3860
"C:/Users/symbi/Documents/School Stuff/LvlDesign2/Project2/Emily/LvlDesign02_TeamLuminous_Project02/Content/Characters/Mannequins/Anims/Pistol/Aim/AO_Pistol.uasset" 3861
"C:/Users/symbi/Documents/School Stuff/LvlDesign2/Project2/Emily/LvlDesign02_TeamLuminous_Project02/Content/Characters/Mannequins/Anims/Pistol/MF_Pistol_Idle_ADS.uasset" 3862
"C:/Users/symbi/Documents/School Stuff/LvlDesign2/Project2/Emily/LvlDesign02_TeamLuminous_Project02/Content/Weapons/Pistol/Materials/MI_Weapon_Pistol.uasset" 3863
"../../../Engine/Content/MobileResources/HUD/VirtualJoystick_Background.uasset" 3864
"../../../Engine/Content/Animation/DefaultAnimBoneCompressionSettings.uasset" 3865
"../../../Engine/Content/Animation/DefaultAnimCurveCompressionSettings.uasset" 3866
"C:/Users/symbi/Documents/School Stuff/LvlDesign2/Project2/Emily/LvlDesign02_TeamLuminous_Project02/Content/Characters/Mannequins/Anims/Unarmed/Jog/MF_Unarmed_Jog_Bwd.uasset" 3867
"C:/Users/symbi/Documents/School Stuff/LvlDesign2/Project2/Emily/LvlDesign02_TeamLuminous_Project02/Content/Characters/Mannequins/Anims/Unarmed/Jog/MF_Unarmed_Jog_Bwd_Left.uasset" 3868
"C:/Users/symbi/Documents/School Stuff/LvlDesign2/Project2/Emily/LvlDesign02_TeamLuminous_Project02/Content/Characters/Mannequins/Anims/Unarmed/Jog/MF_Unarmed_Jog_Bwd_Right.uasset" 3869
"C:/Users/symbi/Documents/School Stuff/LvlDesign2/Project2/Emily/LvlDesign02_TeamLuminous_Project02/Content/Characters/Mannequins/Anims/Unarmed/Jog/MF_Unarmed_Jog_Fwd.uasset" 3870
"C:/Users/symbi/Documents/School Stuff/LvlDesign2/Project2/Emily/LvlDesign02_TeamLuminous_Project02/Content/Characters/Mannequins/Anims/Unarmed/Jog/MF_Unarmed_Jog_Fwd_Left.uasset" 3871
"C:/Users/symbi/Documents/School Stuff/LvlDesign2/Project2/Emily/LvlDesign02_TeamLuminous_Project02/Content/Characters/Mannequins/Anims/Unarmed/Jog/MF_Unarmed_Jog_Fwd_Right.uasset" 3872
"C:/Users/symbi/Documents/School Stuff/LvlDesign2/Project2/Emily/LvlDesign02_TeamLuminous_Project02/Content/Characters/Mannequins/Anims/Unarmed/Jog/MF_Unarmed_Jog_Left.uasset" 3873
"C:/Users/symbi/Documents/School Stuff/LvlDesign2/Project2/Emily/LvlDesign02_TeamLuminous_Project02/Content/Characters/Mannequins/Anims/Unarmed/Jog/MF_Unarmed_Jog_Right.uasset" 3874
"C:/Users/symbi/Documents/School Stuff/LvlDesign2/Project2/Emily/LvlDesign02_TeamLuminous_Project02/Content/Characters/Mannequins/Anims/Unarmed/Walk/MF_Unarmed_Walk_Bwd.uasset" 3875
"C:/Users/symbi/Documents/School Stuff/LvlDesign2/Project2/Emily/LvlDesign02_TeamLuminous_Project02/Content/Characters/Mannequins/Anims/Unarmed/Walk/MF_Unarmed_Walk_Bwd_Left.uasset" 3876
"C:/Users/symbi/Documents/School Stuff/LvlDesign2/Project2/Emily/LvlDesign02_TeamLuminous_Project02/Content/Characters/Mannequins/Anims/Unarmed/Walk/MF_Unarmed_Walk_Bwd_Right.uasset" 3877
"C:/Users/symbi/Documents/School Stuff/LvlDesign2/Project2/Emily/LvlDesign02_TeamLuminous_Project02/Content/Characters/Mannequins/Anims/Unarmed/Walk/MF_Unarmed_Walk_Fwd.uasset" 3878
"C:/Users/symbi/Documents/School Stuff/LvlDesign2/Project2/Emily/LvlDesign02_TeamLuminous_Project02/Content/Characters/Mannequins/Anims/Unarmed/Walk/MF_Unarmed_Walk_Fwd_Left.uasset" 3879
"C:/Users/symbi/Documents/School Stuff/LvlDesign2/Project2/Emily/LvlDesign02_TeamLuminous_Project02/Content/Characters/Mannequins/Anims/Unarmed/Walk/MF_Unarmed_Walk_Fwd_Right.uasset" 3880
"C:/Users/symbi/Documents/School Stuff/LvlDesign2/Project2/Emily/LvlDesign02_TeamLuminous_Project02/Content/Characters/Mannequins/Anims/Unarmed/Walk/MF_Unarmed_Walk_Left.uasset" 3881
"C:/Users/symbi/Documents/School Stuff/LvlDesign2/Project2/Emily/LvlDesign02_TeamLuminous_Project02/Content/Characters/Mannequins/Anims/Unarmed/Walk/MF_Unarmed_Walk_Right.uasset" 3882
"C:/Users/symbi/Documents/School Stuff/LvlDesign2/Project2/Emily/LvlDesign02_TeamLuminous_Project02/Content/Characters/Mannequins/Anims/Rifle/AIM/MM_Rifle_Idle_ADS_AO_CC.uasset" 3883
"C:/Users/symbi/Documents/School Stuff/LvlDesign2/Project2/Emily/LvlDesign02_TeamLuminous_Project02/Content/Characters/Mannequins/Anims/Rifle/AIM/MM_Rifle_Idle_ADS_AO_CD.uasset" 3884
"C:/Users/symbi/Documents/School Stuff/LvlDesign2/Project2/Emily/LvlDesign02_TeamLuminous_Project02/Content/Characters/Mannequins/Anims/Rifle/AIM/MM_Rifle_Idle_ADS_AO_CU.uasset" 3885
"C:/Users/symbi/Documents/School Stuff/LvlDesign2/Project2/Emily/LvlDesign02_TeamLuminous_Project02/Content/LevelPrototyping/Materials/MI_DefaultColorway.uasset" 3886
"../../Plugins/FX/Niagara/Content/DefaultAssets/DefaultRIbbonMaterial.uasset" 3887
"../../Plugins/FX/Niagara/Content/Modules/Emitter/EmitterState.uasset" 3888
"../../Plugins/FX/Niagara/Content/Modules/Emitter/SpawnRate.uasset" 3889
"../../Plugins/FX/Niagara/Content/Modules/Solvers/SolveForcesAndVelocity.uasset" 3890
"../../Plugins/FX/Niagara/Content/Modules/Spawn/Initialization/V2/InitializeParticle.uasset" 3891
"../../Plugins/FX/Niagara/Content/Modules/Spawn/Velocity/AddVelocity.uasset" 3892
"../../Plugins/FX/Niagara/Content/Modules/System/SystemState.uasset" 3893
"../../Plugins/FX/Niagara/Content/Modules/Update/Color/Color.uasset" 3894
"../../Plugins/FX/Niagara/Content/Modules/Update/Lifetime/ParticleState.uasset" 3895
"../../Plugins/FX/Niagara/Content/Enums/Angles/ENiagara_AngleInput.uasset" 3896
"../../Plugins/FX/Niagara/Content/Enums/ENiagara_ColorInitializationMode.uasset" 3897
"../../Plugins/FX/Niagara/Content/Enums/ENiagara_EmitterStateOptions.uasset" 3898
"../../Plugins/FX/Niagara/Content/Enums/ENiagara_InfiniteLoopDuration.uasset" 3899
"../../Plugins/FX/Niagara/Content/Enums/ENiagara_LifetimeMode.uasset" 3900
"../../Plugins/FX/Niagara/Content/Enums/ENiagara_MassInitializationMode.uasset" 3901
"../../Plugins/FX/Niagara/Content/Enums/ENiagara_PositionInitializationMode.uasset" 3902
"../../Plugins/FX/Niagara/Content/Enums/ENiagara_SizeScaleMode.uasset" 3903
"../../Plugins/FX/Niagara/Content/Enums/ENiagara_SpriteRotationMode.uasset" 3904
"../../Plugins/FX/Niagara/Content/Enums/ENiagara_UVFlippingMode.uasset" 3905
"../../Plugins/FX/Niagara/Content/Enums/ENiagaraChannelCorrelation.uasset" 3906
"../../Plugins/FX/Niagara/Content/Enums/ENiagaraEmitterLifeCycleMode.uasset" 3907
"../../Plugins/FX/Niagara/Content/Enums/ENiagaraEmitterScalabilityMode_Limited.uasset" 3908
"../../Plugins/FX/Niagara/Content/Enums/ENiagaraInactiveMode.uasset" 3909
"../../Plugins/FX/Niagara/Content/Enums/ENiagaraSystemInactiveMode.uasset" 3910
"../../Plugins/FX/Niagara/Content/Enums/Ribbons/ENiagara_UnsetDirectSet.uasset" 3911
"../../Plugins/FX/Niagara/Content/Enums/Ribbons/ENiagara_UnsetDirectSetRandom.uasset" 3912
"../../Plugins/FX/Niagara/Content/Enums/Transforms/ENiagara_RotationMode.uasset" 3913
"../../Plugins/FX/Niagara/Content/Enums/Utility/ENiagara_VelocityMode.uasset" 3914
"C:/Users/symbi/Documents/School Stuff/LvlDesign2/Project2/Emily/LvlDesign02_TeamLuminous_Project02/Content/Weapons/GrenadeLauncher/Materials/M_ProjectileBullet.uasset" 3915
"C:/Users/symbi/Documents/School Stuff/LvlDesign2/Project2/Emily/LvlDesign02_TeamLuminous_Project02/Content/Weapons/Rifle/Textures/T_Rifle_BC.uasset" 3916
"C:/Users/symbi/Documents/School Stuff/LvlDesign2/Project2/Emily/LvlDesign02_TeamLuminous_Project02/Content/Weapons/Rifle/Textures/T_Rifle_N.uasset" 3917
"C:/Users/symbi/Documents/School Stuff/LvlDesign2/Project2/Emily/LvlDesign02_TeamLuminous_Project02/Content/Characters/Mannequins/Anims/Pistol/Aim/MF_Pistol_Idle_ADS1.uasset" 3918
"C:/Users/symbi/Documents/School Stuff/LvlDesign2/Project2/Emily/LvlDesign02_TeamLuminous_Project02/Content/Characters/Mannequins/Anims/Pistol/Aim/MF_Pistol_Idle_ADS_AO_CD.uasset" 3919
"C:/Users/symbi/Documents/School Stuff/LvlDesign2/Project2/Emily/LvlDesign02_TeamLuminous_Project02/Content/Characters/Mannequins/Anims/Pistol/Aim/MF_Pistol_Idle_ADS_AO_CU.uasset" 3920
"C:/Users/symbi/Documents/School Stuff/LvlDesign2/Project2/Emily/LvlDesign02_TeamLuminous_Project02/Content/Weapons/Rifle/Materials/M_Weapon.uasset" 3921
"C:/Users/symbi/Documents/School Stuff/LvlDesign2/Project2/Emily/LvlDesign02_TeamLuminous_Project02/Content/Weapons/Pistol/Textures/T_Pistol_D.uasset" 3922
"C:/Users/symbi/Documents/School Stuff/LvlDesign2/Project2/Emily/LvlDesign02_TeamLuminous_Project02/Content/Weapons/Pistol/Textures/T_Pistol_Masks.uasset" 3923
"C:/Users/symbi/Documents/School Stuff/LvlDesign2/Project2/Emily/LvlDesign02_TeamLuminous_Project02/Content/Weapons/Pistol/Textures/T_Pistol_N.uasset" 3924
"C:/Users/symbi/Documents/School Stuff/LvlDesign2/Project2/Emily/LvlDesign02_TeamLuminous_Project02/Content/LevelPrototyping/Materials/M_FlatCol.uasset" 3925
"../../Plugins/FX/Niagara/Content/Functions/Emitter/EmitterChangeState.uasset" 3926
"../../Plugins/FX/Niagara/Content/Icons/Modules/T_Icon_Scalability_Emitter.uasset" 3927
"../../Plugins/FX/Niagara/Content/Icons/Modules/T_Icon_Scalability_System.uasset" 3928
"../../Plugins/FX/Niagara/Content/Functions/RandomRangeFloat.uasset" 3929
"../../Plugins/FX/Niagara/Content/Functions/DirectionAndLengthSafe.uasset" 3930
"../../Plugins/FX/Niagara/Content/Functions/Drag/DragVelocity.uasset" 3931
"../../Plugins/FX/Niagara/Content/Functions/Math/CentimeterMeterConversion.uasset" 3932
"../../Plugins/FX/Niagara/Content/Functions/Rotation/MultiplyVectorWithQuaternion.uasset" 3933
"../../Plugins/FX/Niagara/Content/Modules/Solvers/ApplyRotationVector.uasset" 3934
"../../Plugins/FX/Niagara/Content/Icons/Modules/T_Icon_Solver_LimitAccel.uasset" 3935
"../../Plugins/FX/Niagara/Content/Icons/Modules/T_Icon_Solver_LimitSpeed.uasset" 3936
"../../Plugins/FX/Niagara/Content/Icons/Modules/T_Icon_Solver_RotationalSolve.uasset" 3937
"../../Plugins/FX/Niagara/Content/Functions/LinearColor/HueShiftLinearColor.uasset" 3938
"../../Plugins/FX/Niagara/Content/Functions/Localspace/SimulationPosition.uasset" 3939
"../../Plugins/FX/Niagara/Content/Functions/V2/CalculateRandomBool.uasset" 3940
"../../Plugins/FX/Niagara/Content/Functions/V2/CalculateRandomRange.uasset" 3941
"../../Plugins/FX/Niagara/Content/Functions/V2/CalculateRandomRangeInteger.uasset" 3942
"../../Plugins/FX/Niagara/Content/Functions/Math/CalculateRandomPointInConeSphereIntersection.uasset" 3943
"../../Plugins/FX/Niagara/Content/Functions/Math/SaturateFloat.uasset" 3944
"../../Plugins/FX/Niagara/Content/Functions/Rotation/AngleUnitConverter.uasset" 3945
"../../Plugins/FX/Niagara/Content/Functions/Rotation/AxisAngleToQuaternion.uasset" 3946
"../../Plugins/FX/Niagara/Content/Functions/Rotation/FindQuatBetween.uasset" 3947
"../../Plugins/FX/Niagara/Content/Functions/Rotation/InvertQuaternion.uasset" 3948
"../../Plugins/FX/Niagara/Content/Functions/Rotation/MakeQuaternionFrom3BasisVectors.uasset" 3949
"../../Plugins/FX/Niagara/Content/Functions/Rotation/MultiplyQuaternion.uasset" 3950
"../../Plugins/FX/Niagara/Content/Functions/Rotation/TransformStack/TransformStack_Rotation.uasset" 3951
"../../Plugins/FX/Niagara/Content/Functions/Rotation/XYZRotationToQuaternion.uasset" 3952
"../../Plugins/FX/Niagara/Content/Functions/V2/CalculateRandomUnitVector.uasset" 3953
"../../Plugins/FX/Niagara/Content/Functions/V2/DistanceBasedFalloff.uasset" 3954
"../../Plugins/FX/Niagara/Content/Functions/System/SystemChangeState.uasset" 3955
"../../Plugins/FX/Niagara/Content/Icons/Modules/T_Icon_Particle_InfiniteLife.uasset" 3956
"../../../Engine/Content/Engine_MI_Shaders/T_Normal.uasset" 3957
"../../../Engine/Content/MaterialTemplates/LayerBlends/T_DefaultMaskTexture.uasset" 3958
"../../Plugins/FX/Niagara/Content/Functions/GetRandomInfo.uasset" 3959
"../../Plugins/FX/Niagara/Content/Functions/Rotation/MatrixToQuaternion.uasset" 3960
"../../Plugins/FX/Niagara/Content/Functions/NormalizeDistanceRange.uasset" 3961
"/Game/Variant_Shooter/UI/UI_Shooter" 3962
"C:/Users/symbi/Documents/School Stuff/LvlDesign2/Project2/Emily/LvlDesign02_TeamLuminous_Project02/Content/Variant_Shooter/Blueprints/BP_ShooterGameModeMP.uasset" 3963
"C:/Users/symbi/Documents/School Stuff/LvlDesign2/Project2/Emily/LvlDesign02_TeamLuminous_Project02/Content/Variant_Shooter/Blueprints/BP_ShooterPlayerController.uasset" 3964
"C:/Users/symbi/Documents/School Stuff/LvlDesign2/Project2/Emily/LvlDesign02_TeamLuminous_Project02/Content/Input/IMC_Default.uasset" 3965
"C:/Users/symbi/Documents/School Stuff/LvlDesign2/Project2/Emily/LvlDesign02_TeamLuminous_Project02/Content/Variant_Shooter/UI/UI_ShooterBulletCounter.uasset" 3966
"C:/Users/symbi/Documents/School Stuff/LvlDesign2/Project2/Emily/LvlDesign02_TeamLuminous_Project02/Content/Variant_Shooter/UI/M_BulletCounter.uasset" 3967
"/Game/LevelPrototyping/ActorBlueprints/BP_Barrier" 3968
"/Game/LevelPrototyping/Sequences/Opening_Cinematic" 3969
"/Game/LevelPrototyping/Particles/Fountain" 3970
"../../../Engine/Plugins/FX/Niagara/Content/Modules/Update/Size/ScaleMeshSize.uasset" 3971
"../../../Engine/Plugins/FX/Niagara/Content/DynamicInputs/TypeConversions/MakeVector.uasset" 3972
"C:/Users/symbi/Documents/School Stuff/LvlDesign2/Project2/Emily/LvlDesign02_TeamLuminous_Project02/Content/LevelPrototyping/LevelPrototypes/TeamFolder(RenameWhatYouWant)/_GENERATED/symbi/Box_7C348D1C.uasset" 3973
"C:/Users/symbi/Documents/School Stuff/LvlDesign2/Project2/Emily/LvlDesign02_TeamLuminous_Project02/Content/LevelPrototyping/Interactable/JumpPad/Assets/Meshes/SM_CircularBand.uasset" 3974
"../../../Engine/Plugins/FX/Niagara/Content/DefaultAssets/DefaultSpriteMaterial.uasset" 3975
"C:/Users/symbi/Documents/School Stuff/LvlDesign2/Project2/Emily/LvlDesign02_TeamLuminous_Project02/Content/LevelPrototyping/Interactable/JumpPad/Assets/Materials/M_SimpleGlow.uasset" 3976
"C:/Users/symbi/Documents/School Stuff/LvlDesign2/Project2/Emily/LvlDesign02_TeamLuminous_Project02/Content/LevelPrototyping/Interactable/JumpPad/Assets/Meshes/SM_CircularGlow.uasset" 3977
"C:/Users/symbi/Documents/School Stuff/LvlDesign2/Project2/Emily/LvlDesign02_TeamLuminous_Project02/Content/LevelPrototyping/Interactable/JumpPad/Assets/Materials/M_GradientGlow.uasset" 3978
"../../../Engine/Plugins/FX/Niagara/Content/Modules/Emitter/SpawnBurst_Instantaneous.uasset" 3979
"C:/Users/symbi/Documents/School Stuff/LvlDesign2/Project2/Emily/LvlDesign02_TeamLuminous_Project02/Content/LevelPrototyping/Interactable/JumpPad/BP_JumpPad.uasset" 3980
"C:/Users/symbi/Documents/School Stuff/LvlDesign2/Project2/Emily/LvlDesign02_TeamLuminous_Project02/Content/Variant_Shooter/Blueprints/AI/EQS/EQS_FindRoamLocation.uasset" 3981
"C:/Users/symbi/Documents/School Stuff/LvlDesign2/Project2/Emily/LvlDesign02_TeamLuminous_Project02/Content/LevelPrototyping/Interactable/JumpPad/Assets/NS_JumpPad.uasset" 3982
"C:/Users/symbi/Documents/School Stuff/LvlDesign2/Project2/Emily/LvlDesign02_TeamLuminous_Project02/Content/LevelPrototyping/Interactable/JumpPad/Assets/Materials/MI_GlowNT.uasset" 3983
"C:/Users/symbi/Documents/School Stuff/LvlDesign2/Project2/Emily/LvlDesign02_TeamLuminous_Project02/Content/Variant_Shooter/Sounds/swoosh-011-352855.uasset" 3984
"C:/Users/symbi/Documents/School Stuff/LvlDesign2/Project2/Emily/LvlDesign02_TeamLuminous_Project02/Content/Variant_Shooter/Blueprints/AI/EQS/EnvQueryContext_Target.uasset" 3985
"C:/Users/symbi/Documents/School Stuff/LvlDesign2/Project2/Emily/LvlDesign02_TeamLuminous_Project02/Content/Variant_Shooter/Blueprints/AI/EQS/EQS_FindSnipingLocation.uasset" 3986
"/Game/LevelPrototyping/LevelPrototypes/TeamFolderRenameWhatYouWant/TeamMain_LevelTest" 3987
"/Game/LevelPrototyping/LevelPrototypes/TeamFolder(RenameWhatYouWant)/TeamASide_Level" 3988
"C:/Users/symbi/Documents/School Stuff/LvlDesign2/Project2/Emily/LvlDesign02_TeamLuminous_Project02/Content/Variant_Shooter/Blueprints/Interactables/BP_ManCannon.uasset" 3989
"C:/Users/symbi/Documents/School Stuff/LvlDesign2/Project2/Emily/LvlDesign02_TeamLuminous_Project02/Content/Variant_Shooter/Blueprints/Pickups/BP_ShooterPickup.uasset" 3990
"C:/Users/symbi/Documents/School Stuff/LvlDesign2/Project2/Emily/LvlDesign02_TeamLuminous_Project02/Content/Variant_Shooter/Blueprints/Pickups/DT_WeaponList.uasset" 3991
"C:/Users/symbi/Documents/School Stuff/LvlDesign2/Project2/Emily/LvlDesign02_TeamLuminous_Project02/Content/Characters/Mannequins/Materials/Manny/MI_PowerUpGlow.uasset" 3992
"C:/Users/symbi/Documents/School Stuff/LvlDesign2/Project2/Emily/LvlDesign02_TeamLuminous_Project02/Content/LevelPrototyping/Materials/Custom/M_Solid_Barricade.uasset" 3993
"C:/Users/symbi/Documents/School Stuff/LvlDesign2/Project2/Emily/LvlDesign02_TeamLuminous_Project02/Content/LevelPrototyping/Materials/Custom/M_Solid_CaveGround.uasset" 3994
"C:/Users/symbi/Documents/School Stuff/LvlDesign2/Project2/Emily/LvlDesign02_TeamLuminous_Project02/Content/LevelPrototyping/Materials/MI_DefaultColorway_InstYellow.uasset" 3995
"C:/Users/symbi/Documents/School Stuff/LvlDesign2/Project2/Emily/LvlDesign02_TeamLuminous_Project02/Content/LevelPrototyping/Materials/MI_PrototypeGrid_TopRed.uasset" 3996
"C:/Users/symbi/Documents/School Stuff/LvlDesign2/Project2/Emily/LvlDesign02_TeamLuminous_Project02/Content/LevelPrototyping/LevelPrototypes/TeamFolder(RenameWhatYouWant)/_GENERATED/prana/Capsule_16E535D7.uasset" 3997
"C:/Users/symbi/Documents/School Stuff/LvlDesign2/Project2/Emily/LvlDesign02_TeamLuminous_Project02/Content/LevelPrototyping/LevelPrototypes/TeamFolder(RenameWhatYouWant)/_GENERATED/symbi/Boolean_38450EDC.uasset" 3998
"C:/Users/symbi/Documents/School Stuff/LvlDesign2/Project2/Emily/LvlDesign02_TeamLuminous_Project02/Content/LevelPrototyping/LevelPrototypes/TeamFolder(RenameWhatYouWant)/_GENERATED/symbi/Boolean_49B88DF5.uasset" 3999
"C:/Users/symbi/Documents/School Stuff/LvlDesign2/Project2/Emily/LvlDesign02_TeamLuminous_Project02/Content/LevelPrototyping/LevelPrototypes/TeamFolder(RenameWhatYouWant)/_GENERATED/symbi/Boolean_783917D1.uasset" 4000
"C:/Users/symbi/Documents/School Stuff/LvlDesign2/Project2/Emily/LvlDesign02_TeamLuminous_Project02/Content/LevelPrototyping/LevelPrototypes/TeamFolder(RenameWhatYouWant)/_GENERATED/symbi/Boolean_9C416461.uasset" 4001
"C:/Users/symbi/Documents/School Stuff/LvlDesign2/Project2/Emily/LvlDesign02_TeamLuminous_Project02/Content/LevelPrototyping/LevelPrototypes/TeamFolder(RenameWhatYouWant)/_GENERATED/symbi/Boolean_A63453D9.uasset" 4002
"C:/Users/symbi/Documents/School Stuff/LvlDesign2/Project2/Emily/LvlDesign02_TeamLuminous_Project02/Content/LevelPrototyping/LevelPrototypes/TeamFolder(RenameWhatYouWant)/_GENERATED/symbi/Boolean_BFC5858C.uasset" 4003
"C:/Users/symbi/Documents/School Stuff/LvlDesign2/Project2/Emily/LvlDesign02_TeamLuminous_Project02/Content/LevelPrototyping/LevelPrototypes/TeamFolder(RenameWhatYouWant)/_GENERATED/symbi/Boolean_C1856CEF.uasset" 4004
"C:/Users/symbi/Documents/School Stuff/LvlDesign2/Project2/Emily/LvlDesign02_TeamLuminous_Project02/Content/LevelPrototyping/LevelPrototypes/TeamFolder(RenameWhatYouWant)/_GENERATED/symbi/Boolean_C5899EDE.uasset" 4005
"C:/Users/symbi/Documents/School Stuff/LvlDesign2/Project2/Emily/LvlDesign02_TeamLuminous_Project02/Content/LevelPrototyping/LevelPrototypes/TeamFolder(RenameWhatYouWant)/_GENERATED/symbi/Boolean_D192A218.uasset" 4006
"C:/Users/symbi/Documents/School Stuff/LvlDesign2/Project2/Emily/LvlDesign02_TeamLuminous_Project02/Content/LevelPrototyping/LevelPrototypes/TeamFolder(RenameWhatYouWant)/_GENERATED/symbi/Boolean_FD305631.uasset" 4007
"C:/Users/symbi/Documents/School Stuff/LvlDesign2/Project2/Emily/LvlDesign02_TeamLuminous_Project02/Content/LevelPrototyping/LevelPrototypes/TeamFolder(RenameWhatYouWant)/_GENERATED/symbi/Combined_B9DDD1B8.uasset" 4008
"C:/Users/symbi/Documents/School Stuff/LvlDesign2/Project2/Emily/LvlDesign02_TeamLuminous_Project02/Content/LevelPrototyping/LevelPrototypes/TeamFolder(RenameWhatYouWant)/_GENERATED/symbi/Combined_CFA3B627.uasset" 4009
"C:/Users/symbi/Documents/School Stuff/LvlDesign2/Project2/Emily/LvlDesign02_TeamLuminous_Project02/Content/LevelPrototyping/LevelPrototypes/TeamFolder(RenameWhatYouWant)/_GENERATED/symbi/Combined_DD9DF72D.uasset" 4010
"C:/Users/symbi/Documents/School Stuff/LvlDesign2/Project2/Emily/LvlDesign02_TeamLuminous_Project02/Content/LevelPrototyping/LevelPrototypes/TeamFolder(RenameWhatYouWant)/_GENERATED/symbi/Combined_FA2326AB.uasset" 4011
"C:/Users/symbi/Documents/School Stuff/LvlDesign2/Project2/Emily/LvlDesign02_TeamLuminous_Project02/Content/LevelPrototyping/LevelPrototypes/TeamFolderRenameWhatYouWant/_GENERATED/symbi/Boolean_29F57E6D.uasset" 4012
"C:/Users/symbi/Documents/School Stuff/LvlDesign2/Project2/Emily/LvlDesign02_TeamLuminous_Project02/Content/LevelPrototyping/LevelPrototypes/TeamFolderRenameWhatYouWant/_GENERATED/symbi/Boolean_363A25A0.uasset" 4013
"C:/Users/symbi/Documents/School Stuff/LvlDesign2/Project2/Emily/LvlDesign02_TeamLuminous_Project02/Content/LevelPrototyping/LevelPrototypes/TeamFolderRenameWhatYouWant/_GENERATED/symbi/Boolean_59A47459.uasset" 4014
"C:/Users/symbi/Documents/School Stuff/LvlDesign2/Project2/Emily/LvlDesign02_TeamLuminous_Project02/Content/LevelPrototyping/LevelPrototypes/TeamFolderRenameWhatYouWant/_GENERATED/symbi/Boolean_6AD49B82.uasset" 4015
"C:/Users/symbi/Documents/School Stuff/LvlDesign2/Project2/Emily/LvlDesign02_TeamLuminous_Project02/Content/LevelPrototyping/LevelPrototypes/TeamFolderRenameWhatYouWant/_GENERATED/symbi/Boolean_749E4C24.uasset" 4016
"C:/Users/symbi/Documents/School Stuff/LvlDesign2/Project2/Emily/LvlDesign02_TeamLuminous_Project02/Content/LevelPrototyping/LevelPrototypes/TeamFolderRenameWhatYouWant/_GENERATED/symbi/Boolean_96E2C3C8.uasset" 4017
"C:/Users/symbi/Documents/School Stuff/LvlDesign2/Project2/Emily/LvlDesign02_TeamLuminous_Project02/Content/LevelPrototyping/LevelPrototypes/TeamFolderRenameWhatYouWant/_GENERATED/symbi/Boolean_A6004F6C.uasset" 4018
"C:/Users/symbi/Documents/School Stuff/LvlDesign2/Project2/Emily/LvlDesign02_TeamLuminous_Project02/Content/LevelPrototyping/LevelPrototypes/TeamFolderRenameWhatYouWant/_GENERATED/symbi/Boolean_D9DC9D4D.uasset" 4019
"C:/Users/symbi/Documents/School Stuff/LvlDesign2/Project2/Emily/LvlDesign02_TeamLuminous_Project02/Content/LevelPrototyping/LevelPrototypes/TeamFolderRenameWhatYouWant/_GENERATED/symbi/Combined_23AB451B.uasset" 4020
"C:/Users/symbi/Documents/School Stuff/LvlDesign2/Project2/Emily/LvlDesign02_TeamLuminous_Project02/Content/LevelPrototyping/LevelPrototypes/TeamFolderRenameWhatYouWant/_GENERATED/symbi/Sphere_C3035385.uasset" 4021
"C:/Users/symbi/Documents/School Stuff/LvlDesign2/Project2/Emily/LvlDesign02_TeamLuminous_Project02/Content/LevelPrototyping/LevelPrototypes/TeamFolderRenameWhatYouWant/_GENERATED/the9t/Combined110_F53A49B5.uasset" 4022
"C:/Users/symbi/Documents/School Stuff/LvlDesign2/Project2/Emily/LvlDesign02_TeamLuminous_Project02/Content/LevelPrototyping/LevelPrototypes/TeamFolderRenameWhatYouWant/_GENERATED/the9t/Combined112_543B1820.uasset" 4023
"C:/Users/symbi/Documents/School Stuff/LvlDesign2/Project2/Emily/LvlDesign02_TeamLuminous_Project02/Content/LevelPrototyping/LevelPrototypes/TeamFolderRenameWhatYouWant/_GENERATED/the9t/Combined123_D5296FD9.uasset" 4024
"C:/Users/symbi/Documents/School Stuff/LvlDesign2/Project2/Emily/LvlDesign02_TeamLuminous_Project02/Content/Variant_Shooter/Blueprints/Pickups/Projectiles/FX/NSTrail_C.uasset" 4025
"C:/Users/symbi/Documents/School Stuff/LvlDesign2/Project2/Emily/LvlDesign02_TeamLuminous_Project02/Content/LevelPrototyping/Meshes/SM_Ramp.uasset" 4026
"C:/Users/symbi/Documents/School Stuff/LvlDesign2/Project2/Emily/LvlDesign02_TeamLuminous_Project02/Content/Variant_Shooter/Sounds/Launch_Sound.uasset" 4027
"C:/Users/symbi/Documents/School Stuff/LvlDesign2/Project2/Emily/LvlDesign02_TeamLuminous_Project02/Content/LevelPrototyping/Meshes/SM_Cylinder.uasset" 4028
"C:/Users/symbi/Documents/School Stuff/LvlDesign2/Project2/Emily/LvlDesign02_TeamLuminous_Project02/Content/LevelPrototyping/Meshes/SM_ChamferCube.uasset" 4029
"C:/Users/symbi/Documents/School Stuff/LvlDesign2/Project2/Emily/LvlDesign02_TeamLuminous_Project02/Content/Variant_Shooter/Blueprints/Pickups/ST_WeaponTableRow.uasset" 4030
"C:/Users/symbi/Documents/School Stuff/LvlDesign2/Project2/Emily/LvlDesign02_TeamLuminous_Project02/Content/LevelPrototyping/Materials/M_PrototypeGrid.uasset" 4031
"C:/Users/symbi/Documents/School Stuff/LvlDesign2/Project2/Emily/LvlDesign02_TeamLuminous_Project02/Content/LevelPrototyping/Materials/MI_PrototypeGrid_Gray.uasset" 4032
"C:/Users/symbi/Documents/School Stuff/LvlDesign2/Project2/Emily/LvlDesign02_TeamLuminous_Project02/Content/LevelPrototyping/Materials/MF_ProcGrid.uasset" 4033
"C:/Users/symbi/Documents/School Stuff/LvlDesign2/Project2/Emily/LvlDesign02_TeamLuminous_Project02/Content/LevelPrototyping/Textures/T_GridChecker_A.uasset" 4034
"/Game/LevelPrototyping/LevelPrototypes/TeamFolder(RenameWhatYouWant)/TeamNoMansUnder_Level" 4035
"C:/Users/symbi/Documents/School Stuff/LvlDesign2/Project2/Emily/LvlDesign02_TeamLuminous_Project02/Content/Variant_Shooter/Blueprints/Pickups/PowerUps/BP_Powerup.uasset" 4036
"../../../Engine/Content/EngineDebugMaterials/VertexColorViewMode_BlueOnly.uasset" 4037
"../../../Engine/Content/EngineDebugMaterials/VertexColorViewMode_RedOnly.uasset" 4038
"C:/Users/symbi/Documents/School Stuff/LvlDesign2/Project2/Emily/LvlDesign02_TeamLuminous_Project02/Content/Fab/DEMO_MiningPack/Materials/M_DEMOAtlas_MiningPack.uasset" 4039
"C:/Users/symbi/Documents/School Stuff/LvlDesign2/Project2/Emily/LvlDesign02_TeamLuminous_Project02/Content/LevelPrototyping/Materials/Custom/M_Water.uasset" 4040
"C:/Users/symbi/Documents/School Stuff/LvlDesign2/Project2/Emily/LvlDesign02_TeamLuminous_Project02/Content/LevelPrototyping/Materials/Custom/M_Solid_BarricadeBlue.uasset" 4041
"C:/Users/symbi/Documents/School Stuff/LvlDesign2/Project2/Emily/LvlDesign02_TeamLuminous_Project02/Content/LevelPrototyping/Materials/Custom/M_Solid_BarricadeYellow.uasset" 4042
"C:/Users/symbi/Documents/School Stuff/LvlDesign2/Project2/Emily/LvlDesign02_TeamLuminous_Project02/Content/Fab/DEMO_MiningPack/StaticMeshes/SM_DEMODynamite_Single_Unlit.uasset" 4043
"C:/Users/symbi/Documents/School Stuff/LvlDesign2/Project2/Emily/LvlDesign02_TeamLuminous_Project02/Content/Fab/DEMO_MiningPack/StaticMeshes/SM_DEMOHelmet1.uasset" 4044
"C:/Users/symbi/Documents/School Stuff/LvlDesign2/Project2/Emily/LvlDesign02_TeamLuminous_Project02/Content/Fab/DEMO_MiningPack/StaticMeshes/SM_DEMOPickaxe2.uasset" 4045
"C:/Users/symbi/Documents/School Stuff/LvlDesign2/Project2/Emily/LvlDesign02_TeamLuminous_Project02/Content/Fab/DEMO_MiningPack/StaticMeshes/SM_DEMOShovel_Flat.uasset" 4046
"C:/Users/symbi/Documents/School Stuff/LvlDesign2/Project2/Emily/LvlDesign02_TeamLuminous_Project02/Content/LevelPrototyping/LevelPrototypes/TeamFolder(RenameWhatYouWant)/_GENERATED/diejo/Boolean_45880D31.uasset" 4047
"C:/Users/symbi/Documents/School Stuff/LvlDesign2/Project2/Emily/LvlDesign02_TeamLuminous_Project02/Content/LevelPrototyping/LevelPrototypes/TeamFolder(RenameWhatYouWant)/_GENERATED/diejo/Boolean_63F12F0F.uasset" 4048
"C:/Users/symbi/Documents/School Stuff/LvlDesign2/Project2/Emily/LvlDesign02_TeamLuminous_Project02/Content/LevelPrototyping/LevelPrototypes/TeamFolder(RenameWhatYouWant)/_GENERATED/the9t/Boolean_002F2A6A.uasset" 4049
"C:/Users/symbi/Documents/School Stuff/LvlDesign2/Project2/Emily/LvlDesign02_TeamLuminous_Project02/Content/LevelPrototyping/LevelPrototypes/TeamFolder(RenameWhatYouWant)/_GENERATED/the9t/Boolean_1F726B43.uasset" 4050
"C:/Users/symbi/Documents/School Stuff/LvlDesign2/Project2/Emily/LvlDesign02_TeamLuminous_Project02/Content/LevelPrototyping/LevelPrototypes/TeamFolder(RenameWhatYouWant)/_GENERATED/the9t/Boolean_5403E787.uasset" 4051
"C:/Users/symbi/Documents/School Stuff/LvlDesign2/Project2/Emily/LvlDesign02_TeamLuminous_Project02/Content/LevelPrototyping/LevelPrototypes/TeamFolder(RenameWhatYouWant)/_GENERATED/the9t/Boolean_58B1E566.uasset" 4052
"C:/Users/symbi/Documents/School Stuff/LvlDesign2/Project2/Emily/LvlDesign02_TeamLuminous_Project02/Content/LevelPrototyping/LevelPrototypes/TeamFolder(RenameWhatYouWant)/_GENERATED/the9t/Boolean_A82005F7.uasset" 4053
"C:/Users/symbi/Documents/School Stuff/LvlDesign2/Project2/Emily/LvlDesign02_TeamLuminous_Project02/Content/LevelPrototyping/LevelPrototypes/TeamFolder(RenameWhatYouWant)/_GENERATED/the9t/Boolean_BA080620.uasset" 4054
"C:/Users/symbi/Documents/School Stuff/LvlDesign2/Project2/Emily/LvlDesign02_TeamLuminous_Project02/Content/LevelPrototyping/LevelPrototypes/TeamFolder(RenameWhatYouWant)/_GENERATED/the9t/Boolean_D69920B4.uasset" 4055
"C:/Users/symbi/Documents/School Stuff/LvlDesign2/Project2/Emily/LvlDesign02_TeamLuminous_Project02/Content/LevelPrototyping/LevelPrototypes/TeamFolder(RenameWhatYouWant)/_GENERATED/the9t/Boolean_EF026F0F.uasset" 4056
"C:/Users/symbi/Documents/School Stuff/LvlDesign2/Project2/Emily/LvlDesign02_TeamLuminous_Project02/Content/LevelPrototyping/LevelPrototypes/TeamFolder(RenameWhatYouWant)/_GENERATED/the9t/Box_21829FD2.uasset" 4057
"C:/Users/symbi/Documents/School Stuff/LvlDesign2/Project2/Emily/LvlDesign02_TeamLuminous_Project02/Content/LevelPrototyping/LevelPrototypes/TeamFolder(RenameWhatYouWant)/_GENERATED/the9t/Box_575F6D49.uasset" 4058
"C:/Users/symbi/Documents/School Stuff/LvlDesign2/Project2/Emily/LvlDesign02_TeamLuminous_Project02/Content/LevelPrototyping/LevelPrototypes/TeamFolder(RenameWhatYouWant)/_GENERATED/the9t/Box_6FEC3093.uasset" 4059
"C:/Users/symbi/Documents/School Stuff/LvlDesign2/Project2/Emily/LvlDesign02_TeamLuminous_Project02/Content/LevelPrototyping/LevelPrototypes/TeamFolder(RenameWhatYouWant)/_GENERATED/the9t/Box_8551DFAF.uasset" 4060
"C:/Users/symbi/Documents/School Stuff/LvlDesign2/Project2/Emily/LvlDesign02_TeamLuminous_Project02/Content/LevelPrototyping/LevelPrototypes/TeamFolder(RenameWhatYouWant)/_GENERATED/the9t/Box_CF4CA10B.uasset" 4061
"C:/Users/symbi/Documents/School Stuff/LvlDesign2/Project2/Emily/LvlDesign02_TeamLuminous_Project02/Content/LevelPrototyping/LevelPrototypes/TeamFolder(RenameWhatYouWant)/_GENERATED/the9t/Box_F2F25099.uasset" 4062
"C:/Users/symbi/Documents/School Stuff/LvlDesign2/Project2/Emily/LvlDesign02_TeamLuminous_Project02/Content/LevelPrototyping/LevelPrototypes/TeamFolder(RenameWhatYouWant)/_GENERATED/the9t/Combined41_0_E3B321CB.uasset" 4063
"C:/Users/symbi/Documents/School Stuff/LvlDesign2/Project2/Emily/LvlDesign02_TeamLuminous_Project02/Content/LevelPrototyping/LevelPrototypes/TeamFolder(RenameWhatYouWant)/_GENERATED/the9t/Combined41_1_46E8CA2D.uasset" 4064
"C:/Users/symbi/Documents/School Stuff/LvlDesign2/Project2/Emily/LvlDesign02_TeamLuminous_Project02/Content/LevelPrototyping/LevelPrototypes/TeamFolder(RenameWhatYouWant)/_GENERATED/the9t/Combined42_0_C3098CDC.uasset" 4065
"C:/Users/symbi/Documents/School Stuff/LvlDesign2/Project2/Emily/LvlDesign02_TeamLuminous_Project02/Content/LevelPrototyping/LevelPrototypes/TeamFolder(RenameWhatYouWant)/_GENERATED/the9t/Combined42_1_0BD3D238.uasset" 4066
"C:/Users/symbi/Documents/School Stuff/LvlDesign2/Project2/Emily/LvlDesign02_TeamLuminous_Project02/Content/LevelPrototyping/LevelPrototypes/TeamFolder(RenameWhatYouWant)/_GENERATED/the9t/Combined43_0_80EBC350.uasset" 4067
"C:/Users/symbi/Documents/School Stuff/LvlDesign2/Project2/Emily/LvlDesign02_TeamLuminous_Project02/Content/LevelPrototyping/LevelPrototypes/TeamFolder(RenameWhatYouWant)/_GENERATED/the9t/Combined43_1_71610D41.uasset" 4068
"C:/Users/symbi/Documents/School Stuff/LvlDesign2/Project2/Emily/LvlDesign02_TeamLuminous_Project02/Content/LevelPrototyping/LevelPrototypes/TeamFolder(RenameWhatYouWant)/_GENERATED/the9t/Combined44_0_3EEB0EA7.uasset" 4069
"C:/Users/symbi/Documents/School Stuff/LvlDesign2/Project2/Emily/LvlDesign02_TeamLuminous_Project02/Content/LevelPrototyping/LevelPrototypes/TeamFolder(RenameWhatYouWant)/_GENERATED/the9t/Combined44_1_BE6D9CBB.uasset" 4070
"C:/Users/symbi/Documents/School Stuff/LvlDesign2/Project2/Emily/LvlDesign02_TeamLuminous_Project02/Content/LevelPrototyping/LevelPrototypes/TeamFolder(RenameWhatYouWant)/_GENERATED/the9t/Combined57_87F5E562.uasset" 4071
"C:/Users/symbi/Documents/School Stuff/LvlDesign2/Project2/Emily/LvlDesign02_TeamLuminous_Project02/Content/LevelPrototyping/LevelPrototypes/TeamFolder(RenameWhatYouWant)/_GENERATED/the9t/Combined_5404EA5E.uasset" 4072
"C:/Users/symbi/Documents/School Stuff/LvlDesign2/Project2/Emily/LvlDesign02_TeamLuminous_Project02/Content/LevelPrototyping/LevelPrototypes/TeamFolder(RenameWhatYouWant)/_GENERATED/the9t/Cylinder_8301EDE6.uasset" 4073
"C:/Users/symbi/Documents/School Stuff/LvlDesign2/Project2/Emily/LvlDesign02_TeamLuminous_Project02/Content/LevelPrototyping/LevelPrototypes/TeamFolder(RenameWhatYouWant)/_GENERATED/the9t/Cylinder_B45C45C3.uasset" 4074
"C:/Users/symbi/Documents/School Stuff/LvlDesign2/Project2/Emily/LvlDesign02_TeamLuminous_Project02/Content/LevelPrototyping/LevelPrototypes/TeamFolderRenameWhatYouWant/_GENERATED/the9t/Boolean41_6E4B2A39.uasset" 4075
"C:/Users/symbi/Documents/School Stuff/LvlDesign2/Project2/Emily/LvlDesign02_TeamLuminous_Project02/Content/LevelPrototyping/LevelPrototypes/TeamFolderRenameWhatYouWant/_GENERATED/the9t/Boolean42_0_FDF95369.uasset" 4076
"C:/Users/symbi/Documents/School Stuff/LvlDesign2/Project2/Emily/LvlDesign02_TeamLuminous_Project02/Content/LevelPrototyping/LevelPrototypes/TeamFolderRenameWhatYouWant/_GENERATED/the9t/Boolean42_1_8A8BF4DB.uasset" 4077
"C:/Users/symbi/Documents/School Stuff/LvlDesign2/Project2/Emily/LvlDesign02_TeamLuminous_Project02/Content/LevelPrototyping/LevelPrototypes/TeamFolderRenameWhatYouWant/_GENERATED/the9t/Boolean42_3_76CAA581.uasset" 4078
"C:/Users/symbi/Documents/School Stuff/LvlDesign2/Project2/Emily/LvlDesign02_TeamLuminous_Project02/Content/LevelPrototyping/LevelPrototypes/TeamFolderRenameWhatYouWant/_GENERATED/the9t/Boolean42_D4BC7A34.uasset" 4079
"C:/Users/symbi/Documents/School Stuff/LvlDesign2/Project2/Emily/LvlDesign02_TeamLuminous_Project02/Content/LevelPrototyping/LevelPrototypes/TeamFolderRenameWhatYouWant/_GENERATED/the9t/Boolean55_787CD047.uasset" 4080
"C:/Users/symbi/Documents/School Stuff/LvlDesign2/Project2/Emily/LvlDesign02_TeamLuminous_Project02/Content/LevelPrototyping/LevelPrototypes/TeamFolderRenameWhatYouWant/_GENERATED/the9t/Boolean56_968BF9A9.uasset" 4081
"C:/Users/symbi/Documents/School Stuff/LvlDesign2/Project2/Emily/LvlDesign02_TeamLuminous_Project02/Content/LevelPrototyping/LevelPrototypes/TeamFolderRenameWhatYouWant/_GENERATED/the9t/Boolean_5EE8638E.uasset" 4082
"C:/Users/symbi/Documents/School Stuff/LvlDesign2/Project2/Emily/LvlDesign02_TeamLuminous_Project02/Content/LevelPrototyping/LevelPrototypes/TeamFolderRenameWhatYouWant/_GENERATED/the9t/Boolean_6FE8E5E6.uasset" 4083
"C:/Users/symbi/Documents/School Stuff/LvlDesign2/Project2/Emily/LvlDesign02_TeamLuminous_Project02/Content/LevelPrototyping/LevelPrototypes/TeamFolderRenameWhatYouWant/_GENERATED/the9t/Boolean_AABB091A.uasset" 4084
"C:/Users/symbi/Documents/School Stuff/LvlDesign2/Project2/Emily/LvlDesign02_TeamLuminous_Project02/Content/LevelPrototyping/LevelPrototypes/TeamFolderRenameWhatYouWant/_GENERATED/the9t/Boolean_C7939C99.uasset" 4085
"C:/Users/symbi/Documents/School Stuff/LvlDesign2/Project2/Emily/LvlDesign02_TeamLuminous_Project02/Content/LevelPrototyping/LevelPrototypes/TeamFolderRenameWhatYouWant/_GENERATED/the9t/Box_B23807DB.uasset" 4086
"C:/Users/symbi/Documents/School Stuff/LvlDesign2/Project2/Emily/LvlDesign02_TeamLuminous_Project02/Content/LevelPrototyping/LevelPrototypes/TeamFolderRenameWhatYouWant/_GENERATED/the9t/Box_DF3A616A.uasset" 4087
"C:/Users/symbi/Documents/School Stuff/LvlDesign2/Project2/Emily/LvlDesign02_TeamLuminous_Project02/Content/LevelPrototyping/LevelPrototypes/TeamFolderRenameWhatYouWant/_GENERATED/the9t/Combined100_824BA582.uasset" 4088
"C:/Users/symbi/Documents/School Stuff/LvlDesign2/Project2/Emily/LvlDesign02_TeamLuminous_Project02/Content/LevelPrototyping/LevelPrototypes/TeamFolderRenameWhatYouWant/_GENERATED/the9t/Combined101_7678F555.uasset" 4089
"C:/Users/symbi/Documents/School Stuff/LvlDesign2/Project2/Emily/LvlDesign02_TeamLuminous_Project02/Content/LevelPrototyping/LevelPrototypes/TeamFolderRenameWhatYouWant/_GENERATED/the9t/Combined102_E68E6B9F.uasset" 4090
"C:/Users/symbi/Documents/School Stuff/LvlDesign2/Project2/Emily/LvlDesign02_TeamLuminous_Project02/Content/LevelPrototyping/LevelPrototypes/TeamFolderRenameWhatYouWant/_GENERATED/the9t/Combined103_27B4EB1C.uasset" 4091
"C:/Users/symbi/Documents/School Stuff/LvlDesign2/Project2/Emily/LvlDesign02_TeamLuminous_Project02/Content/LevelPrototyping/LevelPrototypes/TeamFolderRenameWhatYouWant/_GENERATED/the9t/Combined104_766B44DF.uasset" 4092
"C:/Users/symbi/Documents/School Stuff/LvlDesign2/Project2/Emily/LvlDesign02_TeamLuminous_Project02/Content/LevelPrototyping/LevelPrototypes/TeamFolderRenameWhatYouWant/_GENERATED/the9t/Combined105_CC8F8678.uasset" 4093
"C:/Users/symbi/Documents/School Stuff/LvlDesign2/Project2/Emily/LvlDesign02_TeamLuminous_Project02/Content/LevelPrototyping/LevelPrototypes/TeamFolderRenameWhatYouWant/_GENERATED/the9t/Combined106_25645CBA.uasset" 4094
"C:/Users/symbi/Documents/School Stuff/LvlDesign2/Project2/Emily/LvlDesign02_TeamLuminous_Project02/Content/LevelPrototyping/LevelPrototypes/TeamFolderRenameWhatYouWant/_GENERATED/the9t/Combined107_0004CE48.uasset" 4095
"C:/Users/symbi/Documents/School Stuff/LvlDesign2/Project2/Emily/LvlDesign02_TeamLuminous_Project02/Content/LevelPrototyping/LevelPrototypes/TeamFolderRenameWhatYouWant/_GENERATED/the9t/Combined108_3545EEAE.uasset" 4096
"C:/Users/symbi/Documents/School Stuff/LvlDesign2/Project2/Emily/LvlDesign02_TeamLuminous_Project02/Content/LevelPrototyping/LevelPrototypes/TeamFolderRenameWhatYouWant/_GENERATED/the9t/Combined109_D51A20E0.uasset" 4097
"C:/Users/symbi/Documents/School Stuff/LvlDesign2/Project2/Emily/LvlDesign02_TeamLuminous_Project02/Content/LevelPrototyping/LevelPrototypes/TeamFolderRenameWhatYouWant/_GENERATED/the9t/Combined111_8AB39619.uasset" 4098
"C:/Users/symbi/Documents/School Stuff/LvlDesign2/Project2/Emily/LvlDesign02_TeamLuminous_Project02/Content/LevelPrototyping/LevelPrototypes/TeamFolderRenameWhatYouWant/_GENERATED/the9t/Combined113_B8340A16.uasset" 4099
"C:/Users/symbi/Documents/School Stuff/LvlDesign2/Project2/Emily/LvlDesign02_TeamLuminous_Project02/Content/LevelPrototyping/LevelPrototypes/TeamFolderRenameWhatYouWant/_GENERATED/the9t/Combined114_9CE6AF53.uasset" 4100
"C:/Users/symbi/Documents/School Stuff/LvlDesign2/Project2/Emily/LvlDesign02_TeamLuminous_Project02/Content/LevelPrototyping/LevelPrototypes/TeamFolderRenameWhatYouWant/_GENERATED/the9t/Combined115_CC66EA31.uasset" 4101
"C:/Users/symbi/Documents/School Stuff/LvlDesign2/Project2/Emily/LvlDesign02_TeamLuminous_Project02/Content/LevelPrototyping/LevelPrototypes/TeamFolderRenameWhatYouWant/_GENERATED/the9t/Combined116_C0F83324.uasset" 4102
"C:/Users/symbi/Documents/School Stuff/LvlDesign2/Project2/Emily/LvlDesign02_TeamLuminous_Project02/Content/LevelPrototyping/LevelPrototypes/TeamFolderRenameWhatYouWant/_GENERATED/the9t/Combined117_1C435EFA.uasset" 4103
"C:/Users/symbi/Documents/School Stuff/LvlDesign2/Project2/Emily/LvlDesign02_TeamLuminous_Project02/Content/LevelPrototyping/LevelPrototypes/TeamFolderRenameWhatYouWant/_GENERATED/the9t/Combined118_C380C488.uasset" 4104
"C:/Users/symbi/Documents/School Stuff/LvlDesign2/Project2/Emily/LvlDesign02_TeamLuminous_Project02/Content/LevelPrototyping/LevelPrototypes/TeamFolderRenameWhatYouWant/_GENERATED/the9t/Combined119_2F90BC85.uasset" 4105
"C:/Users/symbi/Documents/School Stuff/LvlDesign2/Project2/Emily/LvlDesign02_TeamLuminous_Project02/Content/LevelPrototyping/LevelPrototypes/TeamFolderRenameWhatYouWant/_GENERATED/the9t/Combined121_1236AB33.uasset" 4106
"C:/Users/symbi/Documents/School Stuff/LvlDesign2/Project2/Emily/LvlDesign02_TeamLuminous_Project02/Content/LevelPrototyping/LevelPrototypes/TeamFolderRenameWhatYouWant/_GENERATED/the9t/Combined122_F5561F44.uasset" 4107
"C:/Users/symbi/Documents/School Stuff/LvlDesign2/Project2/Emily/LvlDesign02_TeamLuminous_Project02/Content/LevelPrototyping/LevelPrototypes/TeamFolderRenameWhatYouWant/_GENERATED/the9t/Combined44_7C753E03.uasset" 4108
"C:/Users/symbi/Documents/School Stuff/LvlDesign2/Project2/Emily/LvlDesign02_TeamLuminous_Project02/Content/LevelPrototyping/LevelPrototypes/TeamFolderRenameWhatYouWant/_GENERATED/the9t/Combined59_2379F577.uasset" 4109
"C:/Users/symbi/Documents/School Stuff/LvlDesign2/Project2/Emily/LvlDesign02_TeamLuminous_Project02/Content/LevelPrototyping/LevelPrototypes/TeamFolderRenameWhatYouWant/_GENERATED/the9t/Combined60_32B0009B.uasset" 4110
"C:/Users/symbi/Documents/School Stuff/LvlDesign2/Project2/Emily/LvlDesign02_TeamLuminous_Project02/Content/LevelPrototyping/LevelPrototypes/TeamFolderRenameWhatYouWant/_GENERATED/the9t/Combined61_D08ADC71.uasset" 4111
"C:/Users/symbi/Documents/School Stuff/LvlDesign2/Project2/Emily/LvlDesign02_TeamLuminous_Project02/Content/LevelPrototyping/LevelPrototypes/TeamFolderRenameWhatYouWant/_GENERATED/the9t/Combined62_781525AC.uasset" 4112
"C:/Users/symbi/Documents/School Stuff/LvlDesign2/Project2/Emily/LvlDesign02_TeamLuminous_Project02/Content/LevelPrototyping/LevelPrototypes/TeamFolderRenameWhatYouWant/_GENERATED/the9t/Combined63_B71D2994.uasset" 4113
"C:/Users/symbi/Documents/School Stuff/LvlDesign2/Project2/Emily/LvlDesign02_TeamLuminous_Project02/Content/LevelPrototyping/LevelPrototypes/TeamFolderRenameWhatYouWant/_GENERATED/the9t/Combined64_7747534E.uasset" 4114
"C:/Users/symbi/Documents/School Stuff/LvlDesign2/Project2/Emily/LvlDesign02_TeamLuminous_Project02/Content/LevelPrototyping/LevelPrototypes/TeamFolderRenameWhatYouWant/_GENERATED/the9t/Combined65_D2088A0F.uasset" 4115
"C:/Users/symbi/Documents/School Stuff/LvlDesign2/Project2/Emily/LvlDesign02_TeamLuminous_Project02/Content/LevelPrototyping/LevelPrototypes/TeamFolderRenameWhatYouWant/_GENERATED/the9t/Combined66_16877D3C.uasset" 4116
"C:/Users/symbi/Documents/School Stuff/LvlDesign2/Project2/Emily/LvlDesign02_TeamLuminous_Project02/Content/LevelPrototyping/LevelPrototypes/TeamFolderRenameWhatYouWant/_GENERATED/the9t/Combined67_73E66445.uasset" 4117
"C:/Users/symbi/Documents/School Stuff/LvlDesign2/Project2/Emily/LvlDesign02_TeamLuminous_Project02/Content/LevelPrototyping/LevelPrototypes/TeamFolderRenameWhatYouWant/_GENERATED/the9t/Combined68_DB977E93.uasset" 4118
"C:/Users/symbi/Documents/School Stuff/LvlDesign2/Project2/Emily/LvlDesign02_TeamLuminous_Project02/Content/LevelPrototyping/LevelPrototypes/TeamFolderRenameWhatYouWant/_GENERATED/the9t/Combined69_3F740FC1.uasset" 4119
"C:/Users/symbi/Documents/School Stuff/LvlDesign2/Project2/Emily/LvlDesign02_TeamLuminous_Project02/Content/LevelPrototyping/LevelPrototypes/TeamFolderRenameWhatYouWant/_GENERATED/the9t/Combined70_7F0676C8.uasset" 4120
"C:/Users/symbi/Documents/School Stuff/LvlDesign2/Project2/Emily/LvlDesign02_TeamLuminous_Project02/Content/LevelPrototyping/LevelPrototypes/TeamFolderRenameWhatYouWant/_GENERATED/the9t/Combined71_04AC66C1.uasset" 4121
"C:/Users/symbi/Documents/School Stuff/LvlDesign2/Project2/Emily/LvlDesign02_TeamLuminous_Project02/Content/LevelPrototyping/LevelPrototypes/TeamFolderRenameWhatYouWant/_GENERATED/the9t/Combined72_27D41213.uasset" 4122
"C:/Users/symbi/Documents/School Stuff/LvlDesign2/Project2/Emily/LvlDesign02_TeamLuminous_Project02/Content/LevelPrototyping/LevelPrototypes/TeamFolderRenameWhatYouWant/_GENERATED/the9t/Combined73_B6291056.uasset" 4123
"C:/Users/symbi/Documents/School Stuff/LvlDesign2/Project2/Emily/LvlDesign02_TeamLuminous_Project02/Content/LevelPrototyping/LevelPrototypes/TeamFolderRenameWhatYouWant/_GENERATED/the9t/Combined74_E93FD9DE.uasset" 4124
"C:/Users/symbi/Documents/School Stuff/LvlDesign2/Project2/Emily/LvlDesign02_TeamLuminous_Project02/Content/LevelPrototyping/LevelPrototypes/TeamFolderRenameWhatYouWant/_GENERATED/the9t/Combined75_3B41F023.uasset" 4125
"C:/Users/symbi/Documents/School Stuff/LvlDesign2/Project2/Emily/LvlDesign02_TeamLuminous_Project02/Content/LevelPrototyping/LevelPrototypes/TeamFolderRenameWhatYouWant/_GENERATED/the9t/Combined76_B351B0DD.uasset" 4126
"C:/Users/symbi/Documents/School Stuff/LvlDesign2/Project2/Emily/LvlDesign02_TeamLuminous_Project02/Content/LevelPrototyping/LevelPrototypes/TeamFolderRenameWhatYouWant/_GENERATED/the9t/Combined77_1E553AB1.uasset" 4127
"C:/Users/symbi/Documents/School Stuff/LvlDesign2/Project2/Emily/LvlDesign02_TeamLuminous_Project02/Content/LevelPrototyping/LevelPrototypes/TeamFolderRenameWhatYouWant/_GENERATED/the9t/Combined78_42788A60.uasset" 4128
"C:/Users/symbi/Documents/School Stuff/LvlDesign2/Project2/Emily/LvlDesign02_TeamLuminous_Project02/Content/LevelPrototyping/LevelPrototypes/TeamFolderRenameWhatYouWant/_GENERATED/the9t/Combined79_EEBD6527.uasset" 4129
"C:/Users/symbi/Documents/School Stuff/LvlDesign2/Project2/Emily/LvlDesign02_TeamLuminous_Project02/Content/LevelPrototyping/LevelPrototypes/TeamFolderRenameWhatYouWant/_GENERATED/the9t/Combined80_0E71DE86.uasset" 4130
"C:/Users/symbi/Documents/School Stuff/LvlDesign2/Project2/Emily/LvlDesign02_TeamLuminous_Project02/Content/LevelPrototyping/LevelPrototypes/TeamFolderRenameWhatYouWant/_GENERATED/the9t/Combined81_B49AC8CB.uasset" 4131
"C:/Users/symbi/Documents/School Stuff/LvlDesign2/Project2/Emily/LvlDesign02_TeamLuminous_Project02/Content/LevelPrototyping/LevelPrototypes/TeamFolderRenameWhatYouWant/_GENERATED/the9t/Combined82_2532F30F.uasset" 4132
"C:/Users/symbi/Documents/School Stuff/LvlDesign2/Project2/Emily/LvlDesign02_TeamLuminous_Project02/Content/LevelPrototyping/LevelPrototypes/TeamFolderRenameWhatYouWant/_GENERATED/the9t/Combined83_1F2F3F32.uasset" 4133
"C:/Users/symbi/Documents/School Stuff/LvlDesign2/Project2/Emily/LvlDesign02_TeamLuminous_Project02/Content/LevelPrototyping/LevelPrototypes/TeamFolderRenameWhatYouWant/_GENERATED/the9t/Combined84_2360FD3F.uasset" 4134
"C:/Users/symbi/Documents/School Stuff/LvlDesign2/Project2/Emily/LvlDesign02_TeamLuminous_Project02/Content/LevelPrototyping/LevelPrototypes/TeamFolderRenameWhatYouWant/_GENERATED/the9t/Combined85_DC99CC9C.uasset" 4135
"C:/Users/symbi/Documents/School Stuff/LvlDesign2/Project2/Emily/LvlDesign02_TeamLuminous_Project02/Content/LevelPrototyping/LevelPrototypes/TeamFolderRenameWhatYouWant/_GENERATED/the9t/Combined86_728C39AD.uasset" 4136
"C:/Users/symbi/Documents/School Stuff/LvlDesign2/Project2/Emily/LvlDesign02_TeamLuminous_Project02/Content/LevelPrototyping/LevelPrototypes/TeamFolderRenameWhatYouWant/_GENERATED/the9t/Combined87_8D656233.uasset" 4137
"C:/Users/symbi/Documents/School Stuff/LvlDesign2/Project2/Emily/LvlDesign02_TeamLuminous_Project02/Content/LevelPrototyping/LevelPrototypes/TeamFolderRenameWhatYouWant/_GENERATED/the9t/Combined88_AE87F07C.uasset" 4138
"C:/Users/symbi/Documents/School Stuff/LvlDesign2/Project2/Emily/LvlDesign02_TeamLuminous_Project02/Content/LevelPrototyping/LevelPrototypes/TeamFolderRenameWhatYouWant/_GENERATED/the9t/Combined89_D57ADF45.uasset" 4139
"C:/Users/symbi/Documents/School Stuff/LvlDesign2/Project2/Emily/LvlDesign02_TeamLuminous_Project02/Content/LevelPrototyping/LevelPrototypes/TeamFolderRenameWhatYouWant/_GENERATED/the9t/Combined90_0E52FE35.uasset" 4140
"C:/Users/symbi/Documents/School Stuff/LvlDesign2/Project2/Emily/LvlDesign02_TeamLuminous_Project02/Content/LevelPrototyping/LevelPrototypes/TeamFolderRenameWhatYouWant/_GENERATED/the9t/Combined91_2E82241E.uasset" 4141
"C:/Users/symbi/Documents/School Stuff/LvlDesign2/Project2/Emily/LvlDesign02_TeamLuminous_Project02/Content/LevelPrototyping/LevelPrototypes/TeamFolderRenameWhatYouWant/_GENERATED/the9t/Combined92_FECBC5B3.uasset" 4142
"C:/Users/symbi/Documents/School Stuff/LvlDesign2/Project2/Emily/LvlDesign02_TeamLuminous_Project02/Content/LevelPrototyping/LevelPrototypes/TeamFolderRenameWhatYouWant/_GENERATED/the9t/Combined93_0209FEC2.uasset" 4143
"C:/Users/symbi/Documents/School Stuff/LvlDesign2/Project2/Emily/LvlDesign02_TeamLuminous_Project02/Content/LevelPrototyping/LevelPrototypes/TeamFolderRenameWhatYouWant/_GENERATED/the9t/Combined94_F5507D7C.uasset" 4144
"C:/Users/symbi/Documents/School Stuff/LvlDesign2/Project2/Emily/LvlDesign02_TeamLuminous_Project02/Content/LevelPrototyping/LevelPrototypes/TeamFolderRenameWhatYouWant/_GENERATED/the9t/Combined95_FB71A5AE.uasset" 4145
"C:/Users/symbi/Documents/School Stuff/LvlDesign2/Project2/Emily/LvlDesign02_TeamLuminous_Project02/Content/LevelPrototyping/LevelPrototypes/TeamFolderRenameWhatYouWant/_GENERATED/the9t/Combined96_17C4198A.uasset" 4146
"C:/Users/symbi/Documents/School Stuff/LvlDesign2/Project2/Emily/LvlDesign02_TeamLuminous_Project02/Content/LevelPrototyping/LevelPrototypes/TeamFolderRenameWhatYouWant/_GENERATED/the9t/Combined97_9BD7789E.uasset" 4147
"C:/Users/symbi/Documents/School Stuff/LvlDesign2/Project2/Emily/LvlDesign02_TeamLuminous_Project02/Content/LevelPrototyping/LevelPrototypes/TeamFolderRenameWhatYouWant/_GENERATED/the9t/Combined98_3FD3EC7A.uasset" 4148
"C:/Users/symbi/Documents/School Stuff/LvlDesign2/Project2/Emily/LvlDesign02_TeamLuminous_Project02/Content/LevelPrototyping/LevelPrototypes/TeamFolderRenameWhatYouWant/_GENERATED/the9t/Combined99_860FBA2D.uasset" 4149
"C:/Users/symbi/Documents/School Stuff/LvlDesign2/Project2/Emily/LvlDesign02_TeamLuminous_Project02/Content/LevelPrototyping/LevelPrototypes/TeamFolderRenameWhatYouWant/_GENERATED/the9t/Combined_204E4EDB.uasset" 4150
"C:/Users/symbi/Documents/School Stuff/LvlDesign2/Project2/Emily/LvlDesign02_TeamLuminous_Project02/Content/LevelPrototyping/LevelPrototypes/TeamFolderRenameWhatYouWant/_GENERATED/the9t/Combined_22DCA1D5.uasset" 4151
"C:/Users/symbi/Documents/School Stuff/LvlDesign2/Project2/Emily/LvlDesign02_TeamLuminous_Project02/Content/LevelPrototyping/LevelPrototypes/TeamFolderRenameWhatYouWant/_GENERATED/the9t/Combined_23AF8AC4.uasset" 4152
"C:/Users/symbi/Documents/School Stuff/LvlDesign2/Project2/Emily/LvlDesign02_TeamLuminous_Project02/Content/LevelPrototyping/LevelPrototypes/TeamFolderRenameWhatYouWant/_GENERATED/the9t/Combined_70C56E7D.uasset" 4153
"C:/Users/symbi/Documents/School Stuff/LvlDesign2/Project2/Emily/LvlDesign02_TeamLuminous_Project02/Content/LevelPrototyping/LevelPrototypes/TeamFolderRenameWhatYouWant/_GENERATED/the9t/Combined_AFB40253.uasset" 4154
"C:/Users/symbi/Documents/School Stuff/LvlDesign2/Project2/Emily/LvlDesign02_TeamLuminous_Project02/Content/LevelPrototyping/LevelPrototypes/TeamFolderRenameWhatYouWant/_GENERATED/the9t/Cylinder17_4B60E1F6.uasset" 4155
"C:/Users/symbi/Documents/School Stuff/LvlDesign2/Project2/Emily/LvlDesign02_TeamLuminous_Project02/Content/LevelPrototyping/LevelPrototypes/TeamFolderRenameWhatYouWant/_GENERATED/the9t/PlaneCutOtherPart_912B4540.uasset" 4156
"C:/Users/symbi/Documents/School Stuff/LvlDesign2/Project2/Emily/LvlDesign02_TeamLuminous_Project02/Content/LevelPrototyping/LevelPrototypes/TeamFolderRenameWhatYouWant/_GENERATED/the9t/SM_DEMOCoal10_F3CAE525.uasset" 4157
"C:/Users/symbi/Documents/School Stuff/LvlDesign2/Project2/Emily/LvlDesign02_TeamLuminous_Project02/Content/LevelPrototyping/LevelPrototypes/TeamFolderRenameWhatYouWant/_GENERATED/the9t/SM_DEMOCoal11_407720EA.uasset" 4158
"C:/Users/symbi/Documents/School Stuff/LvlDesign2/Project2/Emily/LvlDesign02_TeamLuminous_Project02/Content/LevelPrototyping/LevelPrototypes/TeamFolderRenameWhatYouWant/_GENERATED/the9t/SM_DEMOCoal12_FF96159C.uasset" 4159
"C:/Users/symbi/Documents/School Stuff/LvlDesign2/Project2/Emily/LvlDesign02_TeamLuminous_Project02/Content/LevelPrototyping/LevelPrototypes/TeamFolderRenameWhatYouWant/_GENERATED/the9t/SM_DEMOCoal3_577F8521.uasset" 4160
"C:/Users/symbi/Documents/School Stuff/LvlDesign2/Project2/Emily/LvlDesign02_TeamLuminous_Project02/Content/LevelPrototyping/LevelPrototypes/TeamFolderRenameWhatYouWant/_GENERATED/the9t/SM_DEMOCoal4_1E225D37.uasset" 4161
"C:/Users/symbi/Documents/School Stuff/LvlDesign2/Project2/Emily/LvlDesign02_TeamLuminous_Project02/Content/LevelPrototyping/LevelPrototypes/TeamFolderRenameWhatYouWant/_GENERATED/the9t/SM_DEMOCoal5_CCC481B0.uasset" 4162
"C:/Users/symbi/Documents/School Stuff/LvlDesign2/Project2/Emily/LvlDesign02_TeamLuminous_Project02/Content/LevelPrototyping/LevelPrototypes/TeamFolderRenameWhatYouWant/_GENERATED/the9t/SM_DEMOCoal6_81A06A09.uasset" 4163
"C:/Users/symbi/Documents/School Stuff/LvlDesign2/Project2/Emily/LvlDesign02_TeamLuminous_Project02/Content/LevelPrototyping/LevelPrototypes/TeamFolderRenameWhatYouWant/_GENERATED/the9t/SM_DEMOCoal7_B4648E4F.uasset" 4164
"C:/Users/symbi/Documents/School Stuff/LvlDesign2/Project2/Emily/LvlDesign02_TeamLuminous_Project02/Content/LevelPrototyping/LevelPrototypes/TeamFolderRenameWhatYouWant/_GENERATED/the9t/SM_DEMOCoal8_54386FD3.uasset" 4165
"C:/Users/symbi/Documents/School Stuff/LvlDesign2/Project2/Emily/LvlDesign02_TeamLuminous_Project02/Content/LevelPrototyping/LevelPrototypes/TeamFolderRenameWhatYouWant/_GENERATED/the9t/SM_DEMOCoal9_72E37237.uasset" 4166
"C:/Users/symbi/Documents/School Stuff/LvlDesign2/Project2/Emily/LvlDesign02_TeamLuminous_Project02/Content/LevelPrototyping/LevelPrototypes/TeamFolderRenameWhatYouWant/_GENERATED/the9t/SM_DEMOCrystal5_Red_A04E69D1.uasset" 4167
"C:/Users/symbi/Documents/School Stuff/LvlDesign2/Project2/Emily/LvlDesign02_TeamLuminous_Project02/Content/Variant_Shooter/Blueprints/Pickups/Projectiles/FX/NSTrail_E.uasset" 4168
"C:/Users/symbi/Documents/School Stuff/LvlDesign2/Project2/Emily/LvlDesign02_TeamLuminous_Project02/Content/LevelPrototyping/Interactable/Target/Assets/SM_TargetBaseMesh.uasset" 4169
"C:/Users/symbi/Documents/School Stuff/LvlDesign2/Project2/Emily/LvlDesign02_TeamLuminous_Project02/Content/Variant_Shooter/Sounds/Luminous_Custom/PowerUp2_Sound.uasset" 4170
"C:/Users/symbi/Documents/School Stuff/LvlDesign2/Project2/Emily/LvlDesign02_TeamLuminous_Project02/Content/Fab/DEMO_MiningPack/Textures/T_DEMOAtlas_MiningPack.uasset" 4171
"C:/Users/symbi/Documents/School Stuff/LvlDesign2/Project2/Emily/LvlDesign02_TeamLuminous_Project02/Content/Fab/DEMO_MiningPack/Textures/T_DEMOAtlas_MiningPack_Emission.uasset" 4172
"C:/Users/symbi/Documents/School Stuff/LvlDesign2/Project2/Emily/LvlDesign02_TeamLuminous_Project02/Content/Fab/DEMO_MiningPack/Textures/T_DEMOAtlas_MiningPack_Glossiness.uasset" 4173
"C:/Users/symbi/Documents/School Stuff/LvlDesign2/Project2/Emily/LvlDesign02_TeamLuminous_Project02/Content/Fab/DEMO_MiningPack/Textures/T_DEMOAtlas_MiningPack_Metal.uasset" 4174
"C:/Users/symbi/Documents/School Stuff/LvlDesign2/Project2/Emily/LvlDesign02_TeamLuminous_Project02/Content/Fab/DEMO_MiningPack/Textures/T_DEMOAtlasNM_MiningPack.uasset" 4175
"/Game/LevelPrototyping/LevelPrototypes/TeamFolder(RenameWhatYouWant)/TeamNoMansUpper_Level" 4176
"C:/Users/symbi/Documents/School Stuff/LvlDesign2/Project2/Emily/LvlDesign02_TeamLuminous_Project02/Content/LevelPrototyping/ActorBlueprints/BP_WeirdPillar.uasset" 4177
"C:/Users/symbi/Documents/School Stuff/LvlDesign2/Project2/Emily/LvlDesign02_TeamLuminous_Project02/Content/Weapons/GrenadeLauncher/Materials/M_Invis.uasset" 4178
"C:/Users/symbi/Documents/School Stuff/LvlDesign2/Project2/Emily/LvlDesign02_TeamLuminous_Project02/Content/LevelPrototyping/Materials/MI_PrototypeGrid_Gray_02.uasset" 4179
"C:/Users/symbi/Documents/School Stuff/LvlDesign2/Project2/Emily/LvlDesign02_TeamLuminous_Project02/Content/LevelPrototyping/LevelPrototypes/TeamFolder(RenameWhatYouWant)/_GENERATED/jordanandrews/Box_009B8638.uasset" 4180
"C:/Users/symbi/Documents/School Stuff/LvlDesign2/Project2/Emily/LvlDesign02_TeamLuminous_Project02/Content/LevelPrototyping/LevelPrototypes/TeamFolder(RenameWhatYouWant)/_GENERATED/jordanandrews/Box_0513CFF6.uasset" 4181
"C:/Users/symbi/Documents/School Stuff/LvlDesign2/Project2/Emily/LvlDesign02_TeamLuminous_Project02/Content/LevelPrototyping/LevelPrototypes/TeamFolder(RenameWhatYouWant)/_GENERATED/jordanandrews/Box_05DDC735.uasset" 4182
"C:/Users/symbi/Documents/School Stuff/LvlDesign2/Project2/Emily/LvlDesign02_TeamLuminous_Project02/Content/LevelPrototyping/LevelPrototypes/TeamFolder(RenameWhatYouWant)/_GENERATED/jordanandrews/Box_060F08BD.uasset" 4183
"C:/Users/symbi/Documents/School Stuff/LvlDesign2/Project2/Emily/LvlDesign02_TeamLuminous_Project02/Content/LevelPrototyping/LevelPrototypes/TeamFolder(RenameWhatYouWant)/_GENERATED/jordanandrews/Box_31A0C640.uasset" 4184
"C:/Users/symbi/Documents/School Stuff/LvlDesign2/Project2/Emily/LvlDesign02_TeamLuminous_Project02/Content/LevelPrototyping/LevelPrototypes/TeamFolder(RenameWhatYouWant)/_GENERATED/jordanandrews/Box_386AE189.uasset" 4185
"C:/Users/symbi/Documents/School Stuff/LvlDesign2/Project2/Emily/LvlDesign02_TeamLuminous_Project02/Content/LevelPrototyping/LevelPrototypes/TeamFolder(RenameWhatYouWant)/_GENERATED/jordanandrews/Box_400D6128.uasset" 4186
"C:/Users/symbi/Documents/School Stuff/LvlDesign2/Project2/Emily/LvlDesign02_TeamLuminous_Project02/Content/LevelPrototyping/LevelPrototypes/TeamFolder(RenameWhatYouWant)/_GENERATED/jordanandrews/Box_4E70BD54.uasset" 4187
"C:/Users/symbi/Documents/School Stuff/LvlDesign2/Project2/Emily/LvlDesign02_TeamLuminous_Project02/Content/LevelPrototyping/LevelPrototypes/TeamFolder(RenameWhatYouWant)/_GENERATED/jordanandrews/Box_552C89D1.uasset" 4188
"C:/Users/symbi/Documents/School Stuff/LvlDesign2/Project2/Emily/LvlDesign02_TeamLuminous_Project02/Content/LevelPrototyping/LevelPrototypes/TeamFolder(RenameWhatYouWant)/_GENERATED/jordanandrews/Box_5C3D4EA9.uasset" 4189
"C:/Users/symbi/Documents/School Stuff/LvlDesign2/Project2/Emily/LvlDesign02_TeamLuminous_Project02/Content/LevelPrototyping/LevelPrototypes/TeamFolder(RenameWhatYouWant)/_GENERATED/jordanandrews/Box_832133E3.uasset" 4190
"C:/Users/symbi/Documents/School Stuff/LvlDesign2/Project2/Emily/LvlDesign02_TeamLuminous_Project02/Content/LevelPrototyping/LevelPrototypes/TeamFolder(RenameWhatYouWant)/_GENERATED/jordanandrews/Box_90AACBBC.uasset" 4191
"C:/Users/symbi/Documents/School Stuff/LvlDesign2/Project2/Emily/LvlDesign02_TeamLuminous_Project02/Content/LevelPrototyping/LevelPrototypes/TeamFolder(RenameWhatYouWant)/_GENERATED/jordanandrews/Box_99305F2E.uasset" 4192
"C:/Users/symbi/Documents/School Stuff/LvlDesign2/Project2/Emily/LvlDesign02_TeamLuminous_Project02/Content/LevelPrototyping/LevelPrototypes/TeamFolder(RenameWhatYouWant)/_GENERATED/jordanandrews/Box_A263BC4B.uasset" 4193
"C:/Users/symbi/Documents/School Stuff/LvlDesign2/Project2/Emily/LvlDesign02_TeamLuminous_Project02/Content/LevelPrototyping/LevelPrototypes/TeamFolder(RenameWhatYouWant)/_GENERATED/jordanandrews/Box_A6F5B8EC.uasset" 4194
"C:/Users/symbi/Documents/School Stuff/LvlDesign2/Project2/Emily/LvlDesign02_TeamLuminous_Project02/Content/LevelPrototyping/LevelPrototypes/TeamFolder(RenameWhatYouWant)/_GENERATED/jordanandrews/Box_AA9D2629.uasset" 4195
"C:/Users/symbi/Documents/School Stuff/LvlDesign2/Project2/Emily/LvlDesign02_TeamLuminous_Project02/Content/LevelPrototyping/LevelPrototypes/TeamFolder(RenameWhatYouWant)/_GENERATED/jordanandrews/Box_AB3D23DD.uasset" 4196
"C:/Users/symbi/Documents/School Stuff/LvlDesign2/Project2/Emily/LvlDesign02_TeamLuminous_Project02/Content/LevelPrototyping/LevelPrototypes/TeamFolder(RenameWhatYouWant)/_GENERATED/jordanandrews/Box_AEDE611F.uasset" 4197
"C:/Users/symbi/Documents/School Stuff/LvlDesign2/Project2/Emily/LvlDesign02_TeamLuminous_Project02/Content/LevelPrototyping/LevelPrototypes/TeamFolder(RenameWhatYouWant)/_GENERATED/jordanandrews/Box_D893184B.uasset" 4198
"C:/Users/symbi/Documents/School Stuff/LvlDesign2/Project2/Emily/LvlDesign02_TeamLuminous_Project02/Content/LevelPrototyping/LevelPrototypes/TeamFolder(RenameWhatYouWant)/_GENERATED/jordanandrews/Box_E3306D5C.uasset" 4199
"C:/Users/symbi/Documents/School Stuff/LvlDesign2/Project2/Emily/LvlDesign02_TeamLuminous_Project02/Content/LevelPrototyping/LevelPrototypes/TeamFolder(RenameWhatYouWant)/_GENERATED/jordanandrews/Box_E46E0690.uasset" 4200
"C:/Users/symbi/Documents/School Stuff/LvlDesign2/Project2/Emily/LvlDesign02_TeamLuminous_Project02/Content/LevelPrototyping/LevelPrototypes/TeamFolder(RenameWhatYouWant)/_GENERATED/jordanandrews/Box_EF5AC80D.uasset" 4201
"C:/Users/symbi/Documents/School Stuff/LvlDesign2/Project2/Emily/LvlDesign02_TeamLuminous_Project02/Content/LevelPrototyping/LevelPrototypes/TeamFolder(RenameWhatYouWant)/_GENERATED/jordanandrews/Box_F2E6B43F.uasset" 4202
"C:/Users/symbi/Documents/School Stuff/LvlDesign2/Project2/Emily/LvlDesign02_TeamLuminous_Project02/Content/LevelPrototyping/LevelPrototypes/TeamFolder(RenameWhatYouWant)/_GENERATED/jordanandrews/Box_F7B532DA.uasset" 4203
"C:/Users/symbi/Documents/School Stuff/LvlDesign2/Project2/Emily/LvlDesign02_TeamLuminous_Project02/Content/LevelPrototyping/LevelPrototypes/TeamFolder(RenameWhatYouWant)/_GENERATED/jordanandrews/Box_F9674D81.uasset" 4204
"C:/Users/symbi/Documents/School Stuff/LvlDesign2/Project2/Emily/LvlDesign02_TeamLuminous_Project02/Content/LevelPrototyping/LevelPrototypes/TeamFolder(RenameWhatYouWant)/_GENERATED/jordanandrews/Cylinder_6ABF3C61.uasset" 4205
"C:/Users/symbi/Documents/School Stuff/LvlDesign2/Project2/Emily/LvlDesign02_TeamLuminous_Project02/Content/LevelPrototyping/LevelPrototypes/TeamFolder(RenameWhatYouWant)/_GENERATED/jordanandrews/Cylinder_6EF13094.uasset" 4206
"C:/Users/symbi/Documents/School Stuff/LvlDesign2/Project2/Emily/LvlDesign02_TeamLuminous_Project02/Content/LevelPrototyping/LevelPrototypes/TeamFolder(RenameWhatYouWant)/_GENERATED/jordanandrews/Cylinder_A8960548.uasset" 4207
"C:/Users/symbi/Documents/School Stuff/LvlDesign2/Project2/Emily/LvlDesign02_TeamLuminous_Project02/Content/LevelPrototyping/LevelPrototypes/TeamFolder(RenameWhatYouWant)/_GENERATED/jordanandrews/Cylinder_C1C2674C.uasset" 4208
"C:/Users/symbi/Documents/School Stuff/LvlDesign2/Project2/Emily/LvlDesign02_TeamLuminous_Project02/Content/LevelPrototyping/LevelPrototypes/TeamFolder(RenameWhatYouWant)/_GENERATED/jordanandrews/Cylinder_E7AC02A3.uasset" 4209
"C:/Users/symbi/Documents/School Stuff/LvlDesign2/Project2/Emily/LvlDesign02_TeamLuminous_Project02/Content/LevelPrototyping/LevelPrototypes/TeamFolder(RenameWhatYouWant)/_GENERATED/jordanandrews/Cylinder_FAA260E4.uasset" 4210
"C:/Users/symbi/Documents/School Stuff/LvlDesign2/Project2/Emily/LvlDesign02_TeamLuminous_Project02/Content/LevelPrototyping/LevelPrototypes/TeamFolder(RenameWhatYouWant)/_GENERATED/jordanandrews/Merge_21F702DB.uasset" 4211
"C:/Users/symbi/Documents/School Stuff/LvlDesign2/Project2/Emily/LvlDesign02_TeamLuminous_Project02/Content/LevelPrototyping/LevelPrototypes/TeamFolder(RenameWhatYouWant)/_GENERATED/jordanandrews/Merge_9C649734.uasset" 4212
"C:/Users/symbi/Documents/School Stuff/LvlDesign2/Project2/Emily/LvlDesign02_TeamLuminous_Project02/Content/LevelPrototyping/LevelPrototypes/TeamFolder(RenameWhatYouWant)/_GENERATED/jordanandrews/Merge_DD87F518.uasset" 4213
"C:/Users/symbi/Documents/School Stuff/LvlDesign2/Project2/Emily/LvlDesign02_TeamLuminous_Project02/Content/LevelPrototyping/LevelPrototypes/TeamFolder(RenameWhatYouWant)/_GENERATED/jordanandrews/Stairs_187CD95E.uasset" 4214
"C:/Users/symbi/Documents/School Stuff/LvlDesign2/Project2/Emily/LvlDesign02_TeamLuminous_Project02/Content/LevelPrototyping/LevelPrototypes/TeamFolder(RenameWhatYouWant)/_GENERATED/symbi/Boolean_56CBDC58.uasset" 4215
"C:/Users/symbi/Documents/School Stuff/LvlDesign2/Project2/Emily/LvlDesign02_TeamLuminous_Project02/Content/LevelPrototyping/LevelPrototypes/TeamFolder(RenameWhatYouWant)/_GENERATED/symbi/Boolean_829684F8.uasset" 4216
"C:/Users/symbi/Documents/School Stuff/LvlDesign2/Project2/Emily/LvlDesign02_TeamLuminous_Project02/Content/LevelPrototyping/LevelPrototypes/TeamFolder(RenameWhatYouWant)/Sandbox/_GENERATED/symbi/Stairs_123C2A02.uasset" 4217
"C:/Users/symbi/Documents/School Stuff/LvlDesign2/Project2/Emily/LvlDesign02_TeamLuminous_Project02/Content/LevelPrototyping/LevelPrototypes/TeamFolderRenameWhatYouWant/_GENERATED/jordanandrews/Box_7C04B93E.uasset" 4218
"C:/Users/symbi/Documents/School Stuff/LvlDesign2/Project2/Emily/LvlDesign02_TeamLuminous_Project02/Content/LevelPrototyping/LevelPrototypes/TeamFolderRenameWhatYouWant/_GENERATED/jordanandrews/Box_7F76DA81.uasset" 4219
"C:/Users/symbi/Documents/School Stuff/LvlDesign2/Project2/Emily/LvlDesign02_TeamLuminous_Project02/Content/LevelPrototyping/Meshes/sidebox.uasset" 4220
"C:/Users/symbi/Documents/School Stuff/LvlDesign2/Project2/Emily/LvlDesign02_TeamLuminous_Project02/Content/LevelPrototyping/Meshes/StadiumTest2.uasset" 4221
"C:/Users/symbi/Documents/School Stuff/LvlDesign2/Project2/Emily/LvlDesign02_TeamLuminous_Project02/Content/LevelPrototyping/Meshes/UpdatesNMUpper.uasset" 4222
"C:/Users/symbi/Documents/School Stuff/LvlDesign2/Project2/Emily/LvlDesign02_TeamLuminous_Project02/Content/LevelPrototyping/Meshes/oddpillar.uasset" 4223
"../../../Engine/Content/TemplateResources/MI_Template_BaseGray.uasset" 4224
"C:/Users/symbi/Documents/School Stuff/LvlDesign2/Project2/Emily/LvlDesign02_TeamLuminous_Project02/Content/LevelPrototyping/Materials/MI_PrototypeGrid_TopOrange.uasset" 4225
"../../../Engine/Content/TemplateResources/M_Template_Master.uasset" 4226
"/Game/LevelPrototyping/LevelPrototypes/TeamFolderRenameWhatYouWant/TeamBSide_Level" 4227
"C:/Users/symbi/Documents/School Stuff/LvlDesign2/Project2/Emily/LvlDesign02_TeamLuminous_Project02/Content/LevelPrototyping/Materials/Custom/M_Solid_Barricade2.uasset" 4228
"C:/Users/symbi/Documents/School Stuff/LvlDesign2/Project2/Emily/LvlDesign02_TeamLuminous_Project02/Content/LevelPrototyping/Materials/MI_PrototypeGrid_Red.uasset" 4229
"C:/Users/symbi/Documents/School Stuff/LvlDesign2/Project2/Emily/LvlDesign02_TeamLuminous_Project02/Content/Fab/DEMO_MiningPack/StaticMeshes/SM_DEMOCrystal5_Red.uasset" 4230
"C:/Users/symbi/Documents/School Stuff/LvlDesign2/Project2/Emily/LvlDesign02_TeamLuminous_Project02/Content/LevelPrototyping/LevelPrototypes/TeamFolder(RenameWhatYouWant)/_GENERATED/prana/Box_13DB03B4.uasset" 4231
"C:/Users/symbi/Documents/School Stuff/LvlDesign2/Project2/Emily/LvlDesign02_TeamLuminous_Project02/Content/LevelPrototyping/LevelPrototypes/TeamFolder(RenameWhatYouWant)/_GENERATED/prana/Box_25A952D3.uasset" 4232
"C:/Users/symbi/Documents/School Stuff/LvlDesign2/Project2/Emily/LvlDesign02_TeamLuminous_Project02/Content/LevelPrototyping/LevelPrototypes/TeamFolder(RenameWhatYouWant)/_GENERATED/prana/Box_820F80A1.uasset" 4233
"C:/Users/symbi/Documents/School Stuff/LvlDesign2/Project2/Emily/LvlDesign02_TeamLuminous_Project02/Content/LevelPrototyping/LevelPrototypes/TeamFolder(RenameWhatYouWant)/_GENERATED/prana/Box_94B3B83E.uasset" 4234
"C:/Users/symbi/Documents/School Stuff/LvlDesign2/Project2/Emily/LvlDesign02_TeamLuminous_Project02/Content/LevelPrototyping/LevelPrototypes/TeamFolder(RenameWhatYouWant)/_GENERATED/prana/Box_9792D94B.uasset" 4235
"C:/Users/symbi/Documents/School Stuff/LvlDesign2/Project2/Emily/LvlDesign02_TeamLuminous_Project02/Content/LevelPrototyping/LevelPrototypes/TeamFolder(RenameWhatYouWant)/_GENERATED/prana/Box_EB83916E.uasset" 4236
"C:/Users/symbi/Documents/School Stuff/LvlDesign2/Project2/Emily/LvlDesign02_TeamLuminous_Project02/Content/LevelPrototyping/LevelPrototypes/TeamFolder(RenameWhatYouWant)/_GENERATED/prana/Capsule_F8B9ADD1.uasset" 4237
"C:/Users/symbi/Documents/School Stuff/LvlDesign2/Project2/Emily/LvlDesign02_TeamLuminous_Project02/Content/LevelPrototyping/LevelPrototypes/TeamFolder(RenameWhatYouWant)/_GENERATED/prana/Combined_70B9E14F.uasset" 4238
"C:/Users/symbi/Documents/School Stuff/LvlDesign2/Project2/Emily/LvlDesign02_TeamLuminous_Project02/Content/LevelPrototyping/LevelPrototypes/TeamFolder(RenameWhatYouWant)/_GENERATED/prana/Merge_0F1AABBF.uasset" 4239
"C:/Users/symbi/Documents/School Stuff/LvlDesign2/Project2/Emily/LvlDesign02_TeamLuminous_Project02/Content/LevelPrototyping/LevelPrototypes/TeamFolder(RenameWhatYouWant)/_GENERATED/prana/Merge_795B6DD6.uasset" 4240
"C:/Users/symbi/Documents/School Stuff/LvlDesign2/Project2/Emily/LvlDesign02_TeamLuminous_Project02/Content/LevelPrototyping/LevelPrototypes/TeamFolder(RenameWhatYouWant)/_GENERATED/prana/Merge_A26C2015.uasset" 4241
"C:/Users/symbi/Documents/School Stuff/LvlDesign2/Project2/Emily/LvlDesign02_TeamLuminous_Project02/Content/LevelPrototyping/LevelPrototypes/TeamFolder(RenameWhatYouWant)/_GENERATED/prana/Stairs_579F0847.uasset" 4242
"C:/Users/symbi/Documents/School Stuff/LvlDesign2/Project2/Emily/LvlDesign02_TeamLuminous_Project02/Content/LevelPrototyping/LevelPrototypes/TeamFolder(RenameWhatYouWant)/_GENERATED/prana/VoxelBoolean_441E03EF.uasset" 4243
"C:/Users/symbi/Documents/School Stuff/LvlDesign2/Project2/Emily/LvlDesign02_TeamLuminous_Project02/Content/LevelPrototyping/LevelPrototypes/TeamFolder(RenameWhatYouWant)/_GENERATED/symbi/Boolean_1E474FF7.uasset" 4244
"C:/Users/symbi/Documents/School Stuff/LvlDesign2/Project2/Emily/LvlDesign02_TeamLuminous_Project02/Content/LevelPrototyping/LevelPrototypes/TeamFolderRenameWhatYouWant/_GENERATED/prana/Boolean_16ACB34E.uasset" 4245
"C:/Users/symbi/Documents/School Stuff/LvlDesign2/Project2/Emily/LvlDesign02_TeamLuminous_Project02/Content/LevelPrototyping/LevelPrototypes/TeamFolderRenameWhatYouWant/_GENERATED/prana/Boolean_1DA86DE9.uasset" 4246
"C:/Users/symbi/Documents/School Stuff/LvlDesign2/Project2/Emily/LvlDesign02_TeamLuminous_Project02/Content/LevelPrototyping/LevelPrototypes/TeamFolderRenameWhatYouWant/_GENERATED/prana/Boolean_2692E416.uasset" 4247
"C:/Users/symbi/Documents/School Stuff/LvlDesign2/Project2/Emily/LvlDesign02_TeamLuminous_Project02/Content/LevelPrototyping/LevelPrototypes/TeamFolderRenameWhatYouWant/_GENERATED/prana/Boolean_9D56A01E.uasset" 4248
"C:/Users/symbi/Documents/School Stuff/LvlDesign2/Project2/Emily/LvlDesign02_TeamLuminous_Project02/Content/LevelPrototyping/LevelPrototypes/TeamFolderRenameWhatYouWant/_GENERATED/prana/Boolean_A35EA61D.uasset" 4249
"C:/Users/symbi/Documents/School Stuff/LvlDesign2/Project2/Emily/LvlDesign02_TeamLuminous_Project02/Content/LevelPrototyping/LevelPrototypes/TeamFolderRenameWhatYouWant/_GENERATED/prana/Boolean_D0A1BFE9.uasset" 4250
"C:/Users/symbi/Documents/School Stuff/LvlDesign2/Project2/Emily/LvlDesign02_TeamLuminous_Project02/Content/LevelPrototyping/LevelPrototypes/TeamFolderRenameWhatYouWant/_GENERATED/prana/Boolean_DB02DB6D.uasset" 4251
"C:/Users/symbi/Documents/School Stuff/LvlDesign2/Project2/Emily/LvlDesign02_TeamLuminous_Project02/Content/LevelPrototyping/LevelPrototypes/TeamFolderRenameWhatYouWant/_GENERATED/prana/Combined_0533A229.uasset" 4252
"C:/Users/symbi/Documents/School Stuff/LvlDesign2/Project2/Emily/LvlDesign02_TeamLuminous_Project02/Content/LevelPrototyping/LevelPrototypes/TeamFolderRenameWhatYouWant/_GENERATED/prana/Combined_130B1C21.uasset" 4253
"C:/Users/symbi/Documents/School Stuff/LvlDesign2/Project2/Emily/LvlDesign02_TeamLuminous_Project02/Content/LevelPrototyping/LevelPrototypes/TeamFolderRenameWhatYouWant/_GENERATED/prana/Combined_1638A1C4.uasset" 4254
"C:/Users/symbi/Documents/School Stuff/LvlDesign2/Project2/Emily/LvlDesign02_TeamLuminous_Project02/Content/LevelPrototyping/LevelPrototypes/TeamFolderRenameWhatYouWant/_GENERATED/prana/Combined_538B6EC8.uasset" 4255
"C:/Users/symbi/Documents/School Stuff/LvlDesign2/Project2/Emily/LvlDesign02_TeamLuminous_Project02/Content/LevelPrototyping/LevelPrototypes/TeamFolderRenameWhatYouWant/_GENERATED/prana/Combined_6774386C.uasset" 4256
"C:/Users/symbi/Documents/School Stuff/LvlDesign2/Project2/Emily/LvlDesign02_TeamLuminous_Project02/Content/LevelPrototyping/LevelPrototypes/TeamFolderRenameWhatYouWant/_GENERATED/prana/Combined_8807F234.uasset" 4257
"C:/Users/symbi/Documents/School Stuff/LvlDesign2/Project2/Emily/LvlDesign02_TeamLuminous_Project02/Content/LevelPrototyping/LevelPrototypes/TeamFolderRenameWhatYouWant/_GENERATED/prana/Combined_99239D8F.uasset" 4258
"C:/Users/symbi/Documents/School Stuff/LvlDesign2/Project2/Emily/LvlDesign02_TeamLuminous_Project02/Content/LevelPrototyping/LevelPrototypes/TeamFolderRenameWhatYouWant/_GENERATED/prana/Combined_C3B0D124.uasset" 4259
"C:/Users/symbi/Documents/School Stuff/LvlDesign2/Project2/Emily/LvlDesign02_TeamLuminous_Project02/Content/LevelPrototyping/LevelPrototypes/TeamFolderRenameWhatYouWant/_GENERATED/prana/Combined_D345C99B.uasset" 4260
"C:/Users/symbi/Documents/School Stuff/LvlDesign2/Project2/Emily/LvlDesign02_TeamLuminous_Project02/Content/LevelPrototyping/LevelPrototypes/TeamFolderRenameWhatYouWant/_GENERATED/prana/Combined_E1BE1139.uasset" 4261
"C:/Users/symbi/Documents/School Stuff/LvlDesign2/Project2/Emily/LvlDesign02_TeamLuminous_Project02/Content/LevelPrototyping/LevelPrototypes/TeamFolderRenameWhatYouWant/_GENERATED/prana/Merge_E311E42F.uasset" 4262
"C:/Users/symbi/Documents/School Stuff/LvlDesign2/Project2/Emily/LvlDesign02_TeamLuminous_Project02/Content/LevelPrototyping/LevelPrototypes/TeamFolderRenameWhatYouWant/_GENERATED/symbi/Combined_7616E4FE.uasset" 4263
"C:/Users/symbi/Documents/School Stuff/LvlDesign2/Project2/Emily/LvlDesign02_TeamLuminous_Project02/Content/LevelPrototyping/Materials/MI_PrototypeGrid_TopBlue.uasset" 4264
"/Game/Variant_Shooter/Blueprints/AI/EQS/EQS_FindRoamLocation" 4265
"/Game/Variant_Shooter/Blueprints/AI/EQS/EnvQueryContext_Target" 4266
"C:/Users/symbi/Documents/School Stuff/LvlDesign2/Project2/Emily/LvlDesign02_TeamLuminous_Project02/Content/Variant_Shooter/Blueprints/AI/BP_ShooterAIController.uasset" 4267
"C:/Users/symbi/Documents/School Stuff/LvlDesign2/Project2/Emily/LvlDesign02_TeamLuminous_Project02/Content/Variant_Shooter/Blueprints/AI/BP_ShooterNPC.uasset" 4268
"C:/Users/symbi/Documents/School Stuff/LvlDesign2/Project2/Emily/LvlDesign02_TeamLuminous_Project02/Content/Variant_Shooter/Blueprints/AI/ST_Shooter.uasset" 4269
"C:/Users/symbi/Documents/School Stuff/LvlDesign2/Project2/Emily/LvlDesign02_TeamLuminous_Project02/Content/Variant_Shooter/Blueprints/AI/StateTree/StateTreeTask_FaceActor.uasset" 4270
"C:/Users/symbi/Documents/School Stuff/LvlDesign2/Project2/Emily/LvlDesign02_TeamLuminous_Project02/Content/Variant_Shooter/Blueprints/AI/StateTree/StateTreeTask_FaceLocation.uasset" 4271
"C:/Users/symbi/Documents/School Stuff/LvlDesign2/Project2/Emily/LvlDesign02_TeamLuminous_Project02/Content/Variant_Shooter/Blueprints/AI/StateTree/StateTreeTask_SenseEnemies.uasset" 4272
"C:/Users/symbi/Documents/School Stuff/LvlDesign2/Project2/Emily/LvlDesign02_TeamLuminous_Project02/Content/Variant_Shooter/Blueprints/AI/ST_Shooter_ShootAtTarget.uasset" 4273
"C:/Users/symbi/Documents/School Stuff/LvlDesign2/Project2/Emily/LvlDesign02_TeamLuminous_Project02/Content/Variant_Shooter/Blueprints/AI/StateTree/StateTreeCondition_HasLineOfSightToTarget.uasset" 4274
"C:/Users/symbi/Documents/School Stuff/LvlDesign2/Project2/Emily/LvlDesign02_TeamLuminous_Project02/Content/Variant_Shooter/Blueprints/AI/StateTree/StateTreeTask_SetRandomFloat.uasset" 4275
"C:/Users/symbi/Documents/School Stuff/LvlDesign2/Project2/Emily/LvlDesign02_TeamLuminous_Project02/Content/Variant_Shooter/Blueprints/AI/StateTree/StateTreeTask_ShootAtTarget.uasset" 4276
"C:/Users/symbi/Documents/School Stuff/LvlDesign2/Project2/Emily/LvlDesign02_TeamLuminous_Project02/Content/FirstPerson/MI_FirstPersonColorwayRed.uasset" 4277
"C:/Users/symbi/Documents/School Stuff/LvlDesign2/Project2/Emily/LvlDesign02_TeamLuminous_Project02/Content/LevelPrototyping/Materials/MI_PrototypeGrid_Blue.uasset" 4278
"C:/Users/symbi/Documents/School Stuff/LvlDesign2/Project2/Emily/LvlDesign02_TeamLuminous_Project02/Content/LevelPrototyping/Materials/MI_PrototypeGrid_TopDark.uasset" 4279
"C:/Users/symbi/Documents/School Stuff/LvlDesign2/Project2/Emily/LvlDesign02_TeamLuminous_Project02/Content/FirstPerson/MI_FirstPersonColorwayBlue.uasset" 4280
"C:/Users/symbi/Documents/School Stuff/LvlDesign2/Project2/Emily/LvlDesign02_TeamLuminous_Project02/Content/LevelPrototyping/LevelPrototypes/TeamFolder(RenameWhatYouWant)/TeamSandbox_PracticeRange.umap" 4281
"C:/Users/symbi/Documents/School Stuff/LvlDesign2/Project2/Emily/LvlDesign02_TeamLuminous_Project02/Content/LevelPrototyping/Materials/MI_DefaultColorway_InstLight.uasset" 4282
"C:/Users/symbi/Documents/School Stuff/LvlDesign2/Project2/Emily/LvlDesign02_TeamLuminous_Project02/Content/LevelPrototyping/LevelPrototypes/TeamFolderRenameWhatYouWant/TeamASide_Level.umap" 4283
"C:/Users/symbi/Documents/School Stuff/LvlDesign2/Project2/Emily/LvlDesign02_TeamLuminous_Project02/Content/LevelPrototyping/LevelPrototypes/TeamFolder(RenameWhatYouWant)/_GENERATED/the9t/Boolean_28CACF6E.uasset" 4284
"C:/Users/symbi/Documents/School Stuff/LvlDesign2/Project2/Emily/LvlDesign02_TeamLuminous_Project02/Content/LevelPrototyping/LevelPrototypes/TeamFolder(RenameWhatYouWant)/_GENERATED/symbi/Boolean_E92082AB.uasset" 4285
"C:/Users/symbi/Documents/School Stuff/LvlDesign2/Project2/Emily/LvlDesign02_TeamLuminous_Project02/Content/LevelPrototyping/LevelPrototypes/TeamFolder(RenameWhatYouWant)/_GENERATED/the9t/Boolean_68BE643B.uasset" 4286
"C:/Users/symbi/Documents/School Stuff/LvlDesign2/Project2/Emily/LvlDesign02_TeamLuminous_Project02/Content/LevelPrototyping/LevelPrototypes/TeamFolder(RenameWhatYouWant)/_GENERATED/the9t/Boolean_0E9F70BC.uasset" 4287
"C:/Users/symbi/Documents/School Stuff/LvlDesign2/Project2/Emily/LvlDesign02_TeamLuminous_Project02/Content/LevelPrototyping/LevelPrototypes/TeamFolderRenameWhatYouWant/TeamNoMansUnder_Level.umap" 4288
"C:/Users/symbi/Documents/School Stuff/LvlDesign2/Project2/Emily/LvlDesign02_TeamLuminous_Project02/Content/LevelPrototyping/LevelPrototypes/TeamFolder(RenameWhatYouWant)/_GENERATED/symbi/Boolean_3A055218.uasset" 4289
"C:/Users/symbi/Documents/School Stuff/LvlDesign2/Project2/Emily/LvlDesign02_TeamLuminous_Project02/Content/LevelPrototyping/LevelPrototypes/TeamFolder(RenameWhatYouWant)/_GENERATED/symbi/Boolean_9EF262F5.uasset" 4290
"C:/Users/symbi/Documents/School Stuff/LvlDesign2/Project2/Emily/LvlDesign02_TeamLuminous_Project02/Content/LevelPrototyping/LevelPrototypes/TeamFolder(RenameWhatYouWant)/_GENERATED/symbi/Boolean_6224C0F1.uasset" 4291
"C:/Users/symbi/Documents/School Stuff/LvlDesign2/Project2/Emily/LvlDesign02_TeamLuminous_Project02/Content/LevelPrototyping/LevelPrototypes/TeamFolder(RenameWhatYouWant)/_GENERATED/the9t/Box_0E287C3E.uasset" 4292
"C:/Users/symbi/Documents/School Stuff/LvlDesign2/Project2/Emily/LvlDesign02_TeamLuminous_Project02/Content/LevelPrototyping/LevelPrototypes/TeamFolder(RenameWhatYouWant)/_GENERATED/the9t/Boolean_3FF77807.uasset" 4293
"C:/Users/symbi/Documents/School Stuff/LvlDesign2/Project2/Emily/LvlDesign02_TeamLuminous_Project02/Content/LevelPrototyping/LevelPrototypes/TeamFolder(RenameWhatYouWant)/_GENERATED/jordanandrews/Box_07A24E50.uasset" 4294
"C:/Users/symbi/Documents/School Stuff/LvlDesign2/Project2/Emily/LvlDesign02_TeamLuminous_Project02/Content/LevelPrototyping/LevelPrototypes/TeamFolder(RenameWhatYouWant)/_GENERATED/jordanandrews/Box_0CD86752.uasset" 4295
"../../../Engine/Content/EngineMaterials/PhysMat_Rubber.uasset" 4296
"C:/Users/symbi/Documents/School Stuff/LvlDesign2/Project2/Emily/LvlDesign02_TeamLuminous_Project02/Content/LevelPrototyping/LevelPrototypes/TeamFolderRenameWhatYouWant/TeamNoMansUpper_Level.umap" 4297
"C:/Users/symbi/Documents/School Stuff/LvlDesign2/Project2/Emily/LvlDesign02_TeamLuminous_Project02/Content/Weapons/GrenadeLauncher/Meshes/SM_ShotgunBullet.uasset" 4298
"C:/Users/symbi/Documents/School Stuff/LvlDesign2/Project2/Emily/LvlDesign02_TeamLuminous_Project02/Content/FirstPerson/MI_ShotgunBullet.uasset" 4299
"C:/Users/symbi/Documents/School Stuff/LvlDesign2/Project2/Emily/LvlDesign02_TeamLuminous_Project02/Content/Variant_Shooter/Blueprints/Pickups/Projectiles/BP_Shotgun_Bullet.uasset" 4300
"C:/Users/symbi/Documents/School Stuff/LvlDesign2/Project2/Emily/LvlDesign02_TeamLuminous_Project02/Content/Weapons/Rifle/Meshes/SK_Shotgun.uasset" 4301
"C:/Users/symbi/Documents/School Stuff/LvlDesign2/Project2/Emily/LvlDesign02_TeamLuminous_Project02/Content/LevelPrototyping/ActorBlueprints/BP_Entrance.uasset" 4302
"C:/Users/symbi/Documents/School Stuff/LvlDesign2/Project2/Emily/LvlDesign02_TeamLuminous_Project02/Content/Weapons/Rifle/Materials/M_Shotgun.uasset" 4303
"C:/Users/symbi/Documents/School Stuff/LvlDesign2/Project2/Emily/LvlDesign02_TeamLuminous_Project02/Content/LevelPrototyping/LevelPrototypes/TeamFolder(RenameWhatYouWant)/_GENERATED/jordanandrews/Box_774DA03E.uasset" 4304
"C:/Users/symbi/Documents/School Stuff/LvlDesign2/Project2/Emily/LvlDesign02_TeamLuminous_Project02/Content/LevelPrototyping/LevelPrototypes/TeamFolder(RenameWhatYouWant)/_GENERATED/jordanandrews/Box_E1F00DBC.uasset" 4305
"C:/Users/symbi/Documents/School Stuff/LvlDesign2/Project2/Emily/LvlDesign02_TeamLuminous_Project02/Content/LevelPrototyping/Meshes/Entrance.uasset" 4306
"/Engine/EditorResources/EmptyActor" 4307
"../../../Engine/Content/EditorResources/EmptyActor.uasset" 4308
"/Engine/EditorResources/AudioIcons/S_AudioComponent_AutoActivate" 4309
"../../../Engine/Content/EditorResources/AudioIcons/S_AudioComponent_AutoActivate.uasset" 4310
"/Engine/EditorResources/LightIcons/S_LightError" 4311
"../../../Engine/Content/EditorResources/LightIcons/S_LightError.uasset" 4312
"/Game/LevelPrototyping/LevelPrototypes/TeamFolderRenameWhatYouWant/TeamSandbox_PracticeRange" 4313
"/Game/LevelPrototyping/LevelPrototypes/TeamFolder(RenameWhatYouWant)/TeamSandbox_PracticeRange" 4314
"/Game/LevelPrototyping/Materials/MI_DefaultColorway_InstLight" 4315
"/Game/LevelPrototyping/LevelPrototypes/TeamFolder(RenameWhatYouWant)/_GENERATED/the9t/Boolean_28CACF6E" 4316
"C:/Users/symbi/Documents/School Stuff/LvlDesign2/Project2/Emily/LvlDesign02_TeamLuminous_Project02/Content/Weapons/Rifle/Meshes/SKM_Shotgun.uasset" 4317
"C:/Users/symbi/Documents/School Stuff/LvlDesign2/Project2/Emily/LvlDesign02_TeamLuminous_Project02/Content/Characters/Mannequins/Anims/Rifle/MM_Rifle_Fire.uasset" 4318
"C:/Users/symbi/Documents/School Stuff/LvlDesign2/Project2/Emily/LvlDesign02_TeamLuminous_Project02/Content/Variant_Shooter/Sounds/Luminous_Custom/1911-reload-6248.uasset" 4319
"/Game/LevelPrototyping/LevelPrototypes/TeamFolder(RenameWhatYouWant)/_GENERATED/symbi/Boolean_E92082AB" 4320
"C:/Users/symbi/Documents/School Stuff/LvlDesign2/Project2/Emily/LvlDesign02_TeamLuminous_Project02/Content/Variant_Shooter/Sounds/Luminous_Custom/Reload2_Sound.uasset" 4321
"C:/Users/symbi/Documents/School Stuff/LvlDesign2/Project2/Emily/LvlDesign02_TeamLuminous_Project02/Content/Variant_Shooter/Anims/FP_Rifle_Shoot_Montage.uasset" 4322
"C:/Users/symbi/Documents/School Stuff/LvlDesign2/Project2/Emily/LvlDesign02_TeamLuminous_Project02/Content/Variant_Shooter/Blueprints/Pickups/Projectiles/BP_Sniper_Bullet.uasset" 4323
"C:/Users/symbi/Documents/School Stuff/LvlDesign2/Project2/Emily/LvlDesign02_TeamLuminous_Project02/Content/Weapons/Rifle/Meshes/SK_Sniper.uasset" 4324
"C:/Users/symbi/Documents/School Stuff/LvlDesign2/Project2/Emily/LvlDesign02_TeamLuminous_Project02/Content/Variant_Shooter/Sounds/Shotgun_Sound.uasset" 4325
"C:/Users/symbi/Documents/School Stuff/LvlDesign2/Project2/Emily/LvlDesign02_TeamLuminous_Project02/Content/Variant_Shooter/Blueprints/Pickups/Weapons/BP_ShooterWeapon_Shotgun.uasset" 4326
"/Game/LevelPrototyping/LevelPrototypes/TeamFolder(RenameWhatYouWant)/_GENERATED/symbi/Boolean_9EF262F5" 4327
"/Game/LevelPrototyping/LevelPrototypes/TeamFolder(RenameWhatYouWant)/_GENERATED/symbi/Boolean_6224C0F1" 4328
"/Game/LevelPrototyping/LevelPrototypes/TeamFolder(RenameWhatYouWant)/_GENERATED/symbi/Boolean_3A055218" 4329
"/Game/LevelPrototyping/LevelPrototypes/TeamFolderRenameWhatYouWant/TeamASide_Level" 4330
"/Game/LevelPrototyping/LevelPrototypes/TeamFolder(RenameWhatYouWant)/_GENERATED/the9t/Boolean_68BE643B" 4331
"/Game/LevelPrototyping/LevelPrototypes/TeamFolder(RenameWhatYouWant)/_GENERATED/the9t/Boolean_3FF77807" 4332
"/Game/LevelPrototyping/LevelPrototypes/TeamFolder(RenameWhatYouWant)/_GENERATED/the9t/Boolean_0E9F70BC" 4333
"/Game/LevelPrototyping/LevelPrototypes/TeamFolder(RenameWhatYouWant)/_GENERATED/the9t/Box_0E287C3E" 4334
"/Game/LevelPrototyping/LevelPrototypes/TeamFolderRenameWhatYouWant/TeamNoMansUnder_Level" 4335
"/Game/LevelPrototyping/LevelPrototypes/TeamFolder(RenameWhatYouWant)/_GENERATED/jordanandrews/Box_07A24E50" 4336
"/Game/LevelPrototyping/LevelPrototypes/TeamFolder(RenameWhatYouWant)/_GENERATED/jordanandrews/Box_0CD86752" 4337
"/Game/LevelPrototyping/LevelPrototypes/TeamFolder(RenameWhatYouWant)/_GENERATED/jordanandrews/Box_774DA03E" 4338
"/Game/LevelPrototyping/LevelPrototypes/TeamFolder(RenameWhatYouWant)/_GENERATED/jordanandrews/Box_E1F00DBC" 4339
"/Game/LevelPrototyping/Meshes/Entrance" 4340
"/Engine/EngineMaterials/PhysMat_Rubber" 4341
"/Game/LevelPrototyping/ActorBlueprints/BP_Entrance" 4342
"/Game/LevelPrototyping/LevelPrototypes/TeamFolderRenameWhatYouWant/TeamNoMansUpper_Level" 4343
"/Game/Weapons/GrenadeLauncher/Meshes/SM_ShotgunBullet" 4344
"/Game/FirstPerson/MI_ShotgunBullet" 4345
"/Game/Variant_Shooter/Blueprints/Pickups/Projectiles/BP_Shotgun_Bullet" 4346
"/Game/Weapons/Rifle/Meshes/SK_Shotgun" 4347
"/Game/Weapons/Rifle/Materials/M_Shotgun" 4348
"C:/Users/symbi/Documents/School Stuff/LvlDesign2/Project2/Emily/LvlDesign02_TeamLuminous_Project02/Content/Weapons/Rifle/Materials/M_Sniper.uasset" 4349
"C:/Users/symbi/Documents/School Stuff/LvlDesign2/Project2/Emily/LvlDesign02_TeamLuminous_Project02/Content/Weapons/Rifle/Meshes/SKM_Sniper.uasset" 4350
"C:/Users/symbi/Documents/School Stuff/LvlDesign2/Project2/Emily/LvlDesign02_TeamLuminous_Project02/Content/Variant_Shooter/Sounds/Luminous_Custom/SniperShot_Sound.uasset" 4351
"C:/Users/symbi/Documents/School Stuff/LvlDesign2/Project2/Emily/LvlDesign02_TeamLuminous_Project02/Content/Variant_Shooter/Blueprints/Pickups/Projectiles/BP_Shooter_GrenadeExplosion.uasset" 4352
"C:/Users/symbi/Documents/School Stuff/LvlDesign2/Project2/Emily/LvlDesign02_TeamLuminous_Project02/Content/Variant_Shooter/Blueprints/Pickups/Weapons/BP_ShooterWeapon_Rifle.uasset" 4353
"C:/Users/symbi/Documents/School Stuff/LvlDesign2/Project2/Emily/LvlDesign02_TeamLuminous_Project02/Content/Variant_Shooter/Blueprints/Pickups/Weapons/BP_ShooterWeapon_Sniper.uasset" 4354
"C:/Users/symbi/Documents/School Stuff/LvlDesign2/Project2/Emily/LvlDesign02_TeamLuminous_Project02/Content/Variant_Shooter/Blueprints/Pickups/Projectiles/BP_Rifle_Bullet.uasset" 4355
"C:/Users/symbi/Documents/School Stuff/LvlDesign2/Project2/Emily/LvlDesign02_TeamLuminous_Project02/Content/Variant_Shooter/Sounds/Luminous_Custom/RifleShot_Sound.uasset" 4356
"C:/Users/symbi/Documents/School Stuff/LvlDesign2/Project2/Emily/LvlDesign02_TeamLuminous_Project02/Content/Variant_Shooter/Blueprints/Pickups/Projectiles/Materials/M_Explosion.uasset" 4357
"C:/Users/symbi/Documents/School Stuff/LvlDesign2/Project2/Emily/LvlDesign02_TeamLuminous_Project02/Content/Variant_Shooter/Blueprints/Pickups/Projectiles/BP_ShooterProjectile_Grenade.uasset" 4358
"C:/Users/symbi/Documents/School Stuff/LvlDesign2/Project2/Emily/LvlDesign02_TeamLuminous_Project02/Content/Weapons/GrenadeLauncher/Meshes/PA_GrenadeLauncher.uasset" 4359
"C:/Users/symbi/Documents/School Stuff/LvlDesign2/Project2/Emily/LvlDesign02_TeamLuminous_Project02/Content/Weapons/GrenadeLauncher/Textures/T_FPGun_M.uasset" 4360
"C:/Users/symbi/Documents/School Stuff/LvlDesign2/Project2/Emily/LvlDesign02_TeamLuminous_Project02/Content/Weapons/GrenadeLauncher/Materials/M_GrenadeLauncher.uasset" 4361
"C:/Users/symbi/Documents/School Stuff/LvlDesign2/Project2/Emily/LvlDesign02_TeamLuminous_Project02/Content/Weapons/GrenadeLauncher/Meshes/SKM_GrenadeLauncher.uasset" 4362
"../../../Engine/Content/EngineSounds/Submixes/MasterReverbEffectPreset.uasset" 4363
"C:/Users/symbi/Documents/School Stuff/LvlDesign2/Project2/Emily/LvlDesign02_TeamLuminous_Project02/Content/Variant_Shooter/Blueprints/Pickups/Weapons/BP_ShooterWeapon_GrenadeLauncher.uasset" 4364
"../../../Engine/Content/EngineSounds/Submixes/MasterEQEffectPreset.uasset" 4365
"C:/Users/symbi/Documents/School Stuff/LvlDesign2/Project2/Emily/LvlDesign02_TeamLuminous_Project02/Content/Variant_Shooter/Sounds/WeaponSwap_Sound.uasset" 4366
"C:/Users/symbi/Documents/School Stuff/LvlDesign2/Project2/Emily/LvlDesign02_TeamLuminous_Project02/Content/Variant_Shooter/Sounds/GrenadesShot_Sound.uasset" 4367
"C:/Users/symbi/Documents/School Stuff/LvlDesign2/Project2/Emily/LvlDesign02_TeamLuminous_Project02/Content/Weapons/GrenadeLauncher/Meshes/SK_GrenadeLauncher.uasset" 4368
"C:/Users/symbi/Documents/School Stuff/LvlDesign2/Project2/Emily/LvlDesign02_TeamLuminous_Project02/Content/Weapons/GrenadeLauncher/Textures/T_FPGun_N.uasset" 4369
"../../../Engine/Content/EngineSounds/Submixes/MasterEQSubmixDefault.uasset" 4370
"../../../Engine/Content/EngineSounds/Submixes/MasterSubmixDefault.uasset" 4371
"/Game/Weapons/Rifle/Meshes/SK_Sniper" 4372
"/Game/Variant_Shooter/Blueprints/Pickups/Projectiles/BP_Sniper_Bullet" 4373
"/Game/Variant_Shooter/Blueprints/Pickups/Weapons/BP_ShooterWeapon_Shotgun" 4374
"../../../Engine/Plugins/Interchange/Assets/Content/gltf/MaterialFunctions/MF_Clearcoat.uasset" 4375
"../../../Engine/Plugins/Interchange/Assets/Content/gltf/MaterialBodies/MF_ClearCoat_Body.uasset" 4376
"../../../Engine/Content/EngineSounds/Submixes/MasterReverbSubmixDefault.uasset" 4377
"../../../Engine/Plugins/Interchange/Assets/Content/gltf/M_ClearCoat.uasset" 4378
"../../../Engine/Plugins/Interchange/Assets/Content/gltf/MaterialInstances/MI_ClearCoat_Opaque.uasset" 4379
"/Engine/EngineSounds/Submixes/MasterEQEffectPreset" 4380
"../../../Engine/Plugins/Interchange/Assets/Content/gltf/MaterialInstances/MI_ClearCoat_Mask.uasset" 4381
"../../../Engine/Plugins/Interchange/Assets/Content/gltf/MaterialInstances/MI_ClearCoat_Blend.uasset" 4382
"../../../Engine/Plugins/Interchange/Assets/Content/gltf/MaterialInstances/MI_ClearCoat_Opaque_DS.uasset" 4383
"../../../Engine/Plugins/Interchange/Assets/Content/gltf/MaterialInstances/MI_ClearCoat_Mask_DS.uasset" 4384
"/Engine/EngineSounds/Submixes/MasterReverbEffectPreset" 4385
"/Game/Variant_Shooter/Blueprints/Pickups/Weapons/BP_ShooterWeapon_GrenadeLauncher" 4386
"/Game/Variant_Shooter/Blueprints/Pickups/Weapons/BP_ShooterWeapon_Rifle" 4387
"/Game/Variant_Shooter/Blueprints/Pickups/Weapons/BP_ShooterWeapon_Sniper" 4388
"../../../Engine/Plugins/Interchange/Assets/Content/gltf/MaterialFunctions/MF_Sheen.uasset" 4389
"../../../Engine/Plugins/Interchange/Assets/Content/gltf/MaterialBodies/MF_Sheen_Body.uasset" 4390
"../../../Engine/Plugins/Interchange/Assets/Content/gltf/M_Sheen.uasset" 4391
"../../../Engine/Plugins/Interchange/Assets/Content/gltf/MaterialInstances/MI_Default_Opaque.uasset" 4392
"../../../Engine/Plugins/Interchange/Assets/Content/gltf/MaterialInstances/MI_Default_Mask_DS.uasset" 4393
"../../../Engine/Plugins/Interchange/Assets/Content/gltf/MaterialInstances/MI_Default_Blend_DS.uasset" 4394
"../../../Engine/Plugins/Interchange/Assets/Content/gltf/MaterialInstances/MI_Sheen_Opaque.uasset" 4395
"../../../Engine/Plugins/Interchange/Assets/Content/gltf/MaterialInstances/MI_ClearCoat_Blend_DS.uasset" 4396
"/Engine/EngineSounds/Submixes/MasterSubmixDefault" 4397
"../../../Engine/Plugins/Interchange/Assets/Content/gltf/MaterialInstances/MI_Sheen_Mask.uasset" 4398
"../../../Engine/Plugins/Interchange/Assets/Content/gltf/MaterialInstances/MI_Default_Blend.uasset" 4399
"../../../Engine/Plugins/Interchange/Assets/Content/gltf/MaterialInstances/MI_Default_Mask.uasset" 4400
"../../../Engine/Plugins/Interchange/Assets/Content/gltf/MaterialInstances/MI_Sheen_Blend.uasset" 4401
"../../../Engine/Plugins/Interchange/Assets/Content/gltf/MaterialFunctions/MF_Transmission.uasset" 4402
"../../../Engine/Plugins/Interchange/Assets/Content/gltf/MaterialInstances/MI_Sheen_Mask_DS.uasset" 4403
"../../../Engine/Plugins/Interchange/Assets/Content/gltf/MaterialInstances/MI_Sheen_Opaque_DS.uasset" 4404
"../../../Engine/Plugins/Interchange/Assets/Content/gltf/MaterialFunctions/MF_Fresnel_DS.uasset" 4405
"../../../Engine/Plugins/Interchange/Assets/Content/gltf/MaterialBodies/MF_Transmission_Body.uasset" 4406
"../../../Engine/Content/Functions/Engine_MaterialFunctions02/Texturing/ScreenAlignedPixelToPixelUVs.uasset" 4407
"../../../Engine/Plugins/Interchange/Assets/Content/gltf/M_Transmission.uasset" 4408
"../../../Engine/Plugins/Interchange/Assets/Content/gltf/MaterialInstances/MI_Sheen_Blend_DS.uasset" 4409
"../../../Engine/Plugins/Interchange/Assets/Content/gltf/MaterialFunctions/MF_Temporal_Blur.uasset" 4410
"/InterchangeAssets/gltf/MaterialInstances/MI_ClearCoat_Mask_DS" 4411
"/InterchangeAssets/gltf/MaterialInstances/MI_ClearCoat_Opaque_DS" 4412
"../../../Engine/Plugins/Interchange/Assets/Shaders/ThinFilmFunctions.usf" 4413
"/InterchangeAssets/gltf/MaterialInstances/MI_ClearCoat_Blend" 4414
"/InterchangeAssets/gltf/MaterialInstances/MI_ClearCoat_Mask" 4415
"/InterchangeAssets/gltf/MaterialInstances/MI_ClearCoat_Opaque" 4416
"/InterchangeAssets/gltf/MaterialFunctions/MF_Sheen" 4417
"../../../Engine/Plugins/Interchange/Assets/Content/gltf/MaterialFunctions/MF_PerceivedBrightness.uasset" 4418
"../../../Engine/Content/Functions/Engine_MaterialFunctions02/Math/AddComponents.uasset" 4419
"../../../Engine/Plugins/Interchange/Assets/Content/gltf/MaterialBodies/MF_SpecularGlossiness_Body.uasset" 4420
"../../../Engine/Plugins/Interchange/Assets/Content/gltf/MaterialFunctions/MF_SpecGlossToMetalRoughness.uasset" 4421
"../../../Engine/Plugins/Interchange/Assets/Content/gltf/MaterialInstances/MI_Transmission_DS.uasset" 4422
"../../../Engine/Plugins/Interchange/Assets/Content/gltf/MaterialFunctions/MF_MaxComponentValue.uasset" 4423
"../../../Engine/Plugins/Interchange/Assets/Content/gltf/M_SpecularGlossiness.uasset" 4424
"/InterchangeAssets/gltf/M_Transmission" 4425
"../../../Engine/Plugins/Interchange/Assets/Content/gltf/MaterialFunctions/MF_DiffuseSpecGloss.uasset" 4426
"../../../Engine/Plugins/Interchange/Assets/Content/gltf/MaterialInstances/MI_Transmission.uasset" 4427
"../../../Engine/Plugins/Interchange/Assets/Content/gltf/MaterialInstances/MI_SpecularGlossiness_Blend.uasset" 4428
"../../../Engine/Plugins/Interchange/Assets/Content/gltf/MaterialInstances/MI_SpecularGlossiness_Mask.uasset" 4429
"../../../Engine/Plugins/Interchange/Assets/Content/gltf/MaterialInstances/MI_SpecularGlossiness_Opaque.uasset" 4430
"/InterchangeAssets/gltf/MaterialInstances/MI_Sheen_Blend_DS" 4431
"/InterchangeAssets/gltf/MaterialInstances/MI_Sheen_Mask_DS" 4432
"/InterchangeAssets/gltf/MaterialInstances/MI_Sheen_Opaque_DS" 4433
"/InterchangeAssets/gltf/MaterialInstances/MI_Sheen_Blend" 4434
"/InterchangeAssets/gltf/MaterialInstances/MI_Sheen_Mask" 4435
"/InterchangeAssets/gltf/MaterialInstances/MI_Sheen_Opaque" 4436
"/InterchangeAssets/gltf/MaterialInstances/MI_Default_Blend_DS" 4437
"/InterchangeAssets/gltf/MaterialInstances/MI_Default_Mask_DS" 4438
"/InterchangeAssets/gltf/MaterialInstances/MI_Default_Blend" 4439
"/InterchangeAssets/gltf/MaterialInstances/MI_Default_Mask" 4440
"/InterchangeAssets/gltf/MaterialInstances/MI_Default_Opaque" 4441
"/InterchangeAssets/gltf/MaterialInstances/MI_ClearCoat_Blend_DS" 4442
"../../../Engine/Plugins/Interchange/Assets/Content/gltf/MaterialInstances/MI_SpecularGlossiness_Opaque_DS.uasset" 4443
"../../../Engine/Plugins/Interchange/Assets/Content/gltf/MaterialInstances/MI_SpecularGlossiness_Mask_DS.uasset" 4444
"../../../Engine/Plugins/Interchange/Assets/Content/gltf/MaterialInstances/MI_SpecularGlossiness_Blend_DS.uasset" 4445
"/InterchangeAssets/gltf/MaterialInstances/MI_SpecularGlossiness_Blend" 4446
"/InterchangeAssets/gltf/MaterialInstances/MI_SpecularGlossiness_Mask" 4447
"/InterchangeAssets/gltf/MaterialInstances/MI_SpecularGlossiness_Opaque" 4448
"/InterchangeAssets/gltf/MaterialInstances/MI_Transmission_DS" 4449
"/InterchangeAssets/gltf/MaterialInstances/MI_Transmission" 4450
"../../../Engine/Content/Functions/Substrate/MF_SchlickInternal.uasset" 4451
"../../../Engine/Plugins/Interchange/Assets/Content/Functions/MF_OrenNayerView.uasset" 4452
"../../../Engine/Plugins/Interchange/Assets/Content/Functions/MX_Transmission.uasset" 4453
"../../../Engine/Plugins/Interchange/Assets/Content/Functions/MX_StandardSurface.uasset" 4454
"../../../Engine/Content/Functions/Engine_MaterialFunctions01/Volumetrics/BeersLaw.uasset" 4455
"../../../Engine/Plugins/Interchange/Assets/Content/Functions/MX_TransmissionSurface.uasset" 4456
"../../../Engine/Plugins/Interchange/Assets/Content/Functions/MX_OpenPBR_Translucent.uasset" 4457
"../../../Engine/Plugins/Interchange/Assets/Content/gltf/MaterialBodies/MF_Unlit_Body.uasset" 4458
"../../../Engine/Plugins/Interchange/Assets/Content/gltf/M_Unlit.uasset" 4459
"../../../Engine/Plugins/Interchange/Assets/Content/gltf/MaterialInstances/MI_Unlit_Opaque.uasset" 4460
"../../../Engine/Plugins/Interchange/Assets/Content/gltf/MaterialInstances/MI_Unlit_Mask.uasset" 4461
"../../../Engine/Plugins/Interchange/Assets/Content/gltf/MaterialInstances/MI_Unlit_Blend.uasset" 4462
"C:/Users/symbi/Documents/School Stuff/LvlDesign2/Project2/Emily/LvlDesign02_TeamLuminous_Project02/Content/Weapons/Pistol/Meshes/SM_Pistol.uasset" 4463
"../../../Engine/Plugins/Interchange/Assets/Content/gltf/MaterialInstances/MI_Unlit_Mask_DS.uasset" 4464
"../../../Engine/Plugins/Interchange/Assets/Content/gltf/MaterialInstances/MI_Unlit_Blend_DS.uasset" 4465
"../../../Engine/Plugins/Interchange/Assets/Content/gltf/MaterialInstances/MI_Unlit_Opaque_DS.uasset" 4466
"/InterchangeAssets/gltf/MaterialInstances/MI_SpecularGlossiness_Blend_DS" 4467
"/InterchangeAssets/gltf/MaterialInstances/MI_SpecularGlossiness_Mask_DS" 4468
"/InterchangeAssets/gltf/MaterialInstances/MI_SpecularGlossiness_Opaque_DS" 4469
"C:/Users/symbi/Documents/School Stuff/LvlDesign2/Project2/Emily/LvlDesign02_TeamLuminous_Project02/Content/Weapons/GrenadeLauncher/Meshes/SM_GrenadeLauncher.uasset" 4470
"C:/Users/symbi/Documents/School Stuff/LvlDesign2/Project2/Emily/LvlDesign02_TeamLuminous_Project02/Content/Weapons/Rifle/Meshes/SM_Shotgun.uasset" 4471
"C:/Users/symbi/Documents/School Stuff/LvlDesign2/Project2/Emily/LvlDesign02_TeamLuminous_Project02/Content/Weapons/Rifle/Meshes/SM_Sniper.uasset" 4472
"C:/Users/symbi/Documents/School Stuff/LvlDesign2/Project2/Emily/LvlDesign02_TeamLuminous_Project02/Content/Weapons/Rifle/Meshes/SM_Rifle.uasset" 4473
"/InterchangeAssets/gltf/MaterialInstances/MI_Unlit_Blend" 4474
"/InterchangeAssets/gltf/MaterialInstances/MI_Unlit_Mask" 4475
"/InterchangeAssets/gltf/MaterialInstances/MI_Unlit_Opaque" 4476
"/InterchangeAssets/Functions/MX_OpenPBR_Translucent" 4477
"/Game/Weapons/Pistol/Meshes/SM_Pistol" 4478
"/InterchangeAssets/gltf/MaterialInstances/MI_Unlit_Blend_DS" 4479
"/InterchangeAssets/gltf/MaterialInstances/MI_Unlit_Mask_DS" 4480
"/InterchangeAssets/gltf/MaterialInstances/MI_Unlit_Opaque_DS" 4481
"/Game/Weapons/GrenadeLauncher/Meshes/SM_GrenadeLauncher" 4482
"/Game/Weapons/Rifle/Meshes/SM_Rifle" 4483
"/Game/Weapons/Rifle/Meshes/SM_Sniper" 4484
"/Game/Weapons/Rifle/Meshes/SM_Shotgun" 4485
"../../../Engine/Plugins/Interchange/Assets/Content/Functions/MX_OpenPBR_Opaque.uasset" 4486
"/InterchangeAssets/Functions/MX_OpenPBR_Opaque" 4487
"../../../Engine/Plugins/Animation/ControlRig/Content/Controls/ControlRig_Sphere_solid.uasset" 4488
"../../../Engine/Plugins/Animation/ControlRig/Content/Controls/ControlRig_Arrow2_1mm.uasset" 4489
"../../../Engine/Plugins/Animation/ControlRig/Content/Controls/ControlRig_Arrow2_solid.uasset" 4490
"../../../Engine/Plugins/Animation/ControlRig/Content/Controls/ControlRig_Arrow2_3mm.uasset" 4491
"../../../Engine/Plugins/Animation/ControlRig/Content/Controls/ControlRig_Arrow4_1mm.uasset" 4492
"../../../Engine/Plugins/Animation/ControlRig/Content/Controls/ControlRig_Arrow4_3mm.uasset" 4493
"../../../Engine/Plugins/Animation/ControlRig/Content/Controls/ControlRig_Arrow4_solid.uasset" 4494
"../../../Engine/Plugins/Animation/ControlRig/Content/Controls/ControlRig_Arrow_1mm.uasset" 4495
"../../../Engine/Plugins/Animation/ControlRig/Content/Controls/ControlRig_Arrow_3mm.uasset" 4496
"../../../Engine/Plugins/Animation/ControlRig/Content/Controls/ControlRig_Arrow_solid.uasset" 4497
"../../../Engine/Plugins/Animation/ControlRig/Content/Controls/ControlRig_Box_1mm.uasset" 4498
"../../../Engine/Plugins/Animation/ControlRig/Content/Controls/ControlRig_Box_3mm.uasset" 4499
"../../../Engine/Plugins/Animation/ControlRig/Content/Controls/ControlRig_Box_solid.uasset" 4500
"../../../Engine/Plugins/Animation/ControlRig/Content/Controls/ControlRig_Circle_1mm.uasset" 4501
"../../../Engine/Plugins/Animation/ControlRig/Content/Controls/ControlRig_Circle_3mm.uasset" 4502
"../../../Engine/Plugins/Animation/ControlRig/Content/Controls/ControlRig_Circle_solid.uasset" 4503
"../../../Engine/Plugins/Animation/ControlRig/Content/Controls/ControlRig_Diamond_1mm.uasset" 4504
"../../../Engine/Plugins/Animation/ControlRig/Content/Controls/ControlRig_Diamond_3mm.uasset" 4505
"../../../Engine/Plugins/Animation/ControlRig/Content/Controls/ControlRig_Diamond_solid.uasset" 4506
"../../../Engine/Plugins/Animation/ControlRig/Content/Controls/ControlRig_HalfCircle_1mm.uasset" 4507
"../../../Engine/Plugins/Animation/ControlRig/Content/Controls/ControlRig_HalfCircle_3mm.uasset" 4508
"/ControlRig/Controls/ControlRig_HalfCircle_1mm" 4509
"/ControlRig/Controls/ControlRig_Diamond_solid" 4510
"/ControlRig/Controls/ControlRig_Diamond_3mm" 4511
"/ControlRig/Controls/ControlRig_Diamond_1mm" 4512
"/ControlRig/Controls/ControlRig_Circle_solid" 4513
"/ControlRig/Controls/ControlRig_Circle_3mm" 4514
"/ControlRig/Controls/ControlRig_Circle_1mm" 4515
"/ControlRig/Controls/ControlRig_Box_solid" 4516
"/ControlRig/Controls/ControlRig_Box_3mm" 4517
"/ControlRig/Controls/ControlRig_Box_1mm" 4518
"/ControlRig/Controls/ControlRig_Arrow_solid" 4519
"/ControlRig/Controls/ControlRig_HalfCircle_3mm" 4520
"/ControlRig/Controls/ControlRig_Arrow2_solid" 4521
"/ControlRig/Controls/ControlRig_Arrow_3mm" 4522
"/ControlRig/Controls/ControlRig_Arrow_1mm" 4523
"/ControlRig/Controls/ControlRig_Arrow4_solid" 4524
"/ControlRig/Controls/ControlRig_Arrow4_3mm" 4525
"/ControlRig/Controls/ControlRig_Arrow4_1mm" 4526
"/ControlRig/Controls/ControlRig_Arrow2_3mm" 4527
"/ControlRig/Controls/ControlRig_Arrow2_1mm" 4528
"/ControlRig/Controls/ControlRig_Sphere_solid" 4529
"../../../Engine/Plugins/Animation/ControlRig/Content/Controls/ControlRig_HalfCircle_solid.uasset" 4530
"/ControlRig/Controls/ControlRig_HalfCircle_solid" 4531
"../../../Engine/Plugins/Animation/ControlRig/Content/Controls/ControlRig_Hexagon_1mm.uasset" 4532
"../../../Engine/Plugins/Animation/ControlRig/Content/Controls/ControlRig_Hexagon_solid.uasset" 4533
"../../../Engine/Plugins/Animation/ControlRig/Content/Controls/ControlRig_Hexagon_3mm.uasset" 4534
"/ControlRig/Controls/ControlRig_Hexagon_solid" 4535
"../../../Engine/Plugins/Animation/ControlRig/Content/Controls/ControlRig_Octagon_1mm.uasset" 4536
"../../../Engine/Plugins/Animation/ControlRig/Content/Controls/ControlRig_Octagon_3mm.uasset" 4537
"../../../Engine/Plugins/Animation/ControlRig/Content/Controls/ControlRig_Octagon_solid.uasset" 4538
"../../../Engine/Plugins/Animation/ControlRig/Content/Controls/ControlRig_Pyramid_1mm.uasset" 4539
"../../../Engine/Plugins/Animation/ControlRig/Content/Controls/ControlRig_Pyramid_3mm.uasset" 4540
"../../../Engine/Plugins/Animation/ControlRig/Content/Controls/ControlRig_Pyramid_solid.uasset" 4541
"../../../Engine/Plugins/Animation/ControlRig/Content/Controls/ControlRig_QuarterCircle_1mm.uasset" 4542
"../../../Engine/Plugins/Animation/ControlRig/Content/Controls/ControlRig_QuarterCircle_3mm.uasset" 4543
"../../../Engine/Plugins/Animation/ControlRig/Content/Controls/ControlRig_QuarterCircle_solid.uasset" 4544
"../../../Engine/Plugins/Animation/ControlRig/Content/Controls/ControlRig_RoundedSquare_1mm.uasset" 4545
"../../../Engine/Plugins/Animation/ControlRig/Content/Controls/ControlRig_RoundedSquare_3mm.uasset" 4546
"../../../Engine/Plugins/Animation/ControlRig/Content/Controls/ControlRig_RoundedSquare_solid.uasset" 4547
"../../../Engine/Plugins/Animation/ControlRig/Content/Controls/ControlRig_RoundedTriangle_1mm.uasset" 4548
"../../../Engine/Plugins/Animation/ControlRig/Content/Controls/ControlRig_RoundedTriangle_3mm.uasset" 4549
"../../../Engine/Plugins/Animation/ControlRig/Content/Controls/ControlRig_RoundedTriangle_solid.uasset" 4550
"../../../Engine/Plugins/Animation/ControlRig/Content/Controls/ControlRig_Sphere_1mm.uasset" 4551
"../../../Engine/Plugins/Animation/ControlRig/Content/Controls/ControlRig_Sphere_3mm.uasset" 4552
"/ControlRig/Controls/ControlRig_Hexagon_1mm" 4553
"../../../Engine/Plugins/Animation/ControlRig/Content/Controls/ControlRig_Square_1mm.uasset" 4554
"../../../Engine/Plugins/Animation/ControlRig/Content/Controls/ControlRig_Square_3mm.uasset" 4555
"../../../Engine/Plugins/Animation/ControlRig/Content/Controls/ControlRig_Square_solid.uasset" 4556
"../../../Engine/Plugins/Animation/ControlRig/Content/Controls/ControlRig_Star4_1mm.uasset" 4557
"../../../Engine/Plugins/Animation/ControlRig/Content/Controls/ControlRig_Star4_3mm.uasset" 4558
"../../../Engine/Plugins/Animation/ControlRig/Content/Controls/ControlRig_Star4_solid.uasset" 4559
"../../../Engine/Plugins/Animation/ControlRig/Content/Controls/ControlRig_Triangle_1mm.uasset" 4560
"../../../Engine/Plugins/Animation/ControlRig/Content/Controls/ControlRig_Triangle_3mm.uasset" 4561
"../../../Engine/Plugins/Animation/ControlRig/Content/Controls/ControlRig_Triangle_solid.uasset" 4562
"../../../Engine/Plugins/Animation/ControlRig/Content/Controls/ControlRig_Wedge_1mm.uasset" 4563
"../../../Engine/Plugins/Animation/ControlRig/Content/Controls/ControlRig_Wedge_3mm.uasset" 4564
"/ControlRig/Controls/ControlRig_Sphere_3mm" 4565
"/ControlRig/Controls/ControlRig_Sphere_1mm" 4566
"/ControlRig/Controls/ControlRig_Wedge_3mm" 4567
"/ControlRig/Controls/ControlRig_Wedge_1mm" 4568
"/ControlRig/Controls/ControlRig_Triangle_solid" 4569
"/ControlRig/Controls/ControlRig_RoundedTriangle_solid" 4570
"/ControlRig/Controls/ControlRig_RoundedTriangle_3mm" 4571
"/ControlRig/Controls/ControlRig_RoundedTriangle_1mm" 4572
"/ControlRig/Controls/ControlRig_RoundedSquare_solid" 4573
"/ControlRig/Controls/ControlRig_RoundedSquare_3mm" 4574
"/ControlRig/Controls/ControlRig_RoundedSquare_1mm" 4575
"/ControlRig/Controls/ControlRig_QuarterCircle_solid" 4576
"/ControlRig/Controls/ControlRig_QuarterCircle_3mm" 4577
"/ControlRig/Controls/ControlRig_QuarterCircle_1mm" 4578
"/ControlRig/Controls/ControlRig_Triangle_3mm" 4579
"/ControlRig/Controls/ControlRig_Triangle_1mm" 4580
"/ControlRig/Controls/ControlRig_Star4_solid" 4581
"/ControlRig/Controls/ControlRig_Star4_3mm" 4582
"/ControlRig/Controls/ControlRig_Star4_1mm" 4583
"/ControlRig/Controls/ControlRig_Square_solid" 4584
"/ControlRig/Controls/ControlRig_Square_3mm" 4585
"/ControlRig/Controls/ControlRig_Square_1mm" 4586
"/ControlRig/Controls/ControlRig_Pyramid_solid" 4587
"/ControlRig/Controls/ControlRig_Pyramid_3mm" 4588
"/ControlRig/Controls/ControlRig_Pyramid_1mm" 4589
"/ControlRig/Controls/ControlRig_Octagon_solid" 4590
"/ControlRig/Controls/ControlRig_Octagon_3mm" 4591
"/ControlRig/Controls/ControlRig_Octagon_1mm" 4592
"/ControlRig/Controls/ControlRig_Hexagon_3mm" 4593
"../../../Engine/Plugins/Animation/ControlRig/Content/Controls/ControlRig_Wedge_solid.uasset" 4594
"../../../Engine/Content/Maps/Entry_BuiltData.uasset" 4595
"../../../Engine/Content/Maps/Entry.umap" 4596
"/Engine/Maps/Entry" 4597
"/ControlRig/Controls/ControlRig_Wedge_solid" 4598
"../../../Engine/Content/EditorMaterials/PreviewShadowIndicator.uasset" 4599
"../../../Engine/Content/EditorMaterials/PreviewShadowIndicatorMaterial.uasset" 4600
"../../../Engine/Content/EngineMaterials/Substrate/GLints/dict_16_192_64_0p5_0p02_0000_0000.uasset" 4601
"../../../Engine/Content/EngineMaterials/Substrate/GLints/dict_16_192_64_0p5_0p02_0000_0001.uasset" 4602
"../../../Engine/Content/EngineMaterials/Substrate/GLints/dict_16_192_64_0p5_0p02_0000_0002.uasset" 4603
"../../../Engine/Content/EngineMaterials/Substrate/GLints/dict_16_192_64_0p5_0p02_0000_0004.uasset" 4604
"../../../Engine/Content/EngineMaterials/Substrate/GLints/dict_16_192_64_0p5_0p02_0000_0005.uasset" 4605
"../../../Engine/Content/EngineMaterials/Substrate/GLints/dict_16_192_64_0p5_0p02_0000_0003.uasset" 4606
"../../../Engine/Content/EngineMaterials/Substrate/GLints/dict_16_192_64_0p5_0p02_0000_0006.uasset" 4607
"../../../Engine/Content/EngineMaterials/Substrate/GLints/dict_16_192_64_0p5_0p02_0000_0007.uasset" 4608
"../../../Engine/Content/EngineMaterials/Substrate/GLints/dict_16_192_64_0p5_0p02_0000_0008.uasset" 4609
"../../../Engine/Content/EngineMaterials/Substrate/GLints/dict_16_192_64_0p5_0p02_0000_0009.uasset" 4610
"../../../Engine/Content/EngineMaterials/Substrate/GLints/dict_16_192_64_0p5_0p02_0000_0010.uasset" 4611
"../../../Engine/Content/EngineMaterials/Substrate/GLints/dict_16_192_64_0p5_0p02_0000_0011.uasset" 4612
"../../../Engine/Content/EngineMaterials/Substrate/GLints/dict_16_192_64_0p5_0p02_0000_0012.uasset" 4613
"../../../Engine/Content/EngineMaterials/Substrate/GLints/dict_16_192_64_0p5_0p02_0000_0013.uasset" 4614
"../../../Engine/Content/EngineMaterials/Substrate/GLints/dict_16_192_64_0p5_0p02_0000_0014.uasset" 4615
"../../../Engine/Content/EngineMaterials/Substrate/GLints/dict_16_192_64_0p5_0p02_0000_0015.uasset" 4616
"../../../Engine/Content/EngineMaterials/Substrate/GLints/dict_16_192_64_0p5_0p02_0001_0000.uasset" 4617
"../../../Engine/Content/EngineMaterials/Substrate/GLints/dict_16_192_64_0p5_0p02_0001_0001.uasset" 4618
"../../../Engine/Content/EngineMaterials/Substrate/GLints/dict_16_192_64_0p5_0p02_0001_0002.uasset" 4619
"../../../Engine/Content/EngineMaterials/Substrate/GLints/dict_16_192_64_0p5_0p02_0001_0004.uasset" 4620
"../../../Engine/Content/EngineMaterials/Substrate/GLints/dict_16_192_64_0p5_0p02_0001_0003.uasset" 4621
"../../../Engine/Content/EngineMaterials/Substrate/GLints/dict_16_192_64_0p5_0p02_0001_0005.uasset" 4622
"../../../Engine/Content/EngineMaterials/Substrate/GLints/dict_16_192_64_0p5_0p02_0001_0006.uasset" 4623
"../../../Engine/Content/EngineMaterials/Substrate/GLints/dict_16_192_64_0p5_0p02_0001_0007.uasset" 4624
"../../../Engine/Content/EngineMaterials/Substrate/GLints/dict_16_192_64_0p5_0p02_0001_0008.uasset" 4625
"../../../Engine/Content/EngineMaterials/Substrate/GLints/dict_16_192_64_0p5_0p02_0001_0010.uasset" 4626
"../../../Engine/Content/EngineMaterials/Substrate/GLints/dict_16_192_64_0p5_0p02_0001_0009.uasset" 4627
"../../../Engine/Content/EngineMaterials/Substrate/GLints/dict_16_192_64_0p5_0p02_0001_0011.uasset" 4628
"../../../Engine/Content/EngineMaterials/Substrate/GLints/dict_16_192_64_0p5_0p02_0001_0012.uasset" 4629
"../../../Engine/Content/EngineMaterials/Substrate/GLints/dict_16_192_64_0p5_0p02_0001_0013.uasset" 4630
"/Engine/EngineMaterials/Substrate/GLints/dict_16_192_64_0p5_0p02_0001_0010" 4631
"/Engine/EngineMaterials/Substrate/GLints/dict_16_192_64_0p5_0p02_0001_0009" 4632
"/Engine/EngineMaterials/Substrate/GLints/dict_16_192_64_0p5_0p02_0001_0008" 4633
"/Engine/EngineMaterials/Substrate/GLints/dict_16_192_64_0p5_0p02_0001_0007" 4634
"/Engine/EngineMaterials/Substrate/GLints/dict_16_192_64_0p5_0p02_0001_0006" 4635
"/Engine/EngineMaterials/Substrate/GLints/dict_16_192_64_0p5_0p02_0001_0005" 4636
"/Engine/EngineMaterials/Substrate/GLints/dict_16_192_64_0p5_0p02_0001_0004" 4637
"/Engine/EngineMaterials/Substrate/GLints/dict_16_192_64_0p5_0p02_0001_0003" 4638
"/Engine/EngineMaterials/Substrate/GLints/dict_16_192_64_0p5_0p02_0001_0002" 4639
"/Engine/EngineMaterials/Substrate/GLints/dict_16_192_64_0p5_0p02_0001_0001" 4640
"/Engine/EngineMaterials/Substrate/GLints/dict_16_192_64_0p5_0p02_0001_0000" 4641
"/Engine/EngineMaterials/Substrate/GLints/dict_16_192_64_0p5_0p02_0000_0015" 4642
"/Engine/EngineMaterials/Substrate/GLints/dict_16_192_64_0p5_0p02_0000_0014" 4643
"/Engine/EngineMaterials/Substrate/GLints/dict_16_192_64_0p5_0p02_0000_0013" 4644
"/Engine/EngineMaterials/Substrate/GLints/dict_16_192_64_0p5_0p02_0000_0012" 4645
"/Engine/EngineMaterials/Substrate/GLints/dict_16_192_64_0p5_0p02_0000_0011" 4646
"/Engine/EngineMaterials/Substrate/GLints/dict_16_192_64_0p5_0p02_0000_0010" 4647
"/Engine/EngineMaterials/Substrate/GLints/dict_16_192_64_0p5_0p02_0000_0009" 4648
"/Engine/EngineMaterials/Substrate/GLints/dict_16_192_64_0p5_0p02_0000_0008" 4649
"/Engine/EngineMaterials/Substrate/GLints/dict_16_192_64_0p5_0p02_0000_0007" 4650
"/Engine/EngineMaterials/Substrate/GLints/dict_16_192_64_0p5_0p02_0000_0006" 4651
"/Engine/EngineMaterials/Substrate/GLints/dict_16_192_64_0p5_0p02_0000_0005" 4652
"/Engine/EngineMaterials/Substrate/GLints/dict_16_192_64_0p5_0p02_0000_0004" 4653
"/Engine/EngineMaterials/Substrate/GLints/dict_16_192_64_0p5_0p02_0000_0003" 4654
"/Engine/EngineMaterials/Substrate/GLints/dict_16_192_64_0p5_0p02_0000_0002" 4655
"/Engine/EngineMaterials/Substrate/GLints/dict_16_192_64_0p5_0p02_0000_0001" 4656
"/Engine/EngineMaterials/Substrate/GLints/dict_16_192_64_0p5_0p02_0000_0000" 4657
"/Engine/EditorMaterials/PreviewShadowIndicatorMaterial" 4658
"/Engine/EngineMaterials/Substrate/GLints/dict_16_192_64_0p5_0p02_0001_0012" 4659
"/Engine/EngineMaterials/Substrate/GLints/dict_16_192_64_0p5_0p02_0001_0011" 4660
"/Engine/EngineMaterials/Substrate/GLints/dict_16_192_64_0p5_0p02_0001_0013" 4661
"../../../Engine/Content/EngineMaterials/Substrate/GLints/dict_16_192_64_0p5_0p02_0001_0015.uasset" 4662
"../../../Engine/Content/EngineMaterials/Substrate/GLints/dict_16_192_64_0p5_0p02_0002_0000.uasset" 4663
"../../../Engine/Content/EngineMaterials/Substrate/GLints/dict_16_192_64_0p5_0p02_0002_0001.uasset" 4664
"../../../Engine/Content/EngineMaterials/Substrate/GLints/dict_16_192_64_0p5_0p02_0001_0014.uasset" 4665
"../../../Engine/Content/EngineMaterials/Substrate/GLints/dict_16_192_64_0p5_0p02_0002_0002.uasset" 4666
"../../../Engine/Content/EngineMaterials/Substrate/GLints/dict_16_192_64_0p5_0p02_0002_0003.uasset" 4667
"../../../Engine/Content/EngineMaterials/Substrate/GLints/dict_16_192_64_0p5_0p02_0002_0005.uasset" 4668
"../../../Engine/Content/EngineMaterials/Substrate/GLints/dict_16_192_64_0p5_0p02_0002_0004.uasset" 4669
"../../../Engine/Content/EngineMaterials/Substrate/GLints/dict_16_192_64_0p5_0p02_0002_0007.uasset" 4670
"../../../Engine/Content/EngineMaterials/Substrate/GLints/dict_16_192_64_0p5_0p02_0002_0008.uasset" 4671
"../../../Engine/Content/EngineMaterials/Substrate/GLints/dict_16_192_64_0p5_0p02_0002_0009.uasset" 4672
"../../../Engine/Content/EngineMaterials/Substrate/GLints/dict_16_192_64_0p5_0p02_0002_0006.uasset" 4673
"../../../Engine/Content/EngineMaterials/Substrate/GLints/dict_16_192_64_0p5_0p02_0002_0010.uasset" 4674
"../../../Engine/Content/EngineMaterials/Substrate/GLints/dict_16_192_64_0p5_0p02_0002_0011.uasset" 4675
"../../../Engine/Content/EngineMaterials/Substrate/GLints/dict_16_192_64_0p5_0p02_0002_0012.uasset" 4676
"../../../Engine/Content/EngineMaterials/Substrate/GLints/dict_16_192_64_0p5_0p02_0002_0013.uasset" 4677
"../../../Engine/Content/EngineMaterials/Substrate/GLints/dict_16_192_64_0p5_0p02_0003_0000.uasset" 4678
"../../../Engine/Content/EngineMaterials/Substrate/GLints/dict_16_192_64_0p5_0p02_0002_0014.uasset" 4679
"../../../Engine/Content/EngineMaterials/Substrate/GLints/dict_16_192_64_0p5_0p02_0002_0015.uasset" 4680
"../../../Engine/Content/EngineMaterials/Substrate/GLints/dict_16_192_64_0p5_0p02_0003_0001.uasset" 4681
"../../../Engine/Content/EngineMaterials/Substrate/GLints/dict_16_192_64_0p5_0p02_0003_0003.uasset" 4682
"../../../Engine/Content/EngineMaterials/Substrate/GLints/dict_16_192_64_0p5_0p02_0003_0002.uasset" 4683
"../../../Engine/Content/EngineMaterials/Substrate/GLints/dict_16_192_64_0p5_0p02_0003_0005.uasset" 4684
"../../../Engine/Content/EngineMaterials/Substrate/GLints/dict_16_192_64_0p5_0p02_0003_0004.uasset" 4685
"../../../Engine/Content/EngineMaterials/Substrate/GLints/dict_16_192_64_0p5_0p02_0003_0007.uasset" 4686
"../../../Engine/Content/EngineMaterials/Substrate/GLints/dict_16_192_64_0p5_0p02_0003_0008.uasset" 4687
"../../../Engine/Content/EngineMaterials/Substrate/GLints/dict_16_192_64_0p5_0p02_0003_0009.uasset" 4688
"../../../Engine/Content/EngineMaterials/Substrate/GLints/dict_16_192_64_0p5_0p02_0003_0006.uasset" 4689
"../../../Engine/Content/EngineMaterials/Substrate/GLints/dict_16_192_64_0p5_0p02_0003_0010.uasset" 4690
"../../../Engine/Content/EngineMaterials/Substrate/GLints/dict_16_192_64_0p5_0p02_0003_0011.uasset" 4691
"../../../Engine/Content/EngineMaterials/Substrate/GLints/dict_16_192_64_0p5_0p02_0003_0013.uasset" 4692
"../../../Engine/Content/EngineMaterials/Substrate/GLints/dict_16_192_64_0p5_0p02_0003_0012.uasset" 4693
"../../../Engine/Plugins/Animation/DeformerGraph/Shaders/Private/DataInterfaceCustomComputeKernel.ush" 4694
"../../../Engine/Plugins/Animation/DeformerGraph/Shaders/Private/DataInterfaceCloth.ush" 4695
"../../../Engine/Plugins/Animation/DeformerGraph/Shaders/Private/DataInterfaceSkinnedMeshRead.ush" 4696
"../../../Engine/Plugins/Animation/DeformerGraph/Shaders/Private/DataInterfaceSkeleton.ush" 4697
"../../../Engine/Plugins/Animation/DeformerGraph/Shaders/Private/DataInterfaceSkeletonCommon.ush" 4698
"../../../Engine/Plugins/Animation/DeformerGraph/Shaders/Private/DataInterfaceMorphTarget.ush" 4699
"../../../Engine/Plugins/Animation/DeformerGraph/Shaders/Private/DataInterfaceSkinnedMeshWrite.ush" 4700
"../../../Engine/Plugins/Animation/DeformerGraph/Shaders/Private/DataInterfaceRawBuffer.ush" 4701
"../../../Engine/Plugins/Runtime/ComputeFramework/Shaders/Private/BufferAlias.ush" 4702
"../../../Engine/Plugins/Animation/DeformerGraph/Shaders/Private/DataInterfaceSkinnedMesh.ush" 4703
"../../../Engine/Plugins/Animation/DeformerGraph/Shaders/Private/DataInterfaceHalfEdge.ush" 4704
"/Engine/EngineMaterials/Substrate/GLints/dict_16_192_64_0p5_0p02_0003_0013" 4705
"/Engine/EngineMaterials/Substrate/GLints/dict_16_192_64_0p5_0p02_0003_0012" 4706
"/Engine/EngineMaterials/Substrate/GLints/dict_16_192_64_0p5_0p02_0003_0011" 4707
"/Engine/EngineMaterials/Substrate/GLints/dict_16_192_64_0p5_0p02_0003_0010" 4708
"/Engine/EngineMaterials/Substrate/GLints/dict_16_192_64_0p5_0p02_0003_0009" 4709
"/Engine/EngineMaterials/Substrate/GLints/dict_16_192_64_0p5_0p02_0003_0008" 4710
"/Engine/EngineMaterials/Substrate/GLints/dict_16_192_64_0p5_0p02_0003_0007" 4711
"/Engine/EngineMaterials/Substrate/GLints/dict_16_192_64_0p5_0p02_0003_0006" 4712
"/Engine/EngineMaterials/Substrate/GLints/dict_16_192_64_0p5_0p02_0003_0005" 4713
"/Engine/EngineMaterials/Substrate/GLints/dict_16_192_64_0p5_0p02_0003_0004" 4714
"/Engine/EngineMaterials/Substrate/GLints/dict_16_192_64_0p5_0p02_0003_0003" 4715
"/Engine/EngineMaterials/Substrate/GLints/dict_16_192_64_0p5_0p02_0003_0002" 4716
"/Engine/EngineMaterials/Substrate/GLints/dict_16_192_64_0p5_0p02_0003_0001" 4717
"/Engine/EngineMaterials/Substrate/GLints/dict_16_192_64_0p5_0p02_0003_0000" 4718
"/Engine/EngineMaterials/Substrate/GLints/dict_16_192_64_0p5_0p02_0002_0015" 4719
"/Engine/EngineMaterials/Substrate/GLints/dict_16_192_64_0p5_0p02_0002_0014" 4720
"/Engine/EngineMaterials/Substrate/GLints/dict_16_192_64_0p5_0p02_0002_0013" 4721
"/Engine/EngineMaterials/Substrate/GLints/dict_16_192_64_0p5_0p02_0002_0012" 4722
"/Engine/EngineMaterials/Substrate/GLints/dict_16_192_64_0p5_0p02_0002_0011" 4723
"/Engine/EngineMaterials/Substrate/GLints/dict_16_192_64_0p5_0p02_0002_0010" 4724
"/Engine/EngineMaterials/Substrate/GLints/dict_16_192_64_0p5_0p02_0002_0009" 4725
"/Engine/EngineMaterials/Substrate/GLints/dict_16_192_64_0p5_0p02_0002_0008" 4726
"/Engine/EngineMaterials/Substrate/GLints/dict_16_192_64_0p5_0p02_0002_0007" 4727
"/Engine/EngineMaterials/Substrate/GLints/dict_16_192_64_0p5_0p02_0002_0006" 4728
"/Engine/EngineMaterials/Substrate/GLints/dict_16_192_64_0p5_0p02_0002_0005" 4729
"/Engine/EngineMaterials/Substrate/GLints/dict_16_192_64_0p5_0p02_0002_0004" 4730
"/Engine/EngineMaterials/Substrate/GLints/dict_16_192_64_0p5_0p02_0002_0003" 4731
"/Engine/EngineMaterials/Substrate/GLints/dict_16_192_64_0p5_0p02_0002_0002" 4732
"/Engine/EngineMaterials/Substrate/GLints/dict_16_192_64_0p5_0p02_0002_0001" 4733
"/Engine/EngineMaterials/Substrate/GLints/dict_16_192_64_0p5_0p02_0002_0000" 4734
"/Engine/EngineMaterials/Substrate/GLints/dict_16_192_64_0p5_0p02_0001_0015" 4735
"/Engine/EngineMaterials/Substrate/GLints/dict_16_192_64_0p5_0p02_0001_0014" 4736
"../../../Engine/Content/EngineMaterials/Substrate/GLints/dict_16_192_64_0p5_0p02_0003_0014.uasset" 4737
"../../../Engine/Content/EngineMaterials/Substrate/GLints/dict_16_192_64_0p5_0p02_0003_0015.uasset" 4738
"../../../Engine/Content/EngineMaterials/Substrate/GLints/dict_16_192_64_0p5_0p02_0004_0000.uasset" 4739
"../../../Engine/Content/EngineMaterials/Substrate/GLints/dict_16_192_64_0p5_0p02_0004_0002.uasset" 4740
"../../../Engine/Content/EngineMaterials/Substrate/GLints/dict_16_192_64_0p5_0p02_0004_0001.uasset" 4741
"../../../Engine/Content/EngineMaterials/Substrate/GLints/dict_16_192_64_0p5_0p02_0004_0003.uasset" 4742
"../../../Engine/Content/EngineMaterials/Substrate/GLints/dict_16_192_64_0p5_0p02_0004_0004.uasset" 4743
"../../../Engine/Content/EngineMaterials/Substrate/GLints/dict_16_192_64_0p5_0p02_0004_0005.uasset" 4744
"../../../Engine/Content/EngineMaterials/Substrate/GLints/dict_16_192_64_0p5_0p02_0004_0006.uasset" 4745
"../../../Engine/Content/EngineMaterials/Substrate/GLints/dict_16_192_64_0p5_0p02_0004_0007.uasset" 4746
"../../../Engine/Content/EngineMaterials/Substrate/GLints/dict_16_192_64_0p5_0p02_0004_0008.uasset" 4747
"../../../Engine/Content/EngineMaterials/Substrate/GLints/dict_16_192_64_0p5_0p02_0004_0012.uasset" 4748
"../../../Engine/Content/EngineMaterials/Substrate/GLints/dict_16_192_64_0p5_0p02_0004_0013.uasset" 4749
"../../../Engine/Content/EngineMaterials/Substrate/GLints/dict_16_192_64_0p5_0p02_0004_0009.uasset" 4750
"../../../Engine/Content/EngineMaterials/Substrate/GLints/dict_16_192_64_0p5_0p02_0004_0014.uasset" 4751
"../../../Engine/Content/EngineMaterials/Substrate/GLints/dict_16_192_64_0p5_0p02_0004_0015.uasset" 4752
"../../../Engine/Content/EngineMaterials/Substrate/GLints/dict_16_192_64_0p5_0p02_0005_0003.uasset" 4753
"../../../Engine/Content/EngineMaterials/Substrate/GLints/dict_16_192_64_0p5_0p02_0005_0002.uasset" 4754
"../../../Engine/Content/EngineMaterials/Substrate/GLints/dict_16_192_64_0p5_0p02_0004_0011.uasset" 4755
"../../../Engine/Content/EngineMaterials/Substrate/GLints/dict_16_192_64_0p5_0p02_0005_0001.uasset" 4756
"../../../Engine/Content/EngineMaterials/Substrate/GLints/dict_16_192_64_0p5_0p02_0005_0000.uasset" 4757
"../../../Engine/Content/EngineMaterials/Substrate/GLints/dict_16_192_64_0p5_0p02_0004_0010.uasset" 4758
"../../../Engine/Content/EngineMaterials/Substrate/GLints/dict_16_192_64_0p5_0p02_0005_0009.uasset" 4759
"../../../Engine/Content/EngineMaterials/Substrate/GLints/dict_16_192_64_0p5_0p02_0005_0006.uasset" 4760
"../../../Engine/Content/EngineMaterials/Substrate/GLints/dict_16_192_64_0p5_0p02_0005_0008.uasset" 4761
"../../../Engine/Content/EngineMaterials/Substrate/GLints/dict_16_192_64_0p5_0p02_0005_0007.uasset" 4762
"../../../Engine/Content/EngineMaterials/Substrate/GLints/dict_16_192_64_0p5_0p02_0005_0005.uasset" 4763
"../../../Engine/Content/EngineMaterials/Substrate/GLints/dict_16_192_64_0p5_0p02_0005_0004.uasset" 4764
"../../../Engine/Content/EngineMaterials/Substrate/GLints/dict_16_192_64_0p5_0p02_0005_0010.uasset" 4765
"../../../Engine/Content/EngineMaterials/Substrate/GLints/dict_16_192_64_0p5_0p02_0005_0012.uasset" 4766
"../../../Engine/Content/EngineMaterials/Substrate/GLints/dict_16_192_64_0p5_0p02_0005_0011.uasset" 4767
"../../../Engine/Content/EngineMaterials/Substrate/GLints/dict_16_192_64_0p5_0p02_0005_0013.uasset" 4768
"/Engine/EngineMaterials/Substrate/GLints/dict_16_192_64_0p5_0p02_0005_0013" 4769
"/Engine/EngineMaterials/Substrate/GLints/dict_16_192_64_0p5_0p02_0005_0012" 4770
"/Engine/EngineMaterials/Substrate/GLints/dict_16_192_64_0p5_0p02_0005_0011" 4771
"/Engine/EngineMaterials/Substrate/GLints/dict_16_192_64_0p5_0p02_0005_0010" 4772
"/Engine/EngineMaterials/Substrate/GLints/dict_16_192_64_0p5_0p02_0005_0009" 4773
"/Engine/EngineMaterials/Substrate/GLints/dict_16_192_64_0p5_0p02_0005_0008" 4774
"/Engine/EngineMaterials/Substrate/GLints/dict_16_192_64_0p5_0p02_0005_0007" 4775
"/Engine/EngineMaterials/Substrate/GLints/dict_16_192_64_0p5_0p02_0005_0006" 4776
"/Engine/EngineMaterials/Substrate/GLints/dict_16_192_64_0p5_0p02_0005_0005" 4777
"/Engine/EngineMaterials/Substrate/GLints/dict_16_192_64_0p5_0p02_0005_0004" 4778
"/Engine/EngineMaterials/Substrate/GLints/dict_16_192_64_0p5_0p02_0005_0003" 4779
"/Engine/EngineMaterials/Substrate/GLints/dict_16_192_64_0p5_0p02_0005_0002" 4780
"/Engine/EngineMaterials/Substrate/GLints/dict_16_192_64_0p5_0p02_0005_0001" 4781
"/Engine/EngineMaterials/Substrate/GLints/dict_16_192_64_0p5_0p02_0005_0000" 4782
"/Engine/EngineMaterials/Substrate/GLints/dict_16_192_64_0p5_0p02_0004_0015" 4783
"/Engine/EngineMaterials/Substrate/GLints/dict_16_192_64_0p5_0p02_0004_0014" 4784
"/Engine/EngineMaterials/Substrate/GLints/dict_16_192_64_0p5_0p02_0004_0013" 4785
"/Engine/EngineMaterials/Substrate/GLints/dict_16_192_64_0p5_0p02_0004_0012" 4786
"/Engine/EngineMaterials/Substrate/GLints/dict_16_192_64_0p5_0p02_0004_0011" 4787
"/Engine/EngineMaterials/Substrate/GLints/dict_16_192_64_0p5_0p02_0004_0010" 4788
"/Engine/EngineMaterials/Substrate/GLints/dict_16_192_64_0p5_0p02_0004_0009" 4789
"/Engine/EngineMaterials/Substrate/GLints/dict_16_192_64_0p5_0p02_0004_0008" 4790
"/Engine/EngineMaterials/Substrate/GLints/dict_16_192_64_0p5_0p02_0004_0007" 4791
"/Engine/EngineMaterials/Substrate/GLints/dict_16_192_64_0p5_0p02_0004_0006" 4792
"/Engine/EngineMaterials/Substrate/GLints/dict_16_192_64_0p5_0p02_0004_0005" 4793
"/Engine/EngineMaterials/Substrate/GLints/dict_16_192_64_0p5_0p02_0004_0004" 4794
"/Engine/EngineMaterials/Substrate/GLints/dict_16_192_64_0p5_0p02_0004_0003" 4795
"/Engine/EngineMaterials/Substrate/GLints/dict_16_192_64_0p5_0p02_0004_0002" 4796
"/Engine/EngineMaterials/Substrate/GLints/dict_16_192_64_0p5_0p02_0004_0001" 4797
"/Engine/EngineMaterials/Substrate/GLints/dict_16_192_64_0p5_0p02_0004_0000" 4798
"/Engine/EngineMaterials/Substrate/GLints/dict_16_192_64_0p5_0p02_0003_0015" 4799
"/Engine/EngineMaterials/Substrate/GLints/dict_16_192_64_0p5_0p02_0003_0014" 4800
"../../../Engine/Content/EngineMaterials/Substrate/GLints/dict_16_192_64_0p5_0p02_0005_0014.uasset" 4801
"../../../Engine/Content/EngineMaterials/Substrate/GLints/dict_16_192_64_0p5_0p02_0005_0015.uasset" 4802
"../../../Engine/Content/EngineMaterials/Substrate/GLints/dict_16_192_64_0p5_0p02_0006_0000.uasset" 4803
"../../../Engine/Content/EngineMaterials/Substrate/GLints/dict_16_192_64_0p5_0p02_0006_0001.uasset" 4804
"../../../Engine/Content/EngineMaterials/Substrate/GLints/dict_16_192_64_0p5_0p02_0006_0002.uasset" 4805
"../../../Engine/Content/EngineMaterials/Substrate/GLints/dict_16_192_64_0p5_0p02_0006_0003.uasset" 4806
"../../../Engine/Content/EngineMaterials/Substrate/GLints/dict_16_192_64_0p5_0p02_0006_0004.uasset" 4807
"../../../Engine/Content/EngineMaterials/Substrate/GLints/dict_16_192_64_0p5_0p02_0006_0005.uasset" 4808
"../../../Engine/Content/EngineMaterials/Substrate/GLints/dict_16_192_64_0p5_0p02_0006_0006.uasset" 4809
"../../../Engine/Content/EngineMaterials/Substrate/GLints/dict_16_192_64_0p5_0p02_0006_0007.uasset" 4810
"../../../Engine/Content/EngineMaterials/Substrate/GLints/dict_16_192_64_0p5_0p02_0006_0008.uasset" 4811
"../../../Engine/Content/EngineMaterials/Substrate/GLints/dict_16_192_64_0p5_0p02_0006_0009.uasset" 4812
"../../../Engine/Content/EngineMaterials/Substrate/GLints/dict_16_192_64_0p5_0p02_0006_0010.uasset" 4813
"../../../Engine/Content/EngineMaterials/Substrate/GLints/dict_16_192_64_0p5_0p02_0006_0011.uasset" 4814
"../../../Engine/Content/EngineMaterials/Substrate/GLints/dict_16_192_64_0p5_0p02_0006_0012.uasset" 4815
"../../../Engine/Content/EngineMaterials/Substrate/GLints/dict_16_192_64_0p5_0p02_0006_0014.uasset" 4816
"../../../Engine/Content/EngineMaterials/Substrate/GLints/dict_16_192_64_0p5_0p02_0006_0015.uasset" 4817
"../../../Engine/Content/EngineMaterials/Substrate/GLints/dict_16_192_64_0p5_0p02_0006_0013.uasset" 4818
"../../../Engine/Content/EngineMaterials/Substrate/GLints/dict_16_192_64_0p5_0p02_0007_0000.uasset" 4819
"../../../Engine/Content/EngineMaterials/Substrate/GLints/dict_16_192_64_0p5_0p02_0007_0001.uasset" 4820
"../../../Engine/Content/EngineMaterials/Substrate/GLints/dict_16_192_64_0p5_0p02_0007_0003.uasset" 4821
"../../../Engine/Content/EngineMaterials/Substrate/GLints/dict_16_192_64_0p5_0p02_0007_0002.uasset" 4822
"../../../Engine/Content/EngineMaterials/Substrate/GLints/dict_16_192_64_0p5_0p02_0007_0004.uasset" 4823
"../../../Engine/Content/EngineMaterials/Substrate/GLints/dict_16_192_64_0p5_0p02_0007_0005.uasset" 4824
"../../../Engine/Content/EngineMaterials/Substrate/GLints/dict_16_192_64_0p5_0p02_0007_0006.uasset" 4825
"../../../Engine/Content/EngineMaterials/Substrate/GLints/dict_16_192_64_0p5_0p02_0007_0007.uasset" 4826
"../../../Engine/Content/EngineMaterials/Substrate/GLints/dict_16_192_64_0p5_0p02_0007_0009.uasset" 4827
"../../../Engine/Content/EngineMaterials/Substrate/GLints/dict_16_192_64_0p5_0p02_0007_0008.uasset" 4828
"../../../Engine/Content/EngineMaterials/Substrate/GLints/dict_16_192_64_0p5_0p02_0007_0010.uasset" 4829
"../../../Engine/Content/EngineMaterials/Substrate/GLints/dict_16_192_64_0p5_0p02_0007_0011.uasset" 4830
"../../../Engine/Content/EngineMaterials/Substrate/GLints/dict_16_192_64_0p5_0p02_0007_0013.uasset" 4831
"../../../Engine/Content/EngineMaterials/Substrate/GLints/dict_16_192_64_0p5_0p02_0007_0012.uasset" 4832
"/Engine/EngineMaterials/Substrate/GLints/dict_16_192_64_0p5_0p02_0007_0013" 4833
"/Engine/EngineMaterials/Substrate/GLints/dict_16_192_64_0p5_0p02_0007_0012" 4834
"/Engine/EngineMaterials/Substrate/GLints/dict_16_192_64_0p5_0p02_0007_0011" 4835
"/Engine/EngineMaterials/Substrate/GLints/dict_16_192_64_0p5_0p02_0007_0010" 4836
"/Engine/EngineMaterials/Substrate/GLints/dict_16_192_64_0p5_0p02_0007_0009" 4837
"/Engine/EngineMaterials/Substrate/GLints/dict_16_192_64_0p5_0p02_0007_0008" 4838
"/Engine/EngineMaterials/Substrate/GLints/dict_16_192_64_0p5_0p02_0007_0007" 4839
"/Engine/EngineMaterials/Substrate/GLints/dict_16_192_64_0p5_0p02_0007_0006" 4840
"/Engine/EngineMaterials/Substrate/GLints/dict_16_192_64_0p5_0p02_0007_0005" 4841
"/Engine/EngineMaterials/Substrate/GLints/dict_16_192_64_0p5_0p02_0007_0004" 4842
"/Engine/EngineMaterials/Substrate/GLints/dict_16_192_64_0p5_0p02_0007_0003" 4843
"/Engine/EngineMaterials/Substrate/GLints/dict_16_192_64_0p5_0p02_0007_0002" 4844
"/Engine/EngineMaterials/Substrate/GLints/dict_16_192_64_0p5_0p02_0007_0001" 4845
"/Engine/EngineMaterials/Substrate/GLints/dict_16_192_64_0p5_0p02_0007_0000" 4846
"/Engine/EngineMaterials/Substrate/GLints/dict_16_192_64_0p5_0p02_0006_0015" 4847
"/Engine/EngineMaterials/Substrate/GLints/dict_16_192_64_0p5_0p02_0006_0014" 4848
"/Engine/EngineMaterials/Substrate/GLints/dict_16_192_64_0p5_0p02_0006_0013" 4849
"/Engine/EngineMaterials/Substrate/GLints/dict_16_192_64_0p5_0p02_0006_0012" 4850
"/Engine/EngineMaterials/Substrate/GLints/dict_16_192_64_0p5_0p02_0006_0011" 4851
"/Engine/EngineMaterials/Substrate/GLints/dict_16_192_64_0p5_0p02_0006_0010" 4852
"/Engine/EngineMaterials/Substrate/GLints/dict_16_192_64_0p5_0p02_0006_0009" 4853
"/Engine/EngineMaterials/Substrate/GLints/dict_16_192_64_0p5_0p02_0006_0008" 4854
"/Engine/EngineMaterials/Substrate/GLints/dict_16_192_64_0p5_0p02_0006_0007" 4855
"/Engine/EngineMaterials/Substrate/GLints/dict_16_192_64_0p5_0p02_0006_0006" 4856
"/Engine/EngineMaterials/Substrate/GLints/dict_16_192_64_0p5_0p02_0006_0005" 4857
"/Engine/EngineMaterials/Substrate/GLints/dict_16_192_64_0p5_0p02_0006_0004" 4858
"/Engine/EngineMaterials/Substrate/GLints/dict_16_192_64_0p5_0p02_0006_0003" 4859
"/Engine/EngineMaterials/Substrate/GLints/dict_16_192_64_0p5_0p02_0006_0002" 4860
"/Engine/EngineMaterials/Substrate/GLints/dict_16_192_64_0p5_0p02_0006_0001" 4861
"/Engine/EngineMaterials/Substrate/GLints/dict_16_192_64_0p5_0p02_0006_0000" 4862
"/Engine/EngineMaterials/Substrate/GLints/dict_16_192_64_0p5_0p02_0005_0015" 4863
"/Engine/EngineMaterials/Substrate/GLints/dict_16_192_64_0p5_0p02_0005_0014" 4864
"../../../Engine/Content/EngineMaterials/Substrate/GLints/dict_16_192_64_0p5_0p02_0007_0014.uasset" 4865
"../../../Engine/Content/EngineMaterials/Substrate/GLints/dict_16_192_64_0p5_0p02_0007_0015.uasset" 4866
"../../../Engine/Content/EngineMaterials/Substrate/GLints/dict_16_192_64_0p5_0p02_0008_0000.uasset" 4867
"../../../Engine/Content/EngineMaterials/Substrate/GLints/dict_16_192_64_0p5_0p02_0008_0002.uasset" 4868
"../../../Engine/Content/EngineMaterials/Substrate/GLints/dict_16_192_64_0p5_0p02_0008_0001.uasset" 4869
"../../../Engine/Content/EngineMaterials/Substrate/GLints/dict_16_192_64_0p5_0p02_0008_0008.uasset" 4870
"../../../Engine/Content/EngineMaterials/Substrate/GLints/dict_16_192_64_0p5_0p02_0008_0006.uasset" 4871
"../../../Engine/Content/EngineMaterials/Substrate/GLints/dict_16_192_64_0p5_0p02_0008_0004.uasset" 4872
"../../../Engine/Content/EngineMaterials/Substrate/GLints/dict_16_192_64_0p5_0p02_0008_0007.uasset" 4873
"../../../Engine/Content/EngineMaterials/Substrate/GLints/dict_16_192_64_0p5_0p02_0008_0005.uasset" 4874
"../../../Engine/Content/EngineMaterials/Substrate/GLints/dict_16_192_64_0p5_0p02_0008_0003.uasset" 4875
"../../../Engine/Content/EngineMaterials/Substrate/GLints/dict_16_192_64_0p5_0p02_0008_0009.uasset" 4876
"../../../Engine/Content/EngineMaterials/Substrate/GLints/dict_16_192_64_0p5_0p02_0008_0010.uasset" 4877
"../../../Engine/Content/EngineMaterials/Substrate/GLints/dict_16_192_64_0p5_0p02_0009_0000.uasset" 4878
"../../../Engine/Content/EngineMaterials/Substrate/GLints/dict_16_192_64_0p5_0p02_0008_0014.uasset" 4879
"../../../Engine/Content/EngineMaterials/Substrate/GLints/dict_16_192_64_0p5_0p02_0008_0013.uasset" 4880
"../../../Engine/Content/EngineMaterials/Substrate/GLints/dict_16_192_64_0p5_0p02_0008_0012.uasset" 4881
"../../../Engine/Content/EngineMaterials/Substrate/GLints/dict_16_192_64_0p5_0p02_0008_0011.uasset" 4882
"../../../Engine/Content/EngineMaterials/Substrate/GLints/dict_16_192_64_0p5_0p02_0008_0015.uasset" 4883
"../../../Engine/Content/EngineMaterials/Substrate/GLints/dict_16_192_64_0p5_0p02_0009_0001.uasset" 4884
"../../../Engine/Content/EngineMaterials/Substrate/GLints/dict_16_192_64_0p5_0p02_0009_0003.uasset" 4885
"../../../Engine/Content/EngineMaterials/Substrate/GLints/dict_16_192_64_0p5_0p02_0009_0004.uasset" 4886
"../../../Engine/Content/EngineMaterials/Substrate/GLints/dict_16_192_64_0p5_0p02_0009_0002.uasset" 4887
"../../../Engine/Content/EngineMaterials/Substrate/GLints/dict_16_192_64_0p5_0p02_0009_0005.uasset" 4888
"../../../Engine/Content/EngineMaterials/Substrate/GLints/dict_16_192_64_0p5_0p02_0009_0006.uasset" 4889
"../../../Engine/Content/EngineMaterials/Substrate/GLints/dict_16_192_64_0p5_0p02_0009_0007.uasset" 4890
"../../../Engine/Content/EngineMaterials/Substrate/GLints/dict_16_192_64_0p5_0p02_0009_0010.uasset" 4891
"../../../Engine/Content/EngineMaterials/Substrate/GLints/dict_16_192_64_0p5_0p02_0009_0009.uasset" 4892
"../../../Engine/Content/EngineMaterials/Substrate/GLints/dict_16_192_64_0p5_0p02_0009_0012.uasset" 4893
"../../../Engine/Content/EngineMaterials/Substrate/GLints/dict_16_192_64_0p5_0p02_0009_0008.uasset" 4894
"../../../Engine/Content/EngineMaterials/Substrate/GLints/dict_16_192_64_0p5_0p02_0009_0011.uasset" 4895
"../../../Engine/Content/EngineMaterials/Substrate/GLints/dict_16_192_64_0p5_0p02_0009_0013.uasset" 4896
"/Engine/EngineMaterials/Substrate/GLints/dict_16_192_64_0p5_0p02_0009_0013" 4897
"/Engine/EngineMaterials/Substrate/GLints/dict_16_192_64_0p5_0p02_0009_0012" 4898
"/Engine/EngineMaterials/Substrate/GLints/dict_16_192_64_0p5_0p02_0009_0011" 4899
"/Engine/EngineMaterials/Substrate/GLints/dict_16_192_64_0p5_0p02_0009_0010" 4900
"/Engine/EngineMaterials/Substrate/GLints/dict_16_192_64_0p5_0p02_0009_0009" 4901
"/Engine/EngineMaterials/Substrate/GLints/dict_16_192_64_0p5_0p02_0009_0008" 4902
"/Engine/EngineMaterials/Substrate/GLints/dict_16_192_64_0p5_0p02_0009_0007" 4903
"/Engine/EngineMaterials/Substrate/GLints/dict_16_192_64_0p5_0p02_0009_0006" 4904
"/Engine/EngineMaterials/Substrate/GLints/dict_16_192_64_0p5_0p02_0009_0005" 4905
"/Engine/EngineMaterials/Substrate/GLints/dict_16_192_64_0p5_0p02_0009_0004" 4906
"/Engine/EngineMaterials/Substrate/GLints/dict_16_192_64_0p5_0p02_0009_0003" 4907
"/Engine/EngineMaterials/Substrate/GLints/dict_16_192_64_0p5_0p02_0009_0002" 4908
"/Engine/EngineMaterials/Substrate/GLints/dict_16_192_64_0p5_0p02_0009_0001" 4909
"/Engine/EngineMaterials/Substrate/GLints/dict_16_192_64_0p5_0p02_0009_0000" 4910
"/Engine/EngineMaterials/Substrate/GLints/dict_16_192_64_0p5_0p02_0008_0015" 4911
"/Engine/EngineMaterials/Substrate/GLints/dict_16_192_64_0p5_0p02_0008_0014" 4912
"/Engine/EngineMaterials/Substrate/GLints/dict_16_192_64_0p5_0p02_0008_0013" 4913
"/Engine/EngineMaterials/Substrate/GLints/dict_16_192_64_0p5_0p02_0008_0012" 4914
"/Engine/EngineMaterials/Substrate/GLints/dict_16_192_64_0p5_0p02_0008_0011" 4915
"/Engine/EngineMaterials/Substrate/GLints/dict_16_192_64_0p5_0p02_0008_0010" 4916
"/Engine/EngineMaterials/Substrate/GLints/dict_16_192_64_0p5_0p02_0008_0009" 4917
"/Engine/EngineMaterials/Substrate/GLints/dict_16_192_64_0p5_0p02_0008_0008" 4918
"/Engine/EngineMaterials/Substrate/GLints/dict_16_192_64_0p5_0p02_0008_0007" 4919
"/Engine/EngineMaterials/Substrate/GLints/dict_16_192_64_0p5_0p02_0008_0006" 4920
"/Engine/EngineMaterials/Substrate/GLints/dict_16_192_64_0p5_0p02_0008_0005" 4921
"/Engine/EngineMaterials/Substrate/GLints/dict_16_192_64_0p5_0p02_0008_0004" 4922
"/Engine/EngineMaterials/Substrate/GLints/dict_16_192_64_0p5_0p02_0008_0003" 4923
"/Engine/EngineMaterials/Substrate/GLints/dict_16_192_64_0p5_0p02_0008_0002" 4924
"/Engine/EngineMaterials/Substrate/GLints/dict_16_192_64_0p5_0p02_0008_0001" 4925
"/Engine/EngineMaterials/Substrate/GLints/dict_16_192_64_0p5_0p02_0008_0000" 4926
"/Engine/EngineMaterials/Substrate/GLints/dict_16_192_64_0p5_0p02_0007_0015" 4927
"/Engine/EngineMaterials/Substrate/GLints/dict_16_192_64_0p5_0p02_0007_0014" 4928
"../../../Engine/Content/EngineMaterials/Substrate/GLints/dict_16_192_64_0p5_0p02_0009_0014.uasset" 4929
"../../../Engine/Content/EngineMaterials/Substrate/GLints/dict_16_192_64_0p5_0p02_0009_0015.uasset" 4930
"../../../Engine/Content/EngineMaterials/Substrate/GLints/dict_16_192_64_0p5_0p02_0010_0005.uasset" 4931
"../../../Engine/Content/EngineMaterials/Substrate/GLints/dict_16_192_64_0p5_0p02_0010_0004.uasset" 4932
"../../../Engine/Content/EngineMaterials/Substrate/GLints/dict_16_192_64_0p5_0p02_0010_0001.uasset" 4933
"../../../Engine/Content/EngineMaterials/Substrate/GLints/dict_16_192_64_0p5_0p02_0010_0003.uasset" 4934
"../../../Engine/Content/EngineMaterials/Substrate/GLints/dict_16_192_64_0p5_0p02_0010_0002.uasset" 4935
"../../../Engine/Content/EngineMaterials/Substrate/GLints/dict_16_192_64_0p5_0p02_0010_0000.uasset" 4936
"../../../Engine/Content/EngineMaterials/Substrate/GLints/dict_16_192_64_0p5_0p02_0010_0007.uasset" 4937
"../../../Engine/Content/EngineMaterials/Substrate/GLints/dict_16_192_64_0p5_0p02_0010_0006.uasset" 4938
"../../../Engine/Content/EngineMaterials/Substrate/GLints/dict_16_192_64_0p5_0p02_0010_0008.uasset" 4939
"../../../Engine/Content/EngineMaterials/Substrate/GLints/dict_16_192_64_0p5_0p02_0010_0009.uasset" 4940
"../../../Engine/Content/EngineMaterials/Substrate/GLints/dict_16_192_64_0p5_0p02_0010_0011.uasset" 4941
"../../../Engine/Content/EngineMaterials/Substrate/GLints/dict_16_192_64_0p5_0p02_0010_0012.uasset" 4942
"../../../Engine/Content/EngineMaterials/Substrate/GLints/dict_16_192_64_0p5_0p02_0010_0013.uasset" 4943
"../../../Engine/Content/EngineMaterials/Substrate/GLints/dict_16_192_64_0p5_0p02_0010_0015.uasset" 4944
"../../../Engine/Content/EngineMaterials/Substrate/GLints/dict_16_192_64_0p5_0p02_0010_0010.uasset" 4945
"../../../Engine/Content/EngineMaterials/Substrate/GLints/dict_16_192_64_0p5_0p02_0011_0002.uasset" 4946
"../../../Engine/Content/EngineMaterials/Substrate/GLints/dict_16_192_64_0p5_0p02_0011_0003.uasset" 4947
"../../../Engine/Content/EngineMaterials/Substrate/GLints/dict_16_192_64_0p5_0p02_0010_0014.uasset" 4948
"../../../Engine/Content/EngineMaterials/Substrate/GLints/dict_16_192_64_0p5_0p02_0011_0004.uasset" 4949
"../../../Engine/Content/EngineMaterials/Substrate/GLints/dict_16_192_64_0p5_0p02_0011_0005.uasset" 4950
"../../../Engine/Content/EngineMaterials/Substrate/GLints/dict_16_192_64_0p5_0p02_0011_0006.uasset" 4951
"../../../Engine/Content/EngineMaterials/Substrate/GLints/dict_16_192_64_0p5_0p02_0011_0007.uasset" 4952
"../../../Engine/Content/EngineMaterials/Substrate/GLints/dict_16_192_64_0p5_0p02_0011_0012.uasset" 4953
"../../../Engine/Content/EngineMaterials/Substrate/GLints/dict_16_192_64_0p5_0p02_0011_0011.uasset" 4954
"../../../Engine/Content/EngineMaterials/Substrate/GLints/dict_16_192_64_0p5_0p02_0011_0010.uasset" 4955
"../../../Engine/Content/EngineMaterials/Substrate/GLints/dict_16_192_64_0p5_0p02_0011_0001.uasset" 4956
"../../../Engine/Content/EngineMaterials/Substrate/GLints/dict_16_192_64_0p5_0p02_0011_0013.uasset" 4957
"../../../Engine/Content/EngineMaterials/Substrate/GLints/dict_16_192_64_0p5_0p02_0011_0008.uasset" 4958
"../../../Engine/Content/EngineMaterials/Substrate/GLints/dict_16_192_64_0p5_0p02_0011_0000.uasset" 4959
"../../../Engine/Content/EngineMaterials/Substrate/GLints/dict_16_192_64_0p5_0p02_0011_0009.uasset" 4960
"/Engine/EngineMaterials/Substrate/GLints/dict_16_192_64_0p5_0p02_0011_0013" 4961
"/Engine/EngineMaterials/Substrate/GLints/dict_16_192_64_0p5_0p02_0011_0012" 4962
"/Engine/EngineMaterials/Substrate/GLints/dict_16_192_64_0p5_0p02_0011_0011" 4963
"/Engine/EngineMaterials/Substrate/GLints/dict_16_192_64_0p5_0p02_0011_0010" 4964
"/Engine/EngineMaterials/Substrate/GLints/dict_16_192_64_0p5_0p02_0011_0009" 4965
"/Engine/EngineMaterials/Substrate/GLints/dict_16_192_64_0p5_0p02_0011_0008" 4966
"/Engine/EngineMaterials/Substrate/GLints/dict_16_192_64_0p5_0p02_0011_0007" 4967
"/Engine/EngineMaterials/Substrate/GLints/dict_16_192_64_0p5_0p02_0011_0006" 4968
"/Engine/EngineMaterials/Substrate/GLints/dict_16_192_64_0p5_0p02_0011_0005" 4969
"/Engine/EngineMaterials/Substrate/GLints/dict_16_192_64_0p5_0p02_0011_0004" 4970
"/Engine/EngineMaterials/Substrate/GLints/dict_16_192_64_0p5_0p02_0011_0003" 4971
"/Engine/EngineMaterials/Substrate/GLints/dict_16_192_64_0p5_0p02_0011_0002" 4972
"/Engine/EngineMaterials/Substrate/GLints/dict_16_192_64_0p5_0p02_0011_0001" 4973
"/Engine/EngineMaterials/Substrate/GLints/dict_16_192_64_0p5_0p02_0011_0000" 4974
"/Engine/EngineMaterials/Substrate/GLints/dict_16_192_64_0p5_0p02_0010_0015" 4975
"/Engine/EngineMaterials/Substrate/GLints/dict_16_192_64_0p5_0p02_0010_0014" 4976
"/Engine/EngineMaterials/Substrate/GLints/dict_16_192_64_0p5_0p02_0010_0013" 4977
"/Engine/EngineMaterials/Substrate/GLints/dict_16_192_64_0p5_0p02_0010_0012" 4978
"/Engine/EngineMaterials/Substrate/GLints/dict_16_192_64_0p5_0p02_0010_0011" 4979
"/Engine/EngineMaterials/Substrate/GLints/dict_16_192_64_0p5_0p02_0010_0010" 4980
"/Engine/EngineMaterials/Substrate/GLints/dict_16_192_64_0p5_0p02_0010_0009" 4981
"/Engine/EngineMaterials/Substrate/GLints/dict_16_192_64_0p5_0p02_0010_0008" 4982
"/Engine/EngineMaterials/Substrate/GLints/dict_16_192_64_0p5_0p02_0010_0007" 4983
"/Engine/EngineMaterials/Substrate/GLints/dict_16_192_64_0p5_0p02_0010_0006" 4984
"/Engine/EngineMaterials/Substrate/GLints/dict_16_192_64_0p5_0p02_0010_0005" 4985
"/Engine/EngineMaterials/Substrate/GLints/dict_16_192_64_0p5_0p02_0010_0004" 4986
"/Engine/EngineMaterials/Substrate/GLints/dict_16_192_64_0p5_0p02_0010_0003" 4987
"/Engine/EngineMaterials/Substrate/GLints/dict_16_192_64_0p5_0p02_0010_0002" 4988
"/Engine/EngineMaterials/Substrate/GLints/dict_16_192_64_0p5_0p02_0010_0001" 4989
"/Engine/EngineMaterials/Substrate/GLints/dict_16_192_64_0p5_0p02_0010_0000" 4990
"/Engine/EngineMaterials/Substrate/GLints/dict_16_192_64_0p5_0p02_0009_0015" 4991
"/Engine/EngineMaterials/Substrate/GLints/dict_16_192_64_0p5_0p02_0009_0014" 4992
"../../../Engine/Content/EngineMaterials/Substrate/GLints/dict_16_192_64_0p5_0p02_0011_0014.uasset" 4993
"../../../Engine/Content/EngineMaterials/Substrate/GLints/dict_16_192_64_0p5_0p02_0011_0015.uasset" 4994
"../../../Engine/Content/EngineMaterials/Substrate/GLints/dict_16_192_64_0p5_0p02_0012_0001.uasset" 4995
"../../../Engine/Content/EngineMaterials/Substrate/GLints/dict_16_192_64_0p5_0p02_0012_0003.uasset" 4996
"../../../Engine/Content/EngineMaterials/Substrate/GLints/dict_16_192_64_0p5_0p02_0012_0007.uasset" 4997
"../../../Engine/Content/EngineMaterials/Substrate/GLints/dict_16_192_64_0p5_0p02_0012_0002.uasset" 4998
"../../../Engine/Content/EngineMaterials/Substrate/GLints/dict_16_192_64_0p5_0p02_0012_0004.uasset" 4999
"../../../Engine/Content/EngineMaterials/Substrate/GLints/dict_16_192_64_0p5_0p02_0012_0006.uasset" 5000
"../../../Engine/Content/EngineMaterials/Substrate/GLints/dict_16_192_64_0p5_0p02_0012_0005.uasset" 5001
"../../../Engine/Content/EngineMaterials/Substrate/GLints/dict_16_192_64_0p5_0p02_0012_0000.uasset" 5002
"../../../Engine/Content/EngineMaterials/Substrate/GLints/dict_16_192_64_0p5_0p02_0012_0008.uasset" 5003
"../../../Engine/Content/EngineMaterials/Substrate/GLints/dict_16_192_64_0p5_0p02_0012_0009.uasset" 5004
"../../../Engine/Content/EngineMaterials/Substrate/GLints/dict_16_192_64_0p5_0p02_0012_0010.uasset" 5005
"../../../Engine/Content/EngineMaterials/Substrate/GLints/dict_16_192_64_0p5_0p02_0012_0011.uasset" 5006
"../../../Engine/Content/EngineMaterials/Substrate/GLints/dict_16_192_64_0p5_0p02_0012_0014.uasset" 5007
"../../../Engine/Content/EngineMaterials/Substrate/GLints/dict_16_192_64_0p5_0p02_0012_0013.uasset" 5008
"../../../Engine/Content/EngineMaterials/Substrate/GLints/dict_16_192_64_0p5_0p02_0012_0012.uasset" 5009
"../../../Engine/Content/EngineMaterials/Substrate/GLints/dict_16_192_64_0p5_0p02_0013_0000.uasset" 5010
"../../../Engine/Content/EngineMaterials/Substrate/GLints/dict_16_192_64_0p5_0p02_0013_0001.uasset" 5011
"../../../Engine/Content/EngineMaterials/Substrate/GLints/dict_16_192_64_0p5_0p02_0012_0015.uasset" 5012
"../../../Engine/Content/EngineMaterials/Substrate/GLints/dict_16_192_64_0p5_0p02_0013_0006.uasset" 5013
"../../../Engine/Content/EngineMaterials/Substrate/GLints/dict_16_192_64_0p5_0p02_0013_0003.uasset" 5014
"../../../Engine/Content/EngineMaterials/Substrate/GLints/dict_16_192_64_0p5_0p02_0013_0008.uasset" 5015
"../../../Engine/Content/EngineMaterials/Substrate/GLints/dict_16_192_64_0p5_0p02_0013_0009.uasset" 5016
"../../../Engine/Content/EngineMaterials/Substrate/GLints/dict_16_192_64_0p5_0p02_0013_0007.uasset" 5017
"../../../Engine/Content/EngineMaterials/Substrate/GLints/dict_16_192_64_0p5_0p02_0013_0010.uasset" 5018
"../../../Engine/Content/EngineMaterials/Substrate/GLints/dict_16_192_64_0p5_0p02_0013_0005.uasset" 5019
"../../../Engine/Content/EngineMaterials/Substrate/GLints/dict_16_192_64_0p5_0p02_0013_0002.uasset" 5020
"../../../Engine/Content/EngineMaterials/Substrate/GLints/dict_16_192_64_0p5_0p02_0013_0004.uasset" 5021
"../../../Engine/Content/EngineMaterials/Substrate/GLints/dict_16_192_64_0p5_0p02_0013_0012.uasset" 5022
"../../../Engine/Content/EngineMaterials/Substrate/GLints/dict_16_192_64_0p5_0p02_0013_0011.uasset" 5023
"../../../Engine/Content/EngineMaterials/Substrate/GLints/dict_16_192_64_0p5_0p02_0013_0013.uasset" 5024
"/Engine/EngineMaterials/Substrate/GLints/dict_16_192_64_0p5_0p02_0013_0013" 5025
"/Engine/EngineMaterials/Substrate/GLints/dict_16_192_64_0p5_0p02_0013_0012" 5026
"/Engine/EngineMaterials/Substrate/GLints/dict_16_192_64_0p5_0p02_0013_0011" 5027
"/Engine/EngineMaterials/Substrate/GLints/dict_16_192_64_0p5_0p02_0013_0010" 5028
"/Engine/EngineMaterials/Substrate/GLints/dict_16_192_64_0p5_0p02_0013_0009" 5029
"/Engine/EngineMaterials/Substrate/GLints/dict_16_192_64_0p5_0p02_0013_0008" 5030
"/Engine/EngineMaterials/Substrate/GLints/dict_16_192_64_0p5_0p02_0013_0007" 5031
"/Engine/EngineMaterials/Substrate/GLints/dict_16_192_64_0p5_0p02_0013_0006" 5032
"/Engine/EngineMaterials/Substrate/GLints/dict_16_192_64_0p5_0p02_0013_0005" 5033
"/Engine/EngineMaterials/Substrate/GLints/dict_16_192_64_0p5_0p02_0013_0004" 5034
"/Engine/EngineMaterials/Substrate/GLints/dict_16_192_64_0p5_0p02_0013_0003" 5035
"/Engine/EngineMaterials/Substrate/GLints/dict_16_192_64_0p5_0p02_0013_0002" 5036
"/Engine/EngineMaterials/Substrate/GLints/dict_16_192_64_0p5_0p02_0013_0001" 5037
"/Engine/EngineMaterials/Substrate/GLints/dict_16_192_64_0p5_0p02_0013_0000" 5038
"/Engine/EngineMaterials/Substrate/GLints/dict_16_192_64_0p5_0p02_0012_0015" 5039
"/Engine/EngineMaterials/Substrate/GLints/dict_16_192_64_0p5_0p02_0012_0014" 5040
"/Engine/EngineMaterials/Substrate/GLints/dict_16_192_64_0p5_0p02_0012_0013" 5041
"/Engine/EngineMaterials/Substrate/GLints/dict_16_192_64_0p5_0p02_0012_0012" 5042
"/Engine/EngineMaterials/Substrate/GLints/dict_16_192_64_0p5_0p02_0012_0011" 5043
"/Engine/EngineMaterials/Substrate/GLints/dict_16_192_64_0p5_0p02_0012_0010" 5044
"/Engine/EngineMaterials/Substrate/GLints/dict_16_192_64_0p5_0p02_0012_0009" 5045
"/Engine/EngineMaterials/Substrate/GLints/dict_16_192_64_0p5_0p02_0012_0008" 5046
"/Engine/EngineMaterials/Substrate/GLints/dict_16_192_64_0p5_0p02_0012_0007" 5047
"/Engine/EngineMaterials/Substrate/GLints/dict_16_192_64_0p5_0p02_0012_0006" 5048
"/Engine/EngineMaterials/Substrate/GLints/dict_16_192_64_0p5_0p02_0012_0005" 5049
"/Engine/EngineMaterials/Substrate/GLints/dict_16_192_64_0p5_0p02_0012_0004" 5050
"/Engine/EngineMaterials/Substrate/GLints/dict_16_192_64_0p5_0p02_0012_0003" 5051
"/Engine/EngineMaterials/Substrate/GLints/dict_16_192_64_0p5_0p02_0012_0002" 5052
"/Engine/EngineMaterials/Substrate/GLints/dict_16_192_64_0p5_0p02_0012_0001" 5053
"/Engine/EngineMaterials/Substrate/GLints/dict_16_192_64_0p5_0p02_0012_0000" 5054
"/Engine/EngineMaterials/Substrate/GLints/dict_16_192_64_0p5_0p02_0011_0015" 5055
"/Engine/EngineMaterials/Substrate/GLints/dict_16_192_64_0p5_0p02_0011_0014" 5056
"../../../Engine/Content/EngineMaterials/Substrate/GLints/dict_16_192_64_0p5_0p02_0013_0014.uasset" 5057
"/Engine/EngineMaterials/Substrate/GLints/dict_16_192_64_0p5_0p02_0013_0014" 5058
"../../../Engine/Content/EngineMaterials/Substrate/GLints/dict_16_192_64_0p5_0p02_0013_0015.uasset" 5059
"../../../Engine/Content/EngineMaterials/Substrate/GLints/dict_16_192_64_0p5_0p02_0014_0000.uasset" 5060
"../../../Engine/Content/EngineMaterials/Substrate/GLints/dict_16_192_64_0p5_0p02_0014_0001.uasset" 5061
"/Engine/EngineMaterials/Substrate/GLints/dict_16_192_64_0p5_0p02_0014_0000" 5062
"../../../Engine/Content/EngineMaterials/Substrate/GLints/dict_16_192_64_0p5_0p02_0014_0002.uasset" 5063
"../../../Engine/Content/EngineMaterials/Substrate/GLints/dict_16_192_64_0p5_0p02_0014_0003.uasset" 5064
"../../../Engine/Content/EngineMaterials/Substrate/GLints/dict_16_192_64_0p5_0p02_0014_0004.uasset" 5065
"../../../Engine/Content/EngineMaterials/Substrate/GLints/dict_16_192_64_0p5_0p02_0014_0005.uasset" 5066
"/Engine/EngineMaterials/Substrate/GLints/dict_16_192_64_0p5_0p02_0013_0015" 5067
"../../../Engine/Content/EngineMaterials/Substrate/GLints/dict_16_192_64_0p5_0p02_0014_0007.uasset" 5068
"../../../Engine/Content/EngineMaterials/Substrate/GLints/dict_16_192_64_0p5_0p02_0014_0006.uasset" 5069
"../../../Engine/Content/EngineMaterials/Substrate/GLints/dict_16_192_64_0p5_0p02_0014_0008.uasset" 5070
"../../../Engine/Content/EngineMaterials/Substrate/GLints/dict_16_192_64_0p5_0p02_0014_0009.uasset" 5071
"../../../Engine/Content/EngineMaterials/Substrate/GLints/dict_16_192_64_0p5_0p02_0014_0010.uasset" 5072
"../../../Engine/Content/EngineMaterials/Substrate/GLints/dict_16_192_64_0p5_0p02_0014_0011.uasset" 5073
"/Engine/EngineMaterials/Substrate/GLints/dict_16_192_64_0p5_0p02_0014_0009" 5074
"../../../Engine/Content/EngineMaterials/Substrate/GLints/dict_16_192_64_0p5_0p02_0014_0013.uasset" 5075
"../../../Engine/Content/EngineMaterials/Substrate/GLints/dict_16_192_64_0p5_0p02_0014_0012.uasset" 5076
"../../../Engine/Content/EngineMaterials/Substrate/GLints/dict_16_192_64_0p5_0p02_0014_0014.uasset" 5077
"../../../Engine/Content/EngineMaterials/Substrate/GLints/dict_16_192_64_0p5_0p02_0014_0015.uasset" 5078
"../../../Engine/Content/EngineMaterials/Substrate/GLints/dict_16_192_64_0p5_0p02_0015_0000.uasset" 5079
"../../../Engine/Content/EngineMaterials/Substrate/GLints/dict_16_192_64_0p5_0p02_0015_0001.uasset" 5080
"/Engine/EngineMaterials/Substrate/GLints/dict_16_192_64_0p5_0p02_0014_0008" 5081
"../../../Engine/Content/EngineMaterials/Substrate/GLints/dict_16_192_64_0p5_0p02_0015_0002.uasset" 5082
"../../../Engine/Content/EngineMaterials/Substrate/GLints/dict_16_192_64_0p5_0p02_0015_0003.uasset" 5083
"../../../Engine/Content/EngineMaterials/Substrate/GLints/dict_16_192_64_0p5_0p02_0015_0004.uasset" 5084
"../../../Engine/Content/EngineMaterials/Substrate/GLints/dict_16_192_64_0p5_0p02_0015_0005.uasset" 5085
"../../../Engine/Content/EngineMaterials/Substrate/GLints/dict_16_192_64_0p5_0p02_0015_0006.uasset" 5086
"../../../Engine/Content/EngineMaterials/Substrate/GLints/dict_16_192_64_0p5_0p02_0015_0007.uasset" 5087
"/Engine/EngineMaterials/Substrate/GLints/dict_16_192_64_0p5_0p02_0014_0007" 5088
"../../../Engine/Content/EngineMaterials/Substrate/GLints/dict_16_192_64_0p5_0p02_0015_0008.uasset" 5089
"../../../Engine/Content/EngineMaterials/Substrate/GLints/dict_16_192_64_0p5_0p02_0015_0009.uasset" 5090
"../../../Engine/Content/EngineMaterials/Substrate/GLints/dict_16_192_64_0p5_0p02_0015_0010.uasset" 5091
"../../../Engine/Content/EngineMaterials/Substrate/GLints/dict_16_192_64_0p5_0p02_0015_0012.uasset" 5092
"/Engine/EngineMaterials/Substrate/GLints/dict_16_192_64_0p5_0p02_0014_0006" 5093
"../../../Engine/Content/EngineMaterials/Substrate/GLints/dict_16_192_64_0p5_0p02_0015_0013.uasset" 5094
"../../../Engine/Content/EngineMaterials/Substrate/GLints/dict_16_192_64_0p5_0p02_0015_0014.uasset" 5095
"../../../Engine/Content/EngineMaterials/Substrate/GLints/dict_16_192_64_0p5_0p02_0015_0015.uasset" 5096
"/Engine/EngineMaterials/Substrate/GLints/dict_16_192_64_0p5_0p02_0014_0005" 5097
"../../../Engine/Content/EngineMaterials/Substrate/GLints/dict_16_192_64_0p5_0p02_0016_0000.uasset" 5098
"/Engine/EngineMaterials/Substrate/GLints/dict_16_192_64_0p5_0p02_0014_0004" 5099
"/Engine/EngineMaterials/Substrate/GLints/dict_16_192_64_0p5_0p02_0014_0003" 5100
"/Engine/EngineMaterials/Substrate/GLints/dict_16_192_64_0p5_0p02_0014_0002" 5101
"/Engine/EngineMaterials/Substrate/GLints/dict_16_192_64_0p5_0p02_0014_0001" 5102
"/Engine/EngineMaterials/Substrate/GLints/dict_16_192_64_0p5_0p02_0015_0013" 5103
"../../../Engine/Content/EngineMaterials/Substrate/GLints/dict_16_192_64_0p5_0p02_0016_0001.uasset" 5104
"../../../Engine/Content/EngineMaterials/Substrate/GLints/dict_16_192_64_0p5_0p02_0016_0002.uasset" 5105
"../../../Engine/Content/EngineMaterials/Substrate/GLints/dict_16_192_64_0p5_0p02_0016_0003.uasset" 5106
"../../../Engine/Content/EngineMaterials/Substrate/GLints/dict_16_192_64_0p5_0p02_0016_0004.uasset" 5107
"/Engine/EngineMaterials/Substrate/GLints/dict_16_192_64_0p5_0p02_0015_0012" 5108
"../../../Engine/Content/EngineMaterials/Substrate/GLints/dict_16_192_64_0p5_0p02_0016_0005.uasset" 5109
"../../../Engine/Content/EngineMaterials/Substrate/GLints/dict_16_192_64_0p5_0p02_0016_0006.uasset" 5110
"../../../Engine/Content/EngineMaterials/Substrate/GLints/dict_16_192_64_0p5_0p02_0016_0007.uasset" 5111
"../../../Engine/Content/EngineMaterials/Substrate/GLints/dict_16_192_64_0p5_0p02_0016_0008.uasset" 5112
"/Engine/EngineMaterials/Substrate/GLints/dict_16_192_64_0p5_0p02_0015_0010" 5113
"../../../Engine/Content/EngineMaterials/Substrate/GLints/dict_16_192_64_0p5_0p02_0016_0009.uasset" 5114
"/Engine/EngineMaterials/Substrate/GLints/dict_16_192_64_0p5_0p02_0015_0009" 5115
"/Engine/EngineMaterials/Substrate/GLints/dict_16_192_64_0p5_0p02_0015_0008" 5116
"/Engine/EngineMaterials/Substrate/GLints/dict_16_192_64_0p5_0p02_0015_0007" 5117
"/Engine/EngineMaterials/Substrate/GLints/dict_16_192_64_0p5_0p02_0015_0006" 5118
"/Engine/EngineMaterials/Substrate/GLints/dict_16_192_64_0p5_0p02_0015_0005" 5119
"/Engine/EngineMaterials/Substrate/GLints/dict_16_192_64_0p5_0p02_0015_0004" 5120
"/Engine/EngineMaterials/Substrate/GLints/dict_16_192_64_0p5_0p02_0015_0003" 5121
"/Engine/EngineMaterials/Substrate/GLints/dict_16_192_64_0p5_0p02_0015_0002" 5122
"/Engine/EngineMaterials/Substrate/GLints/dict_16_192_64_0p5_0p02_0015_0001" 5123
"/Engine/EngineMaterials/Substrate/GLints/dict_16_192_64_0p5_0p02_0015_0000" 5124
"/Engine/EngineMaterials/Substrate/GLints/dict_16_192_64_0p5_0p02_0014_0015" 5125
"/Engine/EngineMaterials/Substrate/GLints/dict_16_192_64_0p5_0p02_0014_0014" 5126
"../../../Engine/Content/EngineMaterials/Substrate/GLints/dict_16_192_64_0p5_0p02_0015_0011.uasset" 5127
"/Engine/EngineMaterials/Substrate/GLints/dict_16_192_64_0p5_0p02_0014_0013" 5128
"/Engine/EngineMaterials/Substrate/GLints/dict_16_192_64_0p5_0p02_0014_0012" 5129
"/Engine/EngineMaterials/Substrate/GLints/dict_16_192_64_0p5_0p02_0014_0011" 5130
"/Engine/EngineMaterials/Substrate/GLints/dict_16_192_64_0p5_0p02_0014_0010" 5131
"/Engine/EngineMaterials/Substrate/GLints/dict_16_192_64_0p5_0p02_0016_0000" 5132
"/Engine/EngineMaterials/Substrate/GLints/dict_16_192_64_0p5_0p02_0015_0015" 5133
"/Engine/EngineMaterials/Substrate/GLints/dict_16_192_64_0p5_0p02_0015_0014" 5134
"../../../Engine/Content/EngineMaterials/Substrate/GLints/dict_16_192_64_0p5_0p02_0016_0010.uasset" 5135
"../../../Engine/Content/EngineMaterials/Substrate/GLints/dict_16_192_64_0p5_0p02_0016_0011.uasset" 5136
"/Engine/EngineMaterials/Substrate/GLints/dict_16_192_64_0p5_0p02_0015_0011" 5137
"../../../Engine/Content/EngineMaterials/Substrate/GLints/dict_16_192_64_0p5_0p02_0016_0012.uasset" 5138
"/Engine/EngineMaterials/Substrate/GLints/dict_16_192_64_0p5_0p02_0016_0009" 5139
"../../../Engine/Content/EngineMaterials/Substrate/GLints/dict_16_192_64_0p5_0p02_0017_0000.uasset" 5140
"../../../Engine/Content/EngineMaterials/Substrate/GLints/dict_16_192_64_0p5_0p02_0016_0015.uasset" 5141
"../../../Engine/Content/EngineMaterials/Substrate/GLints/dict_16_192_64_0p5_0p02_0017_0001.uasset" 5142
"../../../Engine/Content/EngineMaterials/Substrate/GLints/dict_16_192_64_0p5_0p02_0016_0014.uasset" 5143
"../../../Engine/Content/EngineMaterials/Substrate/GLints/dict_16_192_64_0p5_0p02_0017_0002.uasset" 5144
"../../../Engine/Content/EngineMaterials/Substrate/GLints/dict_16_192_64_0p5_0p02_0017_0003.uasset" 5145
"../../../Engine/Content/EngineMaterials/Substrate/GLints/dict_16_192_64_0p5_0p02_0017_0004.uasset" 5146
"../../../Engine/Content/EngineMaterials/Substrate/GLints/dict_16_192_64_0p5_0p02_0017_0006.uasset" 5147
"../../../Engine/Content/EngineMaterials/Substrate/GLints/dict_16_192_64_0p5_0p02_0017_0005.uasset" 5148
"../../../Engine/Content/EngineMaterials/Substrate/GLints/dict_16_192_64_0p5_0p02_0017_0007.uasset" 5149
"../../../Engine/Content/EngineMaterials/Substrate/GLints/dict_16_192_64_0p5_0p02_0017_0008.uasset" 5150
"/Engine/EngineMaterials/Substrate/GLints/dict_16_192_64_0p5_0p02_0016_0008" 5151
"../../../Engine/Content/EngineMaterials/Substrate/GLints/dict_16_192_64_0p5_0p02_0017_0009.uasset" 5152
"../../../Engine/Content/EngineMaterials/Substrate/GLints/dict_16_192_64_0p5_0p02_0017_0011.uasset" 5153
"../../../Engine/Content/EngineMaterials/Substrate/GLints/dict_16_192_64_0p5_0p02_0017_0012.uasset" 5154
"../../../Engine/Content/EngineMaterials/Substrate/GLints/dict_16_192_64_0p5_0p02_0017_0010.uasset" 5155
"../../../Engine/Content/EngineMaterials/Substrate/GLints/dict_16_192_64_0p5_0p02_0017_0013.uasset" 5156
"../../../Engine/Content/EngineMaterials/Substrate/GLints/dict_16_192_64_0p5_0p02_0017_0014.uasset" 5157
"../../../Engine/Content/EngineMaterials/Substrate/GLints/dict_16_192_64_0p5_0p02_0017_0015.uasset" 5158
"/Engine/EngineMaterials/Substrate/GLints/dict_16_192_64_0p5_0p02_0016_0007" 5159
"../../../Engine/Content/EngineMaterials/Substrate/GLints/dict_16_192_64_0p5_0p02_0016_0013.uasset" 5160
"/Engine/EngineMaterials/Substrate/GLints/dict_16_192_64_0p5_0p02_0016_0006" 5161
"/Engine/EngineMaterials/Substrate/GLints/dict_16_192_64_0p5_0p02_0016_0005" 5162
"/Engine/EngineMaterials/Substrate/GLints/dict_16_192_64_0p5_0p02_0016_0004" 5163
"/Engine/EngineMaterials/Substrate/GLints/dict_16_192_64_0p5_0p02_0016_0003" 5164
"/Engine/EngineMaterials/Substrate/GLints/dict_16_192_64_0p5_0p02_0016_0002" 5165
"/Engine/EngineMaterials/Substrate/GLints/dict_16_192_64_0p5_0p02_0016_0001" 5166
"/Engine/EngineMaterials/Substrate/GLints/dict_16_192_64_0p5_0p02_0017_0015" 5167
"../../../Engine/Content/EngineMaterials/Substrate/GLints/dict_16_192_64_0p5_0p02_0018_0000.uasset" 5168
"../../../Engine/Content/EngineMaterials/Substrate/GLints/dict_16_192_64_0p5_0p02_0018_0002.uasset" 5169
"/Engine/EngineMaterials/Substrate/GLints/dict_16_192_64_0p5_0p02_0017_0014" 5170
"../../../Engine/Content/EngineMaterials/Substrate/GLints/dict_16_192_64_0p5_0p02_0018_0001.uasset" 5171
"/Engine/EngineMaterials/Substrate/GLints/dict_16_192_64_0p5_0p02_0017_0013" 5172
"../../../Engine/Content/EngineMaterials/Substrate/GLints/dict_16_192_64_0p5_0p02_0018_0004.uasset" 5173
"../../../Engine/Content/EngineMaterials/Substrate/GLints/dict_16_192_64_0p5_0p02_0018_0006.uasset" 5174
"../../../Engine/Content/EngineMaterials/Substrate/GLints/dict_16_192_64_0p5_0p02_0018_0005.uasset" 5175
"../../../Engine/Content/EngineMaterials/Substrate/GLints/dict_16_192_64_0p5_0p02_0018_0003.uasset" 5176
"../../../Engine/Content/EngineMaterials/Substrate/GLints/dict_16_192_64_0p5_0p02_0018_0008.uasset" 5177
"../../../Engine/Content/EngineMaterials/Substrate/GLints/dict_16_192_64_0p5_0p02_0018_0007.uasset" 5178
"../../../Engine/Content/EngineMaterials/Substrate/GLints/dict_16_192_64_0p5_0p02_0018_0009.uasset" 5179
"/Engine/EngineMaterials/Substrate/GLints/dict_16_192_64_0p5_0p02_0017_0012" 5180
"/Engine/EngineMaterials/Substrate/GLints/dict_16_192_64_0p5_0p02_0017_0011" 5181
"/Engine/EngineMaterials/Substrate/GLints/dict_16_192_64_0p5_0p02_0017_0010" 5182
"/Engine/EngineMaterials/Substrate/GLints/dict_16_192_64_0p5_0p02_0017_0009" 5183
"/Engine/EngineMaterials/Substrate/GLints/dict_16_192_64_0p5_0p02_0017_0008" 5184
"/Engine/EngineMaterials/Substrate/GLints/dict_16_192_64_0p5_0p02_0017_0007" 5185
"/Engine/EngineMaterials/Substrate/GLints/dict_16_192_64_0p5_0p02_0017_0006" 5186
"/Engine/EngineMaterials/Substrate/GLints/dict_16_192_64_0p5_0p02_0017_0005" 5187
"/Engine/EngineMaterials/Substrate/GLints/dict_16_192_64_0p5_0p02_0017_0004" 5188
"/Engine/EngineMaterials/Substrate/GLints/dict_16_192_64_0p5_0p02_0017_0003" 5189
"/Engine/EngineMaterials/Substrate/GLints/dict_16_192_64_0p5_0p02_0017_0002" 5190
"/Engine/EngineMaterials/Substrate/GLints/dict_16_192_64_0p5_0p02_0017_0001" 5191
"/Engine/EngineMaterials/Substrate/GLints/dict_16_192_64_0p5_0p02_0017_0000" 5192
"/Engine/EngineMaterials/Substrate/GLints/dict_16_192_64_0p5_0p02_0016_0015" 5193
"/Engine/EngineMaterials/Substrate/GLints/dict_16_192_64_0p5_0p02_0016_0014" 5194
"/Engine/EngineMaterials/Substrate/GLints/dict_16_192_64_0p5_0p02_0016_0013" 5195
"/Engine/EngineMaterials/Substrate/GLints/dict_16_192_64_0p5_0p02_0016_0012" 5196
"/Engine/EngineMaterials/Substrate/GLints/dict_16_192_64_0p5_0p02_0016_0011" 5197
"/Engine/EngineMaterials/Substrate/GLints/dict_16_192_64_0p5_0p02_0016_0010" 5198
"/Engine/EngineMaterials/Substrate/GLints/dict_16_192_64_0p5_0p02_0018_0009" 5199
"../../../Engine/Content/EngineMaterials/Substrate/GLints/dict_16_192_64_0p5_0p02_0018_0010.uasset" 5200
"../../../Engine/Content/EngineMaterials/Substrate/GLints/dict_16_192_64_0p5_0p02_0018_0012.uasset" 5201
"../../../Engine/Content/EngineMaterials/Substrate/GLints/dict_16_192_64_0p5_0p02_0018_0011.uasset" 5202
"/Engine/EngineMaterials/Substrate/GLints/dict_16_192_64_0p5_0p02_0018_0008" 5203
"../../../Engine/Content/EngineMaterials/Substrate/GLints/dict_16_192_64_0p5_0p02_0018_0014.uasset" 5204
"../../../Engine/Content/EngineMaterials/Substrate/GLints/dict_16_192_64_0p5_0p02_0018_0013.uasset" 5205
"/Engine/EngineMaterials/Substrate/GLints/dict_16_192_64_0p5_0p02_0018_0007" 5206
"/Engine/EngineMaterials/Substrate/GLints/dict_16_192_64_0p5_0p02_0018_0006" 5207
"/Engine/EngineMaterials/Substrate/GLints/dict_16_192_64_0p5_0p02_0018_0005" 5208
"/Engine/EngineMaterials/Substrate/GLints/dict_16_192_64_0p5_0p02_0018_0004" 5209
"../../../Engine/Content/EngineMaterials/Substrate/GLints/dict_16_192_64_0p5_0p02_0019_0000.uasset" 5210
"../../../Engine/Content/EngineMaterials/Substrate/GLints/dict_16_192_64_0p5_0p02_0018_0015.uasset" 5211
"../../../Engine/Content/EngineMaterials/Substrate/GLints/dict_16_192_64_0p5_0p02_0019_0004.uasset" 5212
"../../../Engine/Content/EngineMaterials/Substrate/GLints/dict_16_192_64_0p5_0p02_0019_0003.uasset" 5213
"../../../Engine/Content/EngineMaterials/Substrate/GLints/dict_16_192_64_0p5_0p02_0019_0001.uasset" 5214
"../../../Engine/Content/EngineMaterials/Substrate/GLints/dict_16_192_64_0p5_0p02_0019_0002.uasset" 5215
"/Engine/EngineMaterials/Substrate/GLints/dict_16_192_64_0p5_0p02_0018_0003" 5216
"../../../Engine/Content/EngineMaterials/Substrate/GLints/dict_16_192_64_0p5_0p02_0019_0007.uasset" 5217
"../../../Engine/Content/EngineMaterials/Substrate/GLints/dict_16_192_64_0p5_0p02_0019_0005.uasset" 5218
"../../../Engine/Content/EngineMaterials/Substrate/GLints/dict_16_192_64_0p5_0p02_0019_0008.uasset" 5219
"../../../Engine/Content/EngineMaterials/Substrate/GLints/dict_16_192_64_0p5_0p02_0019_0006.uasset" 5220
"/Engine/EngineMaterials/Substrate/GLints/dict_16_192_64_0p5_0p02_0018_0002" 5221
"/Engine/EngineMaterials/Substrate/GLints/dict_16_192_64_0p5_0p02_0018_0001" 5222
"../../../Engine/Content/EngineMaterials/Substrate/GLints/dict_16_192_64_0p5_0p02_0019_0012.uasset" 5223
"../../../Engine/Content/EngineMaterials/Substrate/GLints/dict_16_192_64_0p5_0p02_0019_0010.uasset" 5224
"/Engine/EngineMaterials/Substrate/GLints/dict_16_192_64_0p5_0p02_0018_0000" 5225
"../../../Engine/Content/EngineMaterials/Substrate/GLints/dict_16_192_64_0p5_0p02_0019_0009.uasset" 5226
"../../../Engine/Content/EngineMaterials/Substrate/GLints/dict_16_192_64_0p5_0p02_0019_0013.uasset" 5227
"../../../Engine/Content/EngineMaterials/Substrate/GLints/dict_16_192_64_0p5_0p02_0019_0014.uasset" 5228
"../../../Engine/Content/EngineMaterials/Substrate/GLints/dict_16_192_64_0p5_0p02_0019_0011.uasset" 5229
"../../../Engine/Content/EngineMaterials/Substrate/GLints/dict_16_192_64_0p5_0p02_0019_0015.uasset" 5230
"../../../Engine/Content/EngineMaterials/Substrate/GLints/dict_16_192_64_0p5_0p02_0020_0000.uasset" 5231
"../../../Engine/Content/EngineMaterials/Substrate/GLints/dict_16_192_64_0p5_0p02_0020_0001.uasset" 5232
"/Engine/EngineMaterials/Substrate/GLints/dict_16_192_64_0p5_0p02_0019_0015" 5233
"../../../Engine/Content/EngineMaterials/Substrate/GLints/dict_16_192_64_0p5_0p02_0020_0004.uasset" 5234
"../../../Engine/Content/EngineMaterials/Substrate/GLints/dict_16_192_64_0p5_0p02_0020_0002.uasset" 5235
"../../../Engine/Content/EngineMaterials/Substrate/GLints/dict_16_192_64_0p5_0p02_0020_0003.uasset" 5236
"../../../Engine/Content/EngineMaterials/Substrate/GLints/dict_16_192_64_0p5_0p02_0020_0005.uasset" 5237
"../../../Engine/Content/EngineMaterials/Substrate/GLints/dict_16_192_64_0p5_0p02_0020_0006.uasset" 5238
"../../../Engine/Content/EngineMaterials/Substrate/GLints/dict_16_192_64_0p5_0p02_0020_0007.uasset" 5239
"/Engine/EngineMaterials/Substrate/GLints/dict_16_192_64_0p5_0p02_0019_0014" 5240
"../../../Engine/Content/EngineMaterials/Substrate/GLints/dict_16_192_64_0p5_0p02_0020_0008.uasset" 5241
"../../../Engine/Content/EngineMaterials/Substrate/GLints/dict_16_192_64_0p5_0p02_0020_0009.uasset" 5242
"/Engine/EngineMaterials/Substrate/GLints/dict_16_192_64_0p5_0p02_0019_0013" 5243
"/Engine/EngineMaterials/Substrate/GLints/dict_16_192_64_0p5_0p02_0019_0012" 5244
"/Engine/EngineMaterials/Substrate/GLints/dict_16_192_64_0p5_0p02_0019_0011" 5245
"/Engine/EngineMaterials/Substrate/GLints/dict_16_192_64_0p5_0p02_0019_0010" 5246
"/Engine/EngineMaterials/Substrate/GLints/dict_16_192_64_0p5_0p02_0019_0009" 5247
"/Engine/EngineMaterials/Substrate/GLints/dict_16_192_64_0p5_0p02_0019_0008" 5248
"/Engine/EngineMaterials/Substrate/GLints/dict_16_192_64_0p5_0p02_0019_0007" 5249
"/Engine/EngineMaterials/Substrate/GLints/dict_16_192_64_0p5_0p02_0019_0006" 5250
"/Engine/EngineMaterials/Substrate/GLints/dict_16_192_64_0p5_0p02_0019_0005" 5251
"/Engine/EngineMaterials/Substrate/GLints/dict_16_192_64_0p5_0p02_0019_0004" 5252
"/Engine/EngineMaterials/Substrate/GLints/dict_16_192_64_0p5_0p02_0019_0003" 5253
"/Engine/EngineMaterials/Substrate/GLints/dict_16_192_64_0p5_0p02_0019_0002" 5254
"/Engine/EngineMaterials/Substrate/GLints/dict_16_192_64_0p5_0p02_0019_0001" 5255
"/Engine/EngineMaterials/Substrate/GLints/dict_16_192_64_0p5_0p02_0019_0000" 5256
"/Engine/EngineMaterials/Substrate/GLints/dict_16_192_64_0p5_0p02_0018_0015" 5257
"/Engine/EngineMaterials/Substrate/GLints/dict_16_192_64_0p5_0p02_0018_0014" 5258
"/Engine/EngineMaterials/Substrate/GLints/dict_16_192_64_0p5_0p02_0018_0013" 5259
"/Engine/EngineMaterials/Substrate/GLints/dict_16_192_64_0p5_0p02_0018_0012" 5260
"/Engine/EngineMaterials/Substrate/GLints/dict_16_192_64_0p5_0p02_0018_0011" 5261
"/Engine/EngineMaterials/Substrate/GLints/dict_16_192_64_0p5_0p02_0018_0010" 5262
"../../../Engine/Content/EngineMaterials/Substrate/GLints/dict_16_192_64_0p5_0p02_0020_0011.uasset" 5263
"/Engine/EngineMaterials/Substrate/GLints/dict_16_192_64_0p5_0p02_0020_0009" 5264
"../../../Engine/Content/EngineMaterials/Substrate/GLints/dict_16_192_64_0p5_0p02_0020_0010.uasset" 5265
"../../../Engine/Content/EngineMaterials/Substrate/GLints/dict_16_192_64_0p5_0p02_0020_0012.uasset" 5266
"../../../Engine/Content/EngineMaterials/Substrate/GLints/dict_16_192_64_0p5_0p02_0020_0013.uasset" 5267
"/Engine/EngineMaterials/Substrate/GLints/dict_16_192_64_0p5_0p02_0020_0008" 5268
"../../../Engine/Content/EngineMaterials/Substrate/GLints/dict_16_192_64_0p5_0p02_0020_0014.uasset" 5269
"../../../Engine/Content/EngineMaterials/Substrate/GLints/dict_16_192_64_0p5_0p02_0021_0000.uasset" 5270
"../../../Engine/Content/EngineMaterials/Substrate/GLints/dict_16_192_64_0p5_0p02_0021_0002.uasset" 5271
"../../../Engine/Content/EngineMaterials/Substrate/GLints/dict_16_192_64_0p5_0p02_0021_0001.uasset" 5272
"/Engine/EngineMaterials/Substrate/GLints/dict_16_192_64_0p5_0p02_0020_0007" 5273
"../../../Engine/Content/EngineMaterials/Substrate/GLints/dict_16_192_64_0p5_0p02_0020_0015.uasset" 5274
"../../../Engine/Content/EngineMaterials/Substrate/GLints/dict_16_192_64_0p5_0p02_0021_0006.uasset" 5275
"../../../Engine/Content/EngineMaterials/Substrate/GLints/dict_16_192_64_0p5_0p02_0021_0003.uasset" 5276
"../../../Engine/Content/EngineMaterials/Substrate/GLints/dict_16_192_64_0p5_0p02_0021_0009.uasset" 5277
"../../../Engine/Content/EngineMaterials/Substrate/GLints/dict_16_192_64_0p5_0p02_0021_0008.uasset" 5278
"/Engine/EngineMaterials/Substrate/GLints/dict_16_192_64_0p5_0p02_0020_0006" 5279
"../../../Engine/Content/EngineMaterials/Substrate/GLints/dict_16_192_64_0p5_0p02_0021_0004.uasset" 5280
"/Engine/EngineMaterials/Substrate/GLints/dict_16_192_64_0p5_0p02_0020_0005" 5281
"../../../Engine/Content/EngineMaterials/Substrate/GLints/dict_16_192_64_0p5_0p02_0021_0007.uasset" 5282
"../../../Engine/Content/EngineMaterials/Substrate/GLints/dict_16_192_64_0p5_0p02_0021_0011.uasset" 5283
"../../../Engine/Content/EngineMaterials/Substrate/GLints/dict_16_192_64_0p5_0p02_0021_0013.uasset" 5284
"../../../Engine/Content/EngineMaterials/Substrate/GLints/dict_16_192_64_0p5_0p02_0021_0010.uasset" 5285
"../../../Engine/Content/EngineMaterials/Substrate/GLints/dict_16_192_64_0p5_0p02_0021_0012.uasset" 5286
"../../../Engine/Content/EngineMaterials/Substrate/GLints/dict_16_192_64_0p5_0p02_0021_0005.uasset" 5287
"../../../Engine/Content/EngineMaterials/Substrate/GLints/dict_16_192_64_0p5_0p02_0021_0014.uasset" 5288
"../../../Engine/Content/EngineMaterials/Substrate/GLints/dict_16_192_64_0p5_0p02_0021_0015.uasset" 5289
"/Engine/EngineMaterials/Substrate/GLints/dict_16_192_64_0p5_0p02_0020_0004" 5290
"/Engine/EngineMaterials/Substrate/GLints/dict_16_192_64_0p5_0p02_0020_0003" 5291
"/Engine/EngineMaterials/Substrate/GLints/dict_16_192_64_0p5_0p02_0020_0002" 5292
"/Engine/EngineMaterials/Substrate/GLints/dict_16_192_64_0p5_0p02_0020_0001" 5293
"/Engine/EngineMaterials/Substrate/GLints/dict_16_192_64_0p5_0p02_0020_0000" 5294
"/Engine/EngineMaterials/Substrate/GLints/dict_16_192_64_0p5_0p02_0021_0015" 5295
"../../../Engine/Content/EngineMaterials/Substrate/GLints/dict_16_192_64_0p5_0p02_0022_0000.uasset" 5296
"/Engine/EngineMaterials/Substrate/GLints/dict_16_192_64_0p5_0p02_0021_0014" 5297
"../../../Engine/Content/EngineMaterials/Substrate/GLints/dict_16_192_64_0p5_0p02_0022_0005.uasset" 5298
"../../../Engine/Content/EngineMaterials/Substrate/GLints/dict_16_192_64_0p5_0p02_0022_0004.uasset" 5299
"../../../Engine/Content/EngineMaterials/Substrate/GLints/dict_16_192_64_0p5_0p02_0022_0009.uasset" 5300
"../../../Engine/Content/EngineMaterials/Substrate/GLints/dict_16_192_64_0p5_0p02_0022_0002.uasset" 5301
"../../../Engine/Content/EngineMaterials/Substrate/GLints/dict_16_192_64_0p5_0p02_0022_0006.uasset" 5302
"../../../Engine/Content/EngineMaterials/Substrate/GLints/dict_16_192_64_0p5_0p02_0022_0008.uasset" 5303
"../../../Engine/Content/EngineMaterials/Substrate/GLints/dict_16_192_64_0p5_0p02_0022_0007.uasset" 5304
"../../../Engine/Content/EngineMaterials/Substrate/GLints/dict_16_192_64_0p5_0p02_0022_0001.uasset" 5305
"/Engine/EngineMaterials/Substrate/GLints/dict_16_192_64_0p5_0p02_0021_0013" 5306
"../../../Engine/Content/EngineMaterials/Substrate/GLints/dict_16_192_64_0p5_0p02_0022_0003.uasset" 5307
"/Engine/EngineMaterials/Substrate/GLints/dict_16_192_64_0p5_0p02_0021_0012" 5308
"/Engine/EngineMaterials/Substrate/GLints/dict_16_192_64_0p5_0p02_0021_0011" 5309
"/Engine/EngineMaterials/Substrate/GLints/dict_16_192_64_0p5_0p02_0021_0010" 5310
"/Engine/EngineMaterials/Substrate/GLints/dict_16_192_64_0p5_0p02_0021_0009" 5311
"/Engine/EngineMaterials/Substrate/GLints/dict_16_192_64_0p5_0p02_0021_0008" 5312
"/Engine/EngineMaterials/Substrate/GLints/dict_16_192_64_0p5_0p02_0021_0007" 5313
"/Engine/EngineMaterials/Substrate/GLints/dict_16_192_64_0p5_0p02_0021_0006" 5314
"/Engine/EngineMaterials/Substrate/GLints/dict_16_192_64_0p5_0p02_0021_0005" 5315
"/Engine/EngineMaterials/Substrate/GLints/dict_16_192_64_0p5_0p02_0021_0004" 5316
"/Engine/EngineMaterials/Substrate/GLints/dict_16_192_64_0p5_0p02_0021_0003" 5317
"/Engine/EngineMaterials/Substrate/GLints/dict_16_192_64_0p5_0p02_0021_0002" 5318
"/Engine/EngineMaterials/Substrate/GLints/dict_16_192_64_0p5_0p02_0021_0001" 5319
"/Engine/EngineMaterials/Substrate/GLints/dict_16_192_64_0p5_0p02_0021_0000" 5320
"/Engine/EngineMaterials/Substrate/GLints/dict_16_192_64_0p5_0p02_0020_0015" 5321
"/Engine/EngineMaterials/Substrate/GLints/dict_16_192_64_0p5_0p02_0020_0014" 5322
"/Engine/EngineMaterials/Substrate/GLints/dict_16_192_64_0p5_0p02_0020_0013" 5323
"/Engine/EngineMaterials/Substrate/GLints/dict_16_192_64_0p5_0p02_0020_0012" 5324
"/Engine/EngineMaterials/Substrate/GLints/dict_16_192_64_0p5_0p02_0020_0011" 5325
"/Engine/EngineMaterials/Substrate/GLints/dict_16_192_64_0p5_0p02_0020_0010" 5326
"../../../Engine/Content/EngineMaterials/Substrate/GLints/dict_16_192_64_0p5_0p02_0022_0010.uasset" 5327
"/Engine/EngineMaterials/Substrate/GLints/dict_16_192_64_0p5_0p02_0022_0009" 5328
"../../../Engine/Content/EngineMaterials/Substrate/GLints/dict_16_192_64_0p5_0p02_0023_0000.uasset" 5329
"../../../Engine/Content/EngineMaterials/Substrate/GLints/dict_16_192_64_0p5_0p02_0023_0001.uasset" 5330
"../../../Engine/Content/EngineMaterials/Substrate/GLints/dict_16_192_64_0p5_0p02_0022_0015.uasset" 5331
"../../../Engine/Content/EngineMaterials/Substrate/GLints/dict_16_192_64_0p5_0p02_0023_0003.uasset" 5332
"../../../Engine/Content/EngineMaterials/Substrate/GLints/dict_16_192_64_0p5_0p02_0023_0004.uasset" 5333
"../../../Engine/Content/EngineMaterials/Substrate/GLints/dict_16_192_64_0p5_0p02_0022_0014.uasset" 5334
"../../../Engine/Content/EngineMaterials/Substrate/GLints/dict_16_192_64_0p5_0p02_0022_0012.uasset" 5335
"../../../Engine/Content/EngineMaterials/Substrate/GLints/dict_16_192_64_0p5_0p02_0022_0011.uasset" 5336
"../../../Engine/Content/EngineMaterials/Substrate/GLints/dict_16_192_64_0p5_0p02_0022_0013.uasset" 5337
"../../../Engine/Content/EngineMaterials/Substrate/GLints/dict_16_192_64_0p5_0p02_0023_0005.uasset" 5338
"/Engine/EngineMaterials/Substrate/GLints/dict_16_192_64_0p5_0p02_0022_0008" 5339
"../../../Engine/Content/EngineMaterials/Substrate/GLints/dict_16_192_64_0p5_0p02_0023_0002.uasset" 5340
"../../../Engine/Content/EngineMaterials/Substrate/GLints/dict_16_192_64_0p5_0p02_0023_0006.uasset" 5341
"../../../Engine/Content/EngineMaterials/Substrate/GLints/dict_16_192_64_0p5_0p02_0023_0014.uasset" 5342
"../../../Engine/Content/EngineMaterials/Substrate/GLints/dict_16_192_64_0p5_0p02_0023_0009.uasset" 5343
"../../../Engine/Content/EngineMaterials/Substrate/GLints/dict_16_192_64_0p5_0p02_0023_0011.uasset" 5344
"../../../Engine/Content/EngineMaterials/Substrate/GLints/dict_16_192_64_0p5_0p02_0023_0008.uasset" 5345
"../../../Engine/Content/EngineMaterials/Substrate/GLints/dict_16_192_64_0p5_0p02_0023_0012.uasset" 5346
"../../../Engine/Content/EngineMaterials/Substrate/GLints/dict_16_192_64_0p5_0p02_0023_0013.uasset" 5347
"../../../Engine/Content/EngineMaterials/Substrate/GLints/dict_16_192_64_0p5_0p02_0023_0007.uasset" 5348
"/Engine/EngineMaterials/Substrate/GLints/dict_16_192_64_0p5_0p02_0022_0007" 5349
"../../../Engine/Content/EngineMaterials/Substrate/GLints/dict_16_192_64_0p5_0p02_0023_0010.uasset" 5350
"../../../Engine/Content/EngineMaterials/Substrate/GLints/dict_16_192_64_0p5_0p02_0023_0015.uasset" 5351
"/Engine/EngineMaterials/Substrate/GLints/dict_16_192_64_0p5_0p02_0022_0006" 5352
"/Engine/EngineMaterials/Substrate/GLints/dict_16_192_64_0p5_0p02_0022_0005" 5353
"/Engine/EngineMaterials/Substrate/GLints/dict_16_192_64_0p5_0p02_0022_0004" 5354
"/Engine/EngineMaterials/Substrate/GLints/dict_16_192_64_0p5_0p02_0022_0003" 5355
"/Engine/EngineMaterials/Substrate/GLints/dict_16_192_64_0p5_0p02_0022_0002" 5356
"/Engine/EngineMaterials/Substrate/GLints/dict_16_192_64_0p5_0p02_0022_0001" 5357
"/Engine/EngineMaterials/Substrate/GLints/dict_16_192_64_0p5_0p02_0022_0000" 5358
"/Engine/EngineMaterials/Substrate/GLints/dict_16_192_64_0p5_0p02_0023_0015" 5359
"../../../Engine/Content/EngineMaterials/Substrate/GLints/dict_16_192_64_0p5_0p02_0024_0001.uasset" 5360
"../../../Engine/Content/EngineMaterials/Substrate/GLints/dict_16_192_64_0p5_0p02_0024_0003.uasset" 5361
"../../../Engine/Content/EngineMaterials/Substrate/GLints/dict_16_192_64_0p5_0p02_0024_0008.uasset" 5362
"../../../Engine/Content/EngineMaterials/Substrate/GLints/dict_16_192_64_0p5_0p02_0024_0000.uasset" 5363
"../../../Engine/Content/EngineMaterials/Substrate/GLints/dict_16_192_64_0p5_0p02_0024_0005.uasset" 5364
"../../../Engine/Content/EngineMaterials/Substrate/GLints/dict_16_192_64_0p5_0p02_0024_0002.uasset" 5365
"../../../Engine/Content/EngineMaterials/Substrate/GLints/dict_16_192_64_0p5_0p02_0024_0009.uasset" 5366
"../../../Engine/Content/EngineMaterials/Substrate/GLints/dict_16_192_64_0p5_0p02_0024_0006.uasset" 5367
"../../../Engine/Content/EngineMaterials/Substrate/GLints/dict_16_192_64_0p5_0p02_0024_0007.uasset" 5368
"../../../Engine/Content/EngineMaterials/Substrate/GLints/dict_16_192_64_0p5_0p02_0024_0004.uasset" 5369
"/Engine/EngineMaterials/Substrate/GLints/dict_16_192_64_0p5_0p02_0023_0014" 5370
"/Engine/EngineMaterials/Substrate/GLints/dict_16_192_64_0p5_0p02_0023_0013" 5371
"/Engine/EngineMaterials/Substrate/GLints/dict_16_192_64_0p5_0p02_0023_0012" 5372
"/Engine/EngineMaterials/Substrate/GLints/dict_16_192_64_0p5_0p02_0023_0011" 5373
"/Engine/EngineMaterials/Substrate/GLints/dict_16_192_64_0p5_0p02_0023_0010" 5374
"/Engine/EngineMaterials/Substrate/GLints/dict_16_192_64_0p5_0p02_0023_0009" 5375
"/Engine/EngineMaterials/Substrate/GLints/dict_16_192_64_0p5_0p02_0023_0008" 5376
"/Engine/EngineMaterials/Substrate/GLints/dict_16_192_64_0p5_0p02_0023_0007" 5377
"/Engine/EngineMaterials/Substrate/GLints/dict_16_192_64_0p5_0p02_0023_0006" 5378
"/Engine/EngineMaterials/Substrate/GLints/dict_16_192_64_0p5_0p02_0023_0005" 5379
"/Engine/EngineMaterials/Substrate/GLints/dict_16_192_64_0p5_0p02_0023_0004" 5380
"/Engine/EngineMaterials/Substrate/GLints/dict_16_192_64_0p5_0p02_0023_0003" 5381
"/Engine/EngineMaterials/Substrate/GLints/dict_16_192_64_0p5_0p02_0023_0002" 5382
"/Engine/EngineMaterials/Substrate/GLints/dict_16_192_64_0p5_0p02_0023_0001" 5383
"/Engine/EngineMaterials/Substrate/GLints/dict_16_192_64_0p5_0p02_0023_0000" 5384
"/Engine/EngineMaterials/Substrate/GLints/dict_16_192_64_0p5_0p02_0022_0015" 5385
"/Engine/EngineMaterials/Substrate/GLints/dict_16_192_64_0p5_0p02_0022_0014" 5386
"/Engine/EngineMaterials/Substrate/GLints/dict_16_192_64_0p5_0p02_0022_0013" 5387
"/Engine/EngineMaterials/Substrate/GLints/dict_16_192_64_0p5_0p02_0022_0012" 5388
"/Engine/EngineMaterials/Substrate/GLints/dict_16_192_64_0p5_0p02_0022_0011" 5389
"/Engine/EngineMaterials/Substrate/GLints/dict_16_192_64_0p5_0p02_0022_0010" 5390
"/Engine/EngineMaterials/Substrate/GLints/dict_16_192_64_0p5_0p02_0024_0009" 5391
"../../../Engine/Content/EngineMaterials/Substrate/GLints/dict_16_192_64_0p5_0p02_0024_0012.uasset" 5392
"../../../Engine/Content/EngineMaterials/Substrate/GLints/dict_16_192_64_0p5_0p02_0025_0000.uasset" 5393
"../../../Engine/Content/EngineMaterials/Substrate/GLints/dict_16_192_64_0p5_0p02_0024_0010.uasset" 5394
"../../../Engine/Content/EngineMaterials/Substrate/GLints/dict_16_192_64_0p5_0p02_0024_0011.uasset" 5395
"../../../Engine/Content/EngineMaterials/Substrate/GLints/dict_16_192_64_0p5_0p02_0024_0015.uasset" 5396
"../../../Engine/Content/EngineMaterials/Substrate/GLints/dict_16_192_64_0p5_0p02_0024_0013.uasset" 5397
"../../../Engine/Content/EngineMaterials/Substrate/GLints/dict_16_192_64_0p5_0p02_0025_0003.uasset" 5398
"../../../Engine/Content/EngineMaterials/Substrate/GLints/dict_16_192_64_0p5_0p02_0024_0014.uasset" 5399
"/Engine/EngineMaterials/Substrate/GLints/dict_16_192_64_0p5_0p02_0024_0008" 5400
"../../../Engine/Content/EngineMaterials/Substrate/GLints/dict_16_192_64_0p5_0p02_0025_0004.uasset" 5401
"../../../Engine/Content/EngineMaterials/Substrate/GLints/dict_16_192_64_0p5_0p02_0025_0002.uasset" 5402
"../../../Engine/Content/EngineMaterials/Substrate/GLints/dict_16_192_64_0p5_0p02_0025_0006.uasset" 5403
"../../../Engine/Content/EngineMaterials/Substrate/GLints/dict_16_192_64_0p5_0p02_0025_0005.uasset" 5404
"../../../Engine/Content/EngineMaterials/Substrate/GLints/dict_16_192_64_0p5_0p02_0025_0010.uasset" 5405
"../../../Engine/Content/EngineMaterials/Substrate/GLints/dict_16_192_64_0p5_0p02_0025_0007.uasset" 5406
"../../../Engine/Content/EngineMaterials/Substrate/GLints/dict_16_192_64_0p5_0p02_0025_0008.uasset" 5407
"../../../Engine/Content/EngineMaterials/Substrate/GLints/dict_16_192_64_0p5_0p02_0025_0011.uasset" 5408
"../../../Engine/Content/EngineMaterials/Substrate/GLints/dict_16_192_64_0p5_0p02_0025_0012.uasset" 5409
"../../../Engine/Content/EngineMaterials/Substrate/GLints/dict_16_192_64_0p5_0p02_0025_0009.uasset" 5410
"../../../Engine/Content/EngineMaterials/Substrate/GLints/dict_16_192_64_0p5_0p02_0025_0013.uasset" 5411
"../../../Engine/Content/EngineMaterials/Substrate/GLints/dict_16_192_64_0p5_0p02_0025_0015.uasset" 5412
"../../../Engine/Content/EngineMaterials/Substrate/GLints/dict_16_192_64_0p5_0p02_0025_0001.uasset" 5413
"../../../Engine/Content/EngineMaterials/Substrate/GLints/dict_16_192_64_0p5_0p02_0025_0014.uasset" 5414
"/Engine/EngineMaterials/Substrate/GLints/dict_16_192_64_0p5_0p02_0024_0007" 5415
"/Engine/EngineMaterials/Substrate/GLints/dict_16_192_64_0p5_0p02_0024_0006" 5416
"/Engine/EngineMaterials/Substrate/GLints/dict_16_192_64_0p5_0p02_0024_0005" 5417
"/Engine/EngineMaterials/Substrate/GLints/dict_16_192_64_0p5_0p02_0024_0004" 5418
"/Engine/EngineMaterials/Substrate/GLints/dict_16_192_64_0p5_0p02_0024_0003" 5419
"/Engine/EngineMaterials/Substrate/GLints/dict_16_192_64_0p5_0p02_0024_0002" 5420
"/Engine/EngineMaterials/Substrate/GLints/dict_16_192_64_0p5_0p02_0024_0001" 5421
"/Engine/EngineMaterials/Substrate/GLints/dict_16_192_64_0p5_0p02_0024_0000" 5422
"/Engine/EngineMaterials/Substrate/GLints/dict_16_192_64_0p5_0p02_0025_0015" 5423
"../../../Engine/Content/EngineMaterials/Substrate/GLints/dict_16_192_64_0p5_0p02_0026_0002.uasset" 5424
"../../../Engine/Content/EngineMaterials/Substrate/GLints/dict_16_192_64_0p5_0p02_0026_0000.uasset" 5425
"../../../Engine/Content/EngineMaterials/Substrate/GLints/dict_16_192_64_0p5_0p02_0026_0001.uasset" 5426
"../../../Engine/Content/EngineMaterials/Substrate/GLints/dict_16_192_64_0p5_0p02_0026_0005.uasset" 5427
"../../../Engine/Content/EngineMaterials/Substrate/GLints/dict_16_192_64_0p5_0p02_0026_0004.uasset" 5428
"../../../Engine/Content/EngineMaterials/Substrate/GLints/dict_16_192_64_0p5_0p02_0026_0006.uasset" 5429
"../../../Engine/Content/EngineMaterials/Substrate/GLints/dict_16_192_64_0p5_0p02_0026_0007.uasset" 5430
"../../../Engine/Content/EngineMaterials/Substrate/GLints/dict_16_192_64_0p5_0p02_0026_0008.uasset" 5431
"../../../Engine/Content/EngineMaterials/Substrate/GLints/dict_16_192_64_0p5_0p02_0026_0003.uasset" 5432
"../../../Engine/Content/EngineMaterials/Substrate/GLints/dict_16_192_64_0p5_0p02_0026_0009.uasset" 5433
"/Engine/EngineMaterials/Substrate/GLints/dict_16_192_64_0p5_0p02_0025_0014" 5434
"/Engine/EngineMaterials/Substrate/GLints/dict_16_192_64_0p5_0p02_0025_0013" 5435
"/Engine/EngineMaterials/Substrate/GLints/dict_16_192_64_0p5_0p02_0025_0012" 5436
"/Engine/EngineMaterials/Substrate/GLints/dict_16_192_64_0p5_0p02_0025_0011" 5437
"/Engine/EngineMaterials/Substrate/GLints/dict_16_192_64_0p5_0p02_0025_0010" 5438
"/Engine/EngineMaterials/Substrate/GLints/dict_16_192_64_0p5_0p02_0025_0009" 5439
"/Engine/EngineMaterials/Substrate/GLints/dict_16_192_64_0p5_0p02_0025_0008" 5440
"/Engine/EngineMaterials/Substrate/GLints/dict_16_192_64_0p5_0p02_0025_0007" 5441
"/Engine/EngineMaterials/Substrate/GLints/dict_16_192_64_0p5_0p02_0025_0006" 5442
"/Engine/EngineMaterials/Substrate/GLints/dict_16_192_64_0p5_0p02_0025_0005" 5443
"/Engine/EngineMaterials/Substrate/GLints/dict_16_192_64_0p5_0p02_0025_0004" 5444
"/Engine/EngineMaterials/Substrate/GLints/dict_16_192_64_0p5_0p02_0025_0003" 5445
"/Engine/EngineMaterials/Substrate/GLints/dict_16_192_64_0p5_0p02_0025_0002" 5446
"/Engine/EngineMaterials/Substrate/GLints/dict_16_192_64_0p5_0p02_0025_0001" 5447
"/Engine/EngineMaterials/Substrate/GLints/dict_16_192_64_0p5_0p02_0025_0000" 5448
"/Engine/EngineMaterials/Substrate/GLints/dict_16_192_64_0p5_0p02_0024_0015" 5449
"/Engine/EngineMaterials/Substrate/GLints/dict_16_192_64_0p5_0p02_0024_0014" 5450
"/Engine/EngineMaterials/Substrate/GLints/dict_16_192_64_0p5_0p02_0024_0013" 5451
"/Engine/EngineMaterials/Substrate/GLints/dict_16_192_64_0p5_0p02_0024_0012" 5452
"/Engine/EngineMaterials/Substrate/GLints/dict_16_192_64_0p5_0p02_0024_0011" 5453
"/Engine/EngineMaterials/Substrate/GLints/dict_16_192_64_0p5_0p02_0024_0010" 5454
"/Engine/EngineMaterials/Substrate/GLints/dict_16_192_64_0p5_0p02_0026_0009" 5455
"../../../Engine/Content/EngineMaterials/Substrate/GLints/dict_16_192_64_0p5_0p02_0026_0012.uasset" 5456
"../../../Engine/Content/EngineMaterials/Substrate/GLints/dict_16_192_64_0p5_0p02_0026_0010.uasset" 5457
"../../../Engine/Content/EngineMaterials/Substrate/GLints/dict_16_192_64_0p5_0p02_0027_0000.uasset" 5458
"../../../Engine/Content/EngineMaterials/Substrate/GLints/dict_16_192_64_0p5_0p02_0027_0003.uasset" 5459
"../../../Engine/Content/EngineMaterials/Substrate/GLints/dict_16_192_64_0p5_0p02_0026_0013.uasset" 5460
"../../../Engine/Content/EngineMaterials/Substrate/GLints/dict_16_192_64_0p5_0p02_0026_0011.uasset" 5461
"../../../Engine/Content/EngineMaterials/Substrate/GLints/dict_16_192_64_0p5_0p02_0026_0014.uasset" 5462
"../../../Engine/Content/EngineMaterials/Substrate/GLints/dict_16_192_64_0p5_0p02_0027_0001.uasset" 5463
"../../../Engine/Content/EngineMaterials/Substrate/GLints/dict_16_192_64_0p5_0p02_0027_0002.uasset" 5464
"../../../Engine/Content/EngineMaterials/Substrate/GLints/dict_16_192_64_0p5_0p02_0026_0015.uasset" 5465
"/Engine/EngineMaterials/Substrate/GLints/dict_16_192_64_0p5_0p02_0026_0008" 5466
"../../../Engine/Content/EngineMaterials/Substrate/GLints/dict_16_192_64_0p5_0p02_0027_0005.uasset" 5467
"../../../Engine/Content/EngineMaterials/Substrate/GLints/dict_16_192_64_0p5_0p02_0027_0004.uasset" 5468
"../../../Engine/Content/EngineMaterials/Substrate/GLints/dict_16_192_64_0p5_0p02_0027_0006.uasset" 5469
"../../../Engine/Content/EngineMaterials/Substrate/GLints/dict_16_192_64_0p5_0p02_0027_0007.uasset" 5470
"../../../Engine/Content/EngineMaterials/Substrate/GLints/dict_16_192_64_0p5_0p02_0027_0008.uasset" 5471
"../../../Engine/Content/EngineMaterials/Substrate/GLints/dict_16_192_64_0p5_0p02_0027_0010.uasset" 5472
"../../../Engine/Content/EngineMaterials/Substrate/GLints/dict_16_192_64_0p5_0p02_0027_0011.uasset" 5473
"../../../Engine/Content/EngineMaterials/Substrate/GLints/dict_16_192_64_0p5_0p02_0027_0009.uasset" 5474
"../../../Engine/Content/EngineMaterials/Substrate/GLints/dict_16_192_64_0p5_0p02_0027_0012.uasset" 5475
"../../../Engine/Content/EngineMaterials/Substrate/GLints/dict_16_192_64_0p5_0p02_0027_0013.uasset" 5476
"/Engine/EngineMaterials/Substrate/GLints/dict_16_192_64_0p5_0p02_0026_0007" 5477
"../../../Engine/Content/EngineMaterials/Substrate/GLints/dict_16_192_64_0p5_0p02_0027_0015.uasset" 5478
"../../../Engine/Content/EngineMaterials/Substrate/GLints/dict_16_192_64_0p5_0p02_0027_0014.uasset" 5479
"/Engine/EngineMaterials/Substrate/GLints/dict_16_192_64_0p5_0p02_0026_0006" 5480
"/Engine/EngineMaterials/Substrate/GLints/dict_16_192_64_0p5_0p02_0026_0005" 5481
"/Engine/EngineMaterials/Substrate/GLints/dict_16_192_64_0p5_0p02_0026_0004" 5482
"/Engine/EngineMaterials/Substrate/GLints/dict_16_192_64_0p5_0p02_0026_0003" 5483
"/Engine/EngineMaterials/Substrate/GLints/dict_16_192_64_0p5_0p02_0026_0002" 5484
"/Engine/EngineMaterials/Substrate/GLints/dict_16_192_64_0p5_0p02_0026_0001" 5485
"/Engine/EngineMaterials/Substrate/GLints/dict_16_192_64_0p5_0p02_0026_0000" 5486
"../../../Engine/Content/EngineMaterials/Substrate/GLints/dict_16_192_64_0p5_0p02_0028_0000.uasset" 5487
"/Engine/EngineMaterials/Substrate/GLints/dict_16_192_64_0p5_0p02_0027_0015" 5488
"../../../Engine/Content/EngineMaterials/Substrate/GLints/dict_16_192_64_0p5_0p02_0028_0003.uasset" 5489
"../../../Engine/Content/EngineMaterials/Substrate/GLints/dict_16_192_64_0p5_0p02_0028_0002.uasset" 5490
"../../../Engine/Content/EngineMaterials/Substrate/GLints/dict_16_192_64_0p5_0p02_0028_0007.uasset" 5491
"../../../Engine/Content/EngineMaterials/Substrate/GLints/dict_16_192_64_0p5_0p02_0028_0004.uasset" 5492
"../../../Engine/Content/EngineMaterials/Substrate/GLints/dict_16_192_64_0p5_0p02_0028_0008.uasset" 5493
"../../../Engine/Content/EngineMaterials/Substrate/GLints/dict_16_192_64_0p5_0p02_0028_0001.uasset" 5494
"../../../Engine/Content/EngineMaterials/Substrate/GLints/dict_16_192_64_0p5_0p02_0028_0006.uasset" 5495
"../../../Engine/Content/EngineMaterials/Substrate/GLints/dict_16_192_64_0p5_0p02_0028_0005.uasset" 5496
"../../../Engine/Content/EngineMaterials/Substrate/GLints/dict_16_192_64_0p5_0p02_0028_0009.uasset" 5497
"/Engine/EngineMaterials/Substrate/GLints/dict_16_192_64_0p5_0p02_0027_0014" 5498
"/Engine/EngineMaterials/Substrate/GLints/dict_16_192_64_0p5_0p02_0027_0013" 5499
"/Engine/EngineMaterials/Substrate/GLints/dict_16_192_64_0p5_0p02_0027_0012" 5500
"/Engine/EngineMaterials/Substrate/GLints/dict_16_192_64_0p5_0p02_0027_0011" 5501
"/Engine/EngineMaterials/Substrate/GLints/dict_16_192_64_0p5_0p02_0027_0010" 5502
"/Engine/EngineMaterials/Substrate/GLints/dict_16_192_64_0p5_0p02_0027_0009" 5503
"/Engine/EngineMaterials/Substrate/GLints/dict_16_192_64_0p5_0p02_0027_0008" 5504
"/Engine/EngineMaterials/Substrate/GLints/dict_16_192_64_0p5_0p02_0027_0007" 5505
"/Engine/EngineMaterials/Substrate/GLints/dict_16_192_64_0p5_0p02_0027_0006" 5506
"/Engine/EngineMaterials/Substrate/GLints/dict_16_192_64_0p5_0p02_0027_0005" 5507
"/Engine/EngineMaterials/Substrate/GLints/dict_16_192_64_0p5_0p02_0027_0004" 5508
"/Engine/EngineMaterials/Substrate/GLints/dict_16_192_64_0p5_0p02_0027_0003" 5509
"/Engine/EngineMaterials/Substrate/GLints/dict_16_192_64_0p5_0p02_0027_0002" 5510
"/Engine/EngineMaterials/Substrate/GLints/dict_16_192_64_0p5_0p02_0027_0001" 5511
"/Engine/EngineMaterials/Substrate/GLints/dict_16_192_64_0p5_0p02_0027_0000" 5512
"/Engine/EngineMaterials/Substrate/GLints/dict_16_192_64_0p5_0p02_0026_0015" 5513
"/Engine/EngineMaterials/Substrate/GLints/dict_16_192_64_0p5_0p02_0026_0014" 5514
"/Engine/EngineMaterials/Substrate/GLints/dict_16_192_64_0p5_0p02_0026_0013" 5515
"/Engine/EngineMaterials/Substrate/GLints/dict_16_192_64_0p5_0p02_0026_0012" 5516
"/Engine/EngineMaterials/Substrate/GLints/dict_16_192_64_0p5_0p02_0026_0011" 5517
"/Engine/EngineMaterials/Substrate/GLints/dict_16_192_64_0p5_0p02_0026_0010" 5518
"/Engine/EngineMaterials/Substrate/GLints/dict_16_192_64_0p5_0p02_0028_0009" 5519
"../../../Engine/Content/EngineMaterials/Substrate/GLints/dict_16_192_64_0p5_0p02_0028_0013.uasset" 5520
"../../../Engine/Content/EngineMaterials/Substrate/GLints/dict_16_192_64_0p5_0p02_0028_0010.uasset" 5521
"../../../Engine/Content/EngineMaterials/Substrate/GLints/dict_16_192_64_0p5_0p02_0029_0002.uasset" 5522
"../../../Engine/Content/EngineMaterials/Substrate/GLints/dict_16_192_64_0p5_0p02_0028_0012.uasset" 5523
"../../../Engine/Content/EngineMaterials/Substrate/GLints/dict_16_192_64_0p5_0p02_0028_0014.uasset" 5524
"../../../Engine/Content/EngineMaterials/Substrate/GLints/dict_16_192_64_0p5_0p02_0028_0015.uasset" 5525
"../../../Engine/Content/EngineMaterials/Substrate/GLints/dict_16_192_64_0p5_0p02_0029_0001.uasset" 5526
"../../../Engine/Content/EngineMaterials/Substrate/GLints/dict_16_192_64_0p5_0p02_0028_0011.uasset" 5527
"../../../Engine/Content/EngineMaterials/Substrate/GLints/dict_16_192_64_0p5_0p02_0029_0000.uasset" 5528
"../../../Engine/Content/EngineMaterials/Substrate/GLints/dict_16_192_64_0p5_0p02_0029_0003.uasset" 5529
"../../../Engine/Content/EngineMaterials/Substrate/GLints/dict_16_192_64_0p5_0p02_0029_0004.uasset" 5530
"../../../Engine/Content/EngineMaterials/Substrate/GLints/dict_16_192_64_0p5_0p02_0029_0006.uasset" 5531
"../../../Engine/Content/EngineMaterials/Substrate/GLints/dict_16_192_64_0p5_0p02_0029_0005.uasset" 5532
"../../../Engine/Content/EngineMaterials/Substrate/GLints/dict_16_192_64_0p5_0p02_0029_0007.uasset" 5533
"../../../Engine/Content/EngineMaterials/Substrate/GLints/dict_16_192_64_0p5_0p02_0029_0009.uasset" 5534
"../../../Engine/Content/EngineMaterials/Substrate/GLints/dict_16_192_64_0p5_0p02_0029_0012.uasset" 5535
"../../../Engine/Content/EngineMaterials/Substrate/GLints/dict_16_192_64_0p5_0p02_0029_0011.uasset" 5536
"/Engine/EngineMaterials/Substrate/GLints/dict_16_192_64_0p5_0p02_0028_0008" 5537
"../../../Engine/Content/EngineMaterials/Substrate/GLints/dict_16_192_64_0p5_0p02_0029_0008.uasset" 5538
"../../../Engine/Content/EngineMaterials/Substrate/GLints/dict_16_192_64_0p5_0p02_0029_0010.uasset" 5539
"../../../Engine/Content/EngineMaterials/Substrate/GLints/dict_16_192_64_0p5_0p02_0029_0013.uasset" 5540
"../../../Engine/Content/EngineMaterials/Substrate/GLints/dict_16_192_64_0p5_0p02_0029_0014.uasset" 5541
"../../../Engine/Content/EngineMaterials/Substrate/GLints/dict_16_192_64_0p5_0p02_0029_0015.uasset" 5542
"/Engine/EngineMaterials/Substrate/GLints/dict_16_192_64_0p5_0p02_0028_0007" 5543
"/Engine/EngineMaterials/Substrate/GLints/dict_16_192_64_0p5_0p02_0028_0006" 5544
"/Engine/EngineMaterials/Substrate/GLints/dict_16_192_64_0p5_0p02_0028_0005" 5545
"/Engine/EngineMaterials/Substrate/GLints/dict_16_192_64_0p5_0p02_0028_0004" 5546
"/Engine/EngineMaterials/Substrate/GLints/dict_16_192_64_0p5_0p02_0028_0003" 5547
"/Engine/EngineMaterials/Substrate/GLints/dict_16_192_64_0p5_0p02_0028_0002" 5548
"/Engine/EngineMaterials/Substrate/GLints/dict_16_192_64_0p5_0p02_0028_0001" 5549
"/Engine/EngineMaterials/Substrate/GLints/dict_16_192_64_0p5_0p02_0028_0000" 5550
"/Engine/EngineMaterials/Substrate/GLints/dict_16_192_64_0p5_0p02_0029_0015" 5551
"../../../Engine/Content/EngineMaterials/Substrate/GLints/dict_16_192_64_0p5_0p02_0030_0004.uasset" 5552
"../../../Engine/Content/EngineMaterials/Substrate/GLints/dict_16_192_64_0p5_0p02_0030_0005.uasset" 5553
"../../../Engine/Content/EngineMaterials/Substrate/GLints/dict_16_192_64_0p5_0p02_0030_0000.uasset" 5554
"../../../Engine/Content/EngineMaterials/Substrate/GLints/dict_16_192_64_0p5_0p02_0030_0006.uasset" 5555
"../../../Engine/Content/EngineMaterials/Substrate/GLints/dict_16_192_64_0p5_0p02_0030_0003.uasset" 5556
"../../../Engine/Content/EngineMaterials/Substrate/GLints/dict_16_192_64_0p5_0p02_0030_0009.uasset" 5557
"../../../Engine/Content/EngineMaterials/Substrate/GLints/dict_16_192_64_0p5_0p02_0030_0001.uasset" 5558
"../../../Engine/Content/EngineMaterials/Substrate/GLints/dict_16_192_64_0p5_0p02_0030_0002.uasset" 5559
"../../../Engine/Content/EngineMaterials/Substrate/GLints/dict_16_192_64_0p5_0p02_0030_0008.uasset" 5560
"../../../Engine/Content/EngineMaterials/Substrate/GLints/dict_16_192_64_0p5_0p02_0030_0007.uasset" 5561
"/Engine/EngineMaterials/Substrate/GLints/dict_16_192_64_0p5_0p02_0029_0014" 5562
"/Engine/EngineMaterials/Substrate/GLints/dict_16_192_64_0p5_0p02_0029_0013" 5563
"/Engine/EngineMaterials/Substrate/GLints/dict_16_192_64_0p5_0p02_0029_0012" 5564
"/Engine/EngineMaterials/Substrate/GLints/dict_16_192_64_0p5_0p02_0029_0011" 5565
"/Engine/EngineMaterials/Substrate/GLints/dict_16_192_64_0p5_0p02_0029_0010" 5566
"/Engine/EngineMaterials/Substrate/GLints/dict_16_192_64_0p5_0p02_0029_0009" 5567
"/Engine/EngineMaterials/Substrate/GLints/dict_16_192_64_0p5_0p02_0029_0008" 5568
"/Engine/EngineMaterials/Substrate/GLints/dict_16_192_64_0p5_0p02_0029_0007" 5569
"/Engine/EngineMaterials/Substrate/GLints/dict_16_192_64_0p5_0p02_0029_0006" 5570
"/Engine/EngineMaterials/Substrate/GLints/dict_16_192_64_0p5_0p02_0029_0005" 5571
"/Engine/EngineMaterials/Substrate/GLints/dict_16_192_64_0p5_0p02_0029_0004" 5572
"/Engine/EngineMaterials/Substrate/GLints/dict_16_192_64_0p5_0p02_0029_0003" 5573
"/Engine/EngineMaterials/Substrate/GLints/dict_16_192_64_0p5_0p02_0029_0002" 5574
"/Engine/EngineMaterials/Substrate/GLints/dict_16_192_64_0p5_0p02_0029_0001" 5575
"/Engine/EngineMaterials/Substrate/GLints/dict_16_192_64_0p5_0p02_0029_0000" 5576
"/Engine/EngineMaterials/Substrate/GLints/dict_16_192_64_0p5_0p02_0028_0015" 5577
"/Engine/EngineMaterials/Substrate/GLints/dict_16_192_64_0p5_0p02_0028_0014" 5578
"/Engine/EngineMaterials/Substrate/GLints/dict_16_192_64_0p5_0p02_0028_0013" 5579
"/Engine/EngineMaterials/Substrate/GLints/dict_16_192_64_0p5_0p02_0028_0012" 5580
"/Engine/EngineMaterials/Substrate/GLints/dict_16_192_64_0p5_0p02_0028_0011" 5581
"/Engine/EngineMaterials/Substrate/GLints/dict_16_192_64_0p5_0p02_0028_0010" 5582
"/Engine/EngineMaterials/Substrate/GLints/dict_16_192_64_0p5_0p02_0030_0009" 5583
"../../../Engine/Content/EngineMaterials/Substrate/GLints/dict_16_192_64_0p5_0p02_0030_0010.uasset" 5584
"../../../Engine/Content/EngineMaterials/Substrate/GLints/dict_16_192_64_0p5_0p02_0030_0011.uasset" 5585
"../../../Engine/Content/EngineMaterials/Substrate/GLints/dict_16_192_64_0p5_0p02_0030_0014.uasset" 5586
"../../../Engine/Content/EngineMaterials/Substrate/GLints/dict_16_192_64_0p5_0p02_0030_0015.uasset" 5587
"../../../Engine/Content/EngineMaterials/Substrate/GLints/dict_16_192_64_0p5_0p02_0031_0002.uasset" 5588
"../../../Engine/Content/EngineMaterials/Substrate/GLints/dict_16_192_64_0p5_0p02_0031_0003.uasset" 5589
"../../../Engine/Content/EngineMaterials/Substrate/GLints/dict_16_192_64_0p5_0p02_0031_0000.uasset" 5590
"../../../Engine/Content/EngineMaterials/Substrate/GLints/dict_16_192_64_0p5_0p02_0030_0012.uasset" 5591
"../../../Engine/Content/EngineMaterials/Substrate/GLints/dict_16_192_64_0p5_0p02_0030_0013.uasset" 5592
"../../../Engine/Content/EngineMaterials/Substrate/GLints/dict_16_192_64_0p5_0p02_0031_0001.uasset" 5593
"/Engine/EngineMaterials/Substrate/GLints/dict_16_192_64_0p5_0p02_0030_0008" 5594
"../../../Engine/Content/EngineMaterials/Substrate/GLints/dict_16_192_64_0p5_0p02_0031_0005.uasset" 5595
"../../../Engine/Content/EngineMaterials/Substrate/GLints/dict_16_192_64_0p5_0p02_0031_0004.uasset" 5596
"../../../Engine/Content/EngineMaterials/Substrate/GLints/dict_16_192_64_0p5_0p02_0031_0007.uasset" 5597
"../../../Engine/Content/EngineMaterials/Substrate/GLints/dict_16_192_64_0p5_0p02_0031_0006.uasset" 5598
"../../../Engine/Content/EngineMaterials/Substrate/GLints/dict_16_192_64_0p5_0p02_0031_0010.uasset" 5599
"../../../Engine/Content/EngineMaterials/Substrate/GLints/dict_16_192_64_0p5_0p02_0031_0009.uasset" 5600
"../../../Engine/Content/EngineMaterials/Substrate/GLints/dict_16_192_64_0p5_0p02_0031_0008.uasset" 5601
"../../../Engine/Content/EngineMaterials/Substrate/GLints/dict_16_192_64_0p5_0p02_0031_0012.uasset" 5602
"../../../Engine/Content/EngineMaterials/Substrate/GLints/dict_16_192_64_0p5_0p02_0031_0013.uasset" 5603
"../../../Engine/Content/EngineMaterials/Substrate/GLints/dict_16_192_64_0p5_0p02_0031_0014.uasset" 5604
"/Engine/EngineMaterials/Substrate/GLints/dict_16_192_64_0p5_0p02_0030_0007" 5605
"../../../Engine/Content/EngineMaterials/Substrate/GLints/dict_16_192_64_0p5_0p02_0031_0015.uasset" 5606
"../../../Engine/Content/EngineMaterials/Substrate/GLints/dict_16_192_64_0p5_0p02_0031_0011.uasset" 5607
"/Engine/EngineMaterials/Substrate/GLints/dict_16_192_64_0p5_0p02_0030_0006" 5608
"/Engine/EngineMaterials/Substrate/GLints/dict_16_192_64_0p5_0p02_0030_0005" 5609
"/Engine/EngineMaterials/Substrate/GLints/dict_16_192_64_0p5_0p02_0030_0004" 5610
"/Engine/EngineMaterials/Substrate/GLints/dict_16_192_64_0p5_0p02_0030_0003" 5611
"/Engine/EngineMaterials/Substrate/GLints/dict_16_192_64_0p5_0p02_0030_0002" 5612
"/Engine/EngineMaterials/Substrate/GLints/dict_16_192_64_0p5_0p02_0030_0001" 5613
"/Engine/EngineMaterials/Substrate/GLints/dict_16_192_64_0p5_0p02_0030_0000" 5614
"/Engine/EngineMaterials/Substrate/GLints/dict_16_192_64_0p5_0p02_0031_0015" 5615
"../../../Engine/Content/EngineMaterials/Substrate/GLints/dict_16_192_64_0p5_0p02_0032_0001.uasset" 5616
"../../../Engine/Content/EngineMaterials/Substrate/GLints/dict_16_192_64_0p5_0p02_0032_0003.uasset" 5617
"../../../Engine/Content/EngineMaterials/Substrate/GLints/dict_16_192_64_0p5_0p02_0032_0006.uasset" 5618
"../../../Engine/Content/EngineMaterials/Substrate/GLints/dict_16_192_64_0p5_0p02_0032_0005.uasset" 5619
"../../../Engine/Content/EngineMaterials/Substrate/GLints/dict_16_192_64_0p5_0p02_0032_0007.uasset" 5620
"../../../Engine/Content/EngineMaterials/Substrate/GLints/dict_16_192_64_0p5_0p02_0032_0000.uasset" 5621
"../../../Engine/Content/EngineMaterials/Substrate/GLints/dict_16_192_64_0p5_0p02_0032_0008.uasset" 5622
"../../../Engine/Content/EngineMaterials/Substrate/GLints/dict_16_192_64_0p5_0p02_0032_0004.uasset" 5623
"../../../Engine/Content/EngineMaterials/Substrate/GLints/dict_16_192_64_0p5_0p02_0032_0009.uasset" 5624
"../../../Engine/Content/EngineMaterials/Substrate/GLints/dict_16_192_64_0p5_0p02_0032_0002.uasset" 5625
"/Engine/EngineMaterials/Substrate/GLints/dict_16_192_64_0p5_0p02_0031_0014" 5626
"/Engine/EngineMaterials/Substrate/GLints/dict_16_192_64_0p5_0p02_0031_0013" 5627
"/Engine/EngineMaterials/Substrate/GLints/dict_16_192_64_0p5_0p02_0031_0012" 5628
"/Engine/EngineMaterials/Substrate/GLints/dict_16_192_64_0p5_0p02_0031_0011" 5629
"/Engine/EngineMaterials/Substrate/GLints/dict_16_192_64_0p5_0p02_0031_0010" 5630
"/Engine/EngineMaterials/Substrate/GLints/dict_16_192_64_0p5_0p02_0031_0009" 5631
"/Engine/EngineMaterials/Substrate/GLints/dict_16_192_64_0p5_0p02_0031_0008" 5632
"/Engine/EngineMaterials/Substrate/GLints/dict_16_192_64_0p5_0p02_0031_0007" 5633
"/Engine/EngineMaterials/Substrate/GLints/dict_16_192_64_0p5_0p02_0031_0006" 5634
"/Engine/EngineMaterials/Substrate/GLints/dict_16_192_64_0p5_0p02_0031_0005" 5635
"/Engine/EngineMaterials/Substrate/GLints/dict_16_192_64_0p5_0p02_0031_0004" 5636
"/Engine/EngineMaterials/Substrate/GLints/dict_16_192_64_0p5_0p02_0031_0003" 5637
"/Engine/EngineMaterials/Substrate/GLints/dict_16_192_64_0p5_0p02_0031_0002" 5638
"/Engine/EngineMaterials/Substrate/GLints/dict_16_192_64_0p5_0p02_0031_0001" 5639
"/Engine/EngineMaterials/Substrate/GLints/dict_16_192_64_0p5_0p02_0031_0000" 5640
"/Engine/EngineMaterials/Substrate/GLints/dict_16_192_64_0p5_0p02_0030_0015" 5641
"/Engine/EngineMaterials/Substrate/GLints/dict_16_192_64_0p5_0p02_0030_0014" 5642
"/Engine/EngineMaterials/Substrate/GLints/dict_16_192_64_0p5_0p02_0030_0013" 5643
"/Engine/EngineMaterials/Substrate/GLints/dict_16_192_64_0p5_0p02_0030_0012" 5644
"/Engine/EngineMaterials/Substrate/GLints/dict_16_192_64_0p5_0p02_0030_0011" 5645
"/Engine/EngineMaterials/Substrate/GLints/dict_16_192_64_0p5_0p02_0030_0010" 5646
"/Engine/EngineMaterials/Substrate/GLints/dict_16_192_64_0p5_0p02_0032_0009" 5647
"../../../Engine/Content/EngineMaterials/Substrate/GLints/dict_16_192_64_0p5_0p02_0032_0011.uasset" 5648
"../../../Engine/Content/EngineMaterials/Substrate/GLints/dict_16_192_64_0p5_0p02_0032_0014.uasset" 5649
"../../../Engine/Content/EngineMaterials/Substrate/GLints/dict_16_192_64_0p5_0p02_0032_0015.uasset" 5650
"../../../Engine/Content/EngineMaterials/Substrate/GLints/dict_16_192_64_0p5_0p02_0032_0012.uasset" 5651
"../../../Engine/Content/EngineMaterials/Substrate/GLints/dict_16_192_64_0p5_0p02_0033_0002.uasset" 5652
"../../../Engine/Content/EngineMaterials/Substrate/GLints/dict_16_192_64_0p5_0p02_0033_0003.uasset" 5653
"../../../Engine/Content/EngineMaterials/Substrate/GLints/dict_16_192_64_0p5_0p02_0032_0013.uasset" 5654
"../../../Engine/Content/EngineMaterials/Substrate/GLints/dict_16_192_64_0p5_0p02_0032_0010.uasset" 5655
"../../../Engine/Content/EngineMaterials/Substrate/GLints/dict_16_192_64_0p5_0p02_0033_0001.uasset" 5656
"../../../Engine/Content/EngineMaterials/Substrate/GLints/dict_16_192_64_0p5_0p02_0033_0000.uasset" 5657
"/Engine/EngineMaterials/Substrate/GLints/dict_16_192_64_0p5_0p02_0032_0008" 5658
"../../../Engine/Content/EngineMaterials/Substrate/GLints/dict_16_192_64_0p5_0p02_0033_0006.uasset" 5659
"../../../Engine/Content/EngineMaterials/Substrate/GLints/dict_16_192_64_0p5_0p02_0033_0005.uasset" 5660
"../../../Engine/Content/EngineMaterials/Substrate/GLints/dict_16_192_64_0p5_0p02_0033_0007.uasset" 5661
"../../../Engine/Content/EngineMaterials/Substrate/GLints/dict_16_192_64_0p5_0p02_0033_0004.uasset" 5662
"../../../Engine/Content/EngineMaterials/Substrate/GLints/dict_16_192_64_0p5_0p02_0033_0008.uasset" 5663
"../../../Engine/Content/EngineMaterials/Substrate/GLints/dict_16_192_64_0p5_0p02_0033_0010.uasset" 5664
"../../../Engine/Content/EngineMaterials/Substrate/GLints/dict_16_192_64_0p5_0p02_0033_0009.uasset" 5665
"../../../Engine/Content/EngineMaterials/Substrate/GLints/dict_16_192_64_0p5_0p02_0033_0012.uasset" 5666
"../../../Engine/Content/EngineMaterials/Substrate/GLints/dict_16_192_64_0p5_0p02_0033_0013.uasset" 5667
"../../../Engine/Content/EngineMaterials/Substrate/GLints/dict_16_192_64_0p5_0p02_0033_0014.uasset" 5668
"../../../Engine/Content/EngineMaterials/Substrate/GLints/dict_16_192_64_0p5_0p02_0033_0015.uasset" 5669
"../../../Engine/Content/EngineMaterials/Substrate/GLints/dict_16_192_64_0p5_0p02_0033_0011.uasset" 5670
"/Engine/EngineMaterials/Substrate/GLints/dict_16_192_64_0p5_0p02_0032_0007" 5671
"/Engine/EngineMaterials/Substrate/GLints/dict_16_192_64_0p5_0p02_0032_0006" 5672
"/Engine/EngineMaterials/Substrate/GLints/dict_16_192_64_0p5_0p02_0032_0005" 5673
"/Engine/EngineMaterials/Substrate/GLints/dict_16_192_64_0p5_0p02_0032_0004" 5674
"/Engine/EngineMaterials/Substrate/GLints/dict_16_192_64_0p5_0p02_0032_0003" 5675
"/Engine/EngineMaterials/Substrate/GLints/dict_16_192_64_0p5_0p02_0032_0002" 5676
"/Engine/EngineMaterials/Substrate/GLints/dict_16_192_64_0p5_0p02_0032_0001" 5677
"/Engine/EngineMaterials/Substrate/GLints/dict_16_192_64_0p5_0p02_0032_0000" 5678
"/Engine/EngineMaterials/Substrate/GLints/dict_16_192_64_0p5_0p02_0033_0015" 5679
"../../../Engine/Content/EngineMaterials/Substrate/GLints/dict_16_192_64_0p5_0p02_0034_0001.uasset" 5680
"../../../Engine/Content/EngineMaterials/Substrate/GLints/dict_16_192_64_0p5_0p02_0034_0000.uasset" 5681
"../../../Engine/Content/EngineMaterials/Substrate/GLints/dict_16_192_64_0p5_0p02_0034_0002.uasset" 5682
"../../../Engine/Content/EngineMaterials/Substrate/GLints/dict_16_192_64_0p5_0p02_0034_0009.uasset" 5683
"../../../Engine/Content/EngineMaterials/Substrate/GLints/dict_16_192_64_0p5_0p02_0034_0006.uasset" 5684
"../../../Engine/Content/EngineMaterials/Substrate/GLints/dict_16_192_64_0p5_0p02_0034_0003.uasset" 5685
"../../../Engine/Content/EngineMaterials/Substrate/GLints/dict_16_192_64_0p5_0p02_0034_0008.uasset" 5686
"../../../Engine/Content/EngineMaterials/Substrate/GLints/dict_16_192_64_0p5_0p02_0034_0004.uasset" 5687
"../../../Engine/Content/EngineMaterials/Substrate/GLints/dict_16_192_64_0p5_0p02_0034_0007.uasset" 5688
"../../../Engine/Content/EngineMaterials/Substrate/GLints/dict_16_192_64_0p5_0p02_0034_0005.uasset" 5689
"/Engine/EngineMaterials/Substrate/GLints/dict_16_192_64_0p5_0p02_0033_0014" 5690
"/Engine/EngineMaterials/Substrate/GLints/dict_16_192_64_0p5_0p02_0033_0013" 5691
"/Engine/EngineMaterials/Substrate/GLints/dict_16_192_64_0p5_0p02_0033_0012" 5692
"/Engine/EngineMaterials/Substrate/GLints/dict_16_192_64_0p5_0p02_0033_0011" 5693
"/Engine/EngineMaterials/Substrate/GLints/dict_16_192_64_0p5_0p02_0033_0010" 5694
"/Engine/EngineMaterials/Substrate/GLints/dict_16_192_64_0p5_0p02_0033_0009" 5695
"/Engine/EngineMaterials/Substrate/GLints/dict_16_192_64_0p5_0p02_0033_0008" 5696
"/Engine/EngineMaterials/Substrate/GLints/dict_16_192_64_0p5_0p02_0033_0007" 5697
"/Engine/EngineMaterials/Substrate/GLints/dict_16_192_64_0p5_0p02_0033_0006" 5698
"/Engine/EngineMaterials/Substrate/GLints/dict_16_192_64_0p5_0p02_0033_0005" 5699
"/Engine/EngineMaterials/Substrate/GLints/dict_16_192_64_0p5_0p02_0033_0004" 5700
"/Engine/EngineMaterials/Substrate/GLints/dict_16_192_64_0p5_0p02_0033_0003" 5701
"/Engine/EngineMaterials/Substrate/GLints/dict_16_192_64_0p5_0p02_0033_0002" 5702
"/Engine/EngineMaterials/Substrate/GLints/dict_16_192_64_0p5_0p02_0033_0001" 5703
"/Engine/EngineMaterials/Substrate/GLints/dict_16_192_64_0p5_0p02_0033_0000" 5704
"/Engine/EngineMaterials/Substrate/GLints/dict_16_192_64_0p5_0p02_0032_0015" 5705
"/Engine/EngineMaterials/Substrate/GLints/dict_16_192_64_0p5_0p02_0032_0014" 5706
"/Engine/EngineMaterials/Substrate/GLints/dict_16_192_64_0p5_0p02_0032_0013" 5707
"/Engine/EngineMaterials/Substrate/GLints/dict_16_192_64_0p5_0p02_0032_0012" 5708
"/Engine/EngineMaterials/Substrate/GLints/dict_16_192_64_0p5_0p02_0032_0011" 5709
"/Engine/EngineMaterials/Substrate/GLints/dict_16_192_64_0p5_0p02_0032_0010" 5710
"/Engine/EngineMaterials/Substrate/GLints/dict_16_192_64_0p5_0p02_0034_0009" 5711
"../../../Engine/Content/EngineMaterials/Substrate/GLints/dict_16_192_64_0p5_0p02_0034_0012.uasset" 5712
"../../../Engine/Content/EngineMaterials/Substrate/GLints/dict_16_192_64_0p5_0p02_0034_0011.uasset" 5713
"../../../Engine/Content/EngineMaterials/Substrate/GLints/dict_16_192_64_0p5_0p02_0034_0014.uasset" 5714
"../../../Engine/Content/EngineMaterials/Substrate/GLints/dict_16_192_64_0p5_0p02_0034_0013.uasset" 5715
"../../../Engine/Content/EngineMaterials/Substrate/GLints/dict_16_192_64_0p5_0p02_0034_0010.uasset" 5716
"../../../Engine/Content/EngineMaterials/Substrate/GLints/dict_16_192_64_0p5_0p02_0034_0015.uasset" 5717
"../../../Engine/Content/EngineMaterials/Substrate/GLints/dict_16_192_64_0p5_0p02_0035_0000.uasset" 5718
"../../../Engine/Content/EngineMaterials/Substrate/GLints/dict_16_192_64_0p5_0p02_0035_0001.uasset" 5719
"../../../Engine/Content/EngineMaterials/Substrate/GLints/dict_16_192_64_0p5_0p02_0035_0006.uasset" 5720
"../../../Engine/Content/EngineMaterials/Substrate/GLints/dict_16_192_64_0p5_0p02_0035_0004.uasset" 5721
"../../../Engine/Content/EngineMaterials/Substrate/GLints/dict_16_192_64_0p5_0p02_0035_0002.uasset" 5722
"/Engine/EngineMaterials/Substrate/GLints/dict_16_192_64_0p5_0p02_0034_0008" 5723
"../../../Engine/Content/EngineMaterials/Substrate/GLints/dict_16_192_64_0p5_0p02_0035_0007.uasset" 5724
"../../../Engine/Content/EngineMaterials/Substrate/GLints/dict_16_192_64_0p5_0p02_0035_0005.uasset" 5725
"../../../Engine/Content/EngineMaterials/Substrate/GLints/dict_16_192_64_0p5_0p02_0035_0009.uasset" 5726
"../../../Engine/Content/EngineMaterials/Substrate/GLints/dict_16_192_64_0p5_0p02_0035_0008.uasset" 5727
"../../../Engine/Content/EngineMaterials/Substrate/GLints/dict_16_192_64_0p5_0p02_0035_0003.uasset" 5728
"../../../Engine/Content/EngineMaterials/Substrate/GLints/dict_16_192_64_0p5_0p02_0035_0010.uasset" 5729
"../../../Engine/Content/EngineMaterials/Substrate/GLints/dict_16_192_64_0p5_0p02_0035_0011.uasset" 5730
"../../../Engine/Content/EngineMaterials/Substrate/GLints/dict_16_192_64_0p5_0p02_0035_0012.uasset" 5731
"../../../Engine/Content/EngineMaterials/Substrate/GLints/dict_16_192_64_0p5_0p02_0035_0013.uasset" 5732
"../../../Engine/Content/EngineMaterials/Substrate/GLints/dict_16_192_64_0p5_0p02_0035_0015.uasset" 5733
"../../../Engine/Content/EngineMaterials/Substrate/GLints/dict_16_192_64_0p5_0p02_0035_0014.uasset" 5734
"/Engine/EngineMaterials/Substrate/GLints/dict_16_192_64_0p5_0p02_0034_0007" 5735
"/Engine/EngineMaterials/Substrate/GLints/dict_16_192_64_0p5_0p02_0034_0006" 5736
"/Engine/EngineMaterials/Substrate/GLints/dict_16_192_64_0p5_0p02_0034_0005" 5737
"/Engine/EngineMaterials/Substrate/GLints/dict_16_192_64_0p5_0p02_0034_0004" 5738
"/Engine/EngineMaterials/Substrate/GLints/dict_16_192_64_0p5_0p02_0034_0003" 5739
"/Engine/EngineMaterials/Substrate/GLints/dict_16_192_64_0p5_0p02_0034_0002" 5740
"/Engine/EngineMaterials/Substrate/GLints/dict_16_192_64_0p5_0p02_0034_0001" 5741
"/Engine/EngineMaterials/Substrate/GLints/dict_16_192_64_0p5_0p02_0034_0000" 5742
"/Engine/EngineMaterials/Substrate/GLints/dict_16_192_64_0p5_0p02_0035_0015" 5743
"../../../Engine/Content/EngineMaterials/Substrate/GLints/dict_16_192_64_0p5_0p02_0036_0003.uasset" 5744
"../../../Engine/Content/EngineMaterials/Substrate/GLints/dict_16_192_64_0p5_0p02_0036_0004.uasset" 5745
"../../../Engine/Content/EngineMaterials/Substrate/GLints/dict_16_192_64_0p5_0p02_0036_0005.uasset" 5746
"../../../Engine/Content/EngineMaterials/Substrate/GLints/dict_16_192_64_0p5_0p02_0036_0002.uasset" 5747
"../../../Engine/Content/EngineMaterials/Substrate/GLints/dict_16_192_64_0p5_0p02_0036_0001.uasset" 5748
"../../../Engine/Content/EngineMaterials/Substrate/GLints/dict_16_192_64_0p5_0p02_0036_0006.uasset" 5749
"../../../Engine/Content/EngineMaterials/Substrate/GLints/dict_16_192_64_0p5_0p02_0036_0000.uasset" 5750
"../../../Engine/Content/EngineMaterials/Substrate/GLints/dict_16_192_64_0p5_0p02_0036_0008.uasset" 5751
"../../../Engine/Content/EngineMaterials/Substrate/GLints/dict_16_192_64_0p5_0p02_0036_0009.uasset" 5752
"../../../Engine/Content/EngineMaterials/Substrate/GLints/dict_16_192_64_0p5_0p02_0036_0007.uasset" 5753
"/Engine/EngineMaterials/Substrate/GLints/dict_16_192_64_0p5_0p02_0035_0014" 5754
"/Engine/EngineMaterials/Substrate/GLints/dict_16_192_64_0p5_0p02_0035_0013" 5755
"/Engine/EngineMaterials/Substrate/GLints/dict_16_192_64_0p5_0p02_0035_0012" 5756
"/Engine/EngineMaterials/Substrate/GLints/dict_16_192_64_0p5_0p02_0035_0011" 5757
"/Engine/EngineMaterials/Substrate/GLints/dict_16_192_64_0p5_0p02_0035_0010" 5758
"/Engine/EngineMaterials/Substrate/GLints/dict_16_192_64_0p5_0p02_0035_0009" 5759
"/Engine/EngineMaterials/Substrate/GLints/dict_16_192_64_0p5_0p02_0035_0008" 5760
"/Engine/EngineMaterials/Substrate/GLints/dict_16_192_64_0p5_0p02_0035_0007" 5761
"/Engine/EngineMaterials/Substrate/GLints/dict_16_192_64_0p5_0p02_0035_0006" 5762
"/Engine/EngineMaterials/Substrate/GLints/dict_16_192_64_0p5_0p02_0035_0005" 5763
"/Engine/EngineMaterials/Substrate/GLints/dict_16_192_64_0p5_0p02_0035_0004" 5764
"/Engine/EngineMaterials/Substrate/GLints/dict_16_192_64_0p5_0p02_0035_0003" 5765
"/Engine/EngineMaterials/Substrate/GLints/dict_16_192_64_0p5_0p02_0035_0002" 5766
"/Engine/EngineMaterials/Substrate/GLints/dict_16_192_64_0p5_0p02_0035_0001" 5767
"/Engine/EngineMaterials/Substrate/GLints/dict_16_192_64_0p5_0p02_0035_0000" 5768
"/Engine/EngineMaterials/Substrate/GLints/dict_16_192_64_0p5_0p02_0034_0015" 5769
"/Engine/EngineMaterials/Substrate/GLints/dict_16_192_64_0p5_0p02_0034_0014" 5770
"/Engine/EngineMaterials/Substrate/GLints/dict_16_192_64_0p5_0p02_0034_0013" 5771
"/Engine/EngineMaterials/Substrate/GLints/dict_16_192_64_0p5_0p02_0034_0012" 5772
"/Engine/EngineMaterials/Substrate/GLints/dict_16_192_64_0p5_0p02_0034_0011" 5773
"/Engine/EngineMaterials/Substrate/GLints/dict_16_192_64_0p5_0p02_0034_0010" 5774
"/Engine/EngineMaterials/Substrate/GLints/dict_16_192_64_0p5_0p02_0036_0009" 5775
"../../../Engine/Content/EngineMaterials/Substrate/GLints/dict_16_192_64_0p5_0p02_0036_0012.uasset" 5776
"../../../Engine/Content/EngineMaterials/Substrate/GLints/dict_16_192_64_0p5_0p02_0036_0011.uasset" 5777
"../../../Engine/Content/EngineMaterials/Substrate/GLints/dict_16_192_64_0p5_0p02_0036_0013.uasset" 5778
"../../../Engine/Content/EngineMaterials/Substrate/GLints/dict_16_192_64_0p5_0p02_0036_0010.uasset" 5779
"../../../Engine/Content/EngineMaterials/Substrate/GLints/dict_16_192_64_0p5_0p02_0037_0001.uasset" 5780
"../../../Engine/Content/EngineMaterials/Substrate/GLints/dict_16_192_64_0p5_0p02_0037_0002.uasset" 5781
"../../../Engine/Content/EngineMaterials/Substrate/GLints/dict_16_192_64_0p5_0p02_0037_0003.uasset" 5782
"../../../Engine/Content/EngineMaterials/Substrate/GLints/dict_16_192_64_0p5_0p02_0036_0015.uasset" 5783
"../../../Engine/Content/EngineMaterials/Substrate/GLints/dict_16_192_64_0p5_0p02_0037_0000.uasset" 5784
"../../../Engine/Content/EngineMaterials/Substrate/GLints/dict_16_192_64_0p5_0p02_0036_0014.uasset" 5785
"../../../Engine/Content/EngineMaterials/Substrate/GLints/dict_16_192_64_0p5_0p02_0037_0005.uasset" 5786
"../../../Engine/Content/EngineMaterials/Substrate/GLints/dict_16_192_64_0p5_0p02_0037_0007.uasset" 5787
"../../../Engine/Content/EngineMaterials/Substrate/GLints/dict_16_192_64_0p5_0p02_0037_0006.uasset" 5788
"../../../Engine/Content/EngineMaterials/Substrate/GLints/dict_16_192_64_0p5_0p02_0037_0004.uasset" 5789
"/Engine/EngineMaterials/Substrate/GLints/dict_16_192_64_0p5_0p02_0036_0008" 5790
"../../../Engine/Content/EngineMaterials/Substrate/GLints/dict_16_192_64_0p5_0p02_0037_0008.uasset" 5791
"../../../Engine/Content/EngineMaterials/Substrate/GLints/dict_16_192_64_0p5_0p02_0037_0011.uasset" 5792
"../../../Engine/Content/EngineMaterials/Substrate/GLints/dict_16_192_64_0p5_0p02_0037_0009.uasset" 5793
"../../../Engine/Content/EngineMaterials/Substrate/GLints/dict_16_192_64_0p5_0p02_0037_0012.uasset" 5794
"../../../Engine/Content/EngineMaterials/Substrate/GLints/dict_16_192_64_0p5_0p02_0037_0010.uasset" 5795
"../../../Engine/Content/EngineMaterials/Substrate/GLints/dict_16_192_64_0p5_0p02_0037_0013.uasset" 5796
"../../../Engine/Content/EngineMaterials/Substrate/GLints/dict_16_192_64_0p5_0p02_0037_0014.uasset" 5797
"../../../Engine/Content/EngineMaterials/Substrate/GLints/dict_16_192_64_0p5_0p02_0037_0015.uasset" 5798
"/Engine/EngineMaterials/Substrate/GLints/dict_16_192_64_0p5_0p02_0036_0007" 5799
"/Engine/EngineMaterials/Substrate/GLints/dict_16_192_64_0p5_0p02_0036_0006" 5800
"/Engine/EngineMaterials/Substrate/GLints/dict_16_192_64_0p5_0p02_0036_0005" 5801
"/Engine/EngineMaterials/Substrate/GLints/dict_16_192_64_0p5_0p02_0036_0004" 5802
"/Engine/EngineMaterials/Substrate/GLints/dict_16_192_64_0p5_0p02_0036_0003" 5803
"/Engine/EngineMaterials/Substrate/GLints/dict_16_192_64_0p5_0p02_0036_0002" 5804
"/Engine/EngineMaterials/Substrate/GLints/dict_16_192_64_0p5_0p02_0036_0001" 5805
"/Engine/EngineMaterials/Substrate/GLints/dict_16_192_64_0p5_0p02_0036_0000" 5806
"/Engine/EngineMaterials/Substrate/GLints/dict_16_192_64_0p5_0p02_0037_0015" 5807
"../../../Engine/Content/EngineMaterials/Substrate/GLints/dict_16_192_64_0p5_0p02_0038_0001.uasset" 5808
"../../../Engine/Content/EngineMaterials/Substrate/GLints/dict_16_192_64_0p5_0p02_0038_0000.uasset" 5809
"../../../Engine/Content/EngineMaterials/Substrate/GLints/dict_16_192_64_0p5_0p02_0038_0003.uasset" 5810
"../../../Engine/Content/EngineMaterials/Substrate/GLints/dict_16_192_64_0p5_0p02_0038_0002.uasset" 5811
"../../../Engine/Content/EngineMaterials/Substrate/GLints/dict_16_192_64_0p5_0p02_0038_0004.uasset" 5812
"../../../Engine/Content/EngineMaterials/Substrate/GLints/dict_16_192_64_0p5_0p02_0038_0008.uasset" 5813
"../../../Engine/Content/EngineMaterials/Substrate/GLints/dict_16_192_64_0p5_0p02_0038_0005.uasset" 5814
"../../../Engine/Content/EngineMaterials/Substrate/GLints/dict_16_192_64_0p5_0p02_0038_0007.uasset" 5815
"../../../Engine/Content/EngineMaterials/Substrate/GLints/dict_16_192_64_0p5_0p02_0038_0009.uasset" 5816
"../../../Engine/Content/EngineMaterials/Substrate/GLints/dict_16_192_64_0p5_0p02_0038_0006.uasset" 5817
"/Engine/EngineMaterials/Substrate/GLints/dict_16_192_64_0p5_0p02_0037_0014" 5818
"/Engine/EngineMaterials/Substrate/GLints/dict_16_192_64_0p5_0p02_0037_0013" 5819
"/Engine/EngineMaterials/Substrate/GLints/dict_16_192_64_0p5_0p02_0037_0012" 5820
"/Engine/EngineMaterials/Substrate/GLints/dict_16_192_64_0p5_0p02_0037_0011" 5821
"/Engine/EngineMaterials/Substrate/GLints/dict_16_192_64_0p5_0p02_0037_0010" 5822
"/Engine/EngineMaterials/Substrate/GLints/dict_16_192_64_0p5_0p02_0037_0009" 5823
"/Engine/EngineMaterials/Substrate/GLints/dict_16_192_64_0p5_0p02_0037_0008" 5824
"/Engine/EngineMaterials/Substrate/GLints/dict_16_192_64_0p5_0p02_0037_0007" 5825
"/Engine/EngineMaterials/Substrate/GLints/dict_16_192_64_0p5_0p02_0037_0006" 5826
"/Engine/EngineMaterials/Substrate/GLints/dict_16_192_64_0p5_0p02_0037_0005" 5827
"/Engine/EngineMaterials/Substrate/GLints/dict_16_192_64_0p5_0p02_0037_0004" 5828
"/Engine/EngineMaterials/Substrate/GLints/dict_16_192_64_0p5_0p02_0037_0003" 5829
"/Engine/EngineMaterials/Substrate/GLints/dict_16_192_64_0p5_0p02_0037_0002" 5830
"/Engine/EngineMaterials/Substrate/GLints/dict_16_192_64_0p5_0p02_0037_0001" 5831
"/Engine/EngineMaterials/Substrate/GLints/dict_16_192_64_0p5_0p02_0037_0000" 5832
"/Engine/EngineMaterials/Substrate/GLints/dict_16_192_64_0p5_0p02_0036_0015" 5833
"/Engine/EngineMaterials/Substrate/GLints/dict_16_192_64_0p5_0p02_0036_0014" 5834
"/Engine/EngineMaterials/Substrate/GLints/dict_16_192_64_0p5_0p02_0036_0013" 5835
"/Engine/EngineMaterials/Substrate/GLints/dict_16_192_64_0p5_0p02_0036_0012" 5836
"/Engine/EngineMaterials/Substrate/GLints/dict_16_192_64_0p5_0p02_0036_0011" 5837
"/Engine/EngineMaterials/Substrate/GLints/dict_16_192_64_0p5_0p02_0036_0010" 5838
"/Engine/EngineMaterials/Substrate/GLints/dict_16_192_64_0p5_0p02_0038_0009" 5839
"../../../Engine/Content/EngineMaterials/Substrate/GLints/dict_16_192_64_0p5_0p02_0038_0011.uasset" 5840
"../../../Engine/Content/EngineMaterials/Substrate/GLints/dict_16_192_64_0p5_0p02_0038_0015.uasset" 5841
"../../../Engine/Content/EngineMaterials/Substrate/GLints/dict_16_192_64_0p5_0p02_0038_0013.uasset" 5842
"../../../Engine/Content/EngineMaterials/Substrate/GLints/dict_16_192_64_0p5_0p02_0039_0000.uasset" 5843
"../../../Engine/Content/EngineMaterials/Substrate/GLints/dict_16_192_64_0p5_0p02_0038_0010.uasset" 5844
"../../../Engine/Content/EngineMaterials/Substrate/GLints/dict_16_192_64_0p5_0p02_0039_0001.uasset" 5845
"../../../Engine/Content/EngineMaterials/Substrate/GLints/dict_16_192_64_0p5_0p02_0038_0012.uasset" 5846
"../../../Engine/Content/EngineMaterials/Substrate/GLints/dict_16_192_64_0p5_0p02_0039_0002.uasset" 5847
"../../../Engine/Content/EngineMaterials/Substrate/GLints/dict_16_192_64_0p5_0p02_0038_0014.uasset" 5848
"../../../Engine/Content/EngineMaterials/Substrate/GLints/dict_16_192_64_0p5_0p02_0039_0003.uasset" 5849
"/Engine/EngineMaterials/Substrate/GLints/dict_16_192_64_0p5_0p02_0038_0008" 5850
"../../../Engine/Content/EngineMaterials/Substrate/GLints/dict_16_192_64_0p5_0p02_0039_0005.uasset" 5851
"../../../Engine/Content/EngineMaterials/Substrate/GLints/dict_16_192_64_0p5_0p02_0039_0004.uasset" 5852
"../../../Engine/Content/EngineMaterials/Substrate/GLints/dict_16_192_64_0p5_0p02_0039_0008.uasset" 5853
"../../../Engine/Content/EngineMaterials/Substrate/GLints/dict_16_192_64_0p5_0p02_0039_0012.uasset" 5854
"../../../Engine/Content/EngineMaterials/Substrate/GLints/dict_16_192_64_0p5_0p02_0039_0007.uasset" 5855
"../../../Engine/Content/EngineMaterials/Substrate/GLints/dict_16_192_64_0p5_0p02_0039_0006.uasset" 5856
"../../../Engine/Content/EngineMaterials/Substrate/GLints/dict_16_192_64_0p5_0p02_0039_0009.uasset" 5857
"../../../Engine/Content/EngineMaterials/Substrate/GLints/dict_16_192_64_0p5_0p02_0039_0014.uasset" 5858
"../../../Engine/Content/EngineMaterials/Substrate/GLints/dict_16_192_64_0p5_0p02_0039_0015.uasset" 5859
"../../../Engine/Content/EngineMaterials/Substrate/GLints/dict_16_192_64_0p5_0p02_0039_0010.uasset" 5860
"../../../Engine/Content/EngineMaterials/Substrate/GLints/dict_16_192_64_0p5_0p02_0039_0013.uasset" 5861
"/Engine/EngineMaterials/Substrate/GLints/dict_16_192_64_0p5_0p02_0038_0007" 5862
"../../../Engine/Content/EngineMaterials/Substrate/GLints/dict_16_192_64_0p5_0p02_0039_0011.uasset" 5863
"/Engine/EngineMaterials/Substrate/GLints/dict_16_192_64_0p5_0p02_0038_0006" 5864
"/Engine/EngineMaterials/Substrate/GLints/dict_16_192_64_0p5_0p02_0038_0005" 5865
"/Engine/EngineMaterials/Substrate/GLints/dict_16_192_64_0p5_0p02_0038_0004" 5866
"/Engine/EngineMaterials/Substrate/GLints/dict_16_192_64_0p5_0p02_0038_0003" 5867
"/Engine/EngineMaterials/Substrate/GLints/dict_16_192_64_0p5_0p02_0038_0002" 5868
"/Engine/EngineMaterials/Substrate/GLints/dict_16_192_64_0p5_0p02_0038_0001" 5869
"/Engine/EngineMaterials/Substrate/GLints/dict_16_192_64_0p5_0p02_0038_0000" 5870
"/Engine/EngineMaterials/Substrate/GLints/dict_16_192_64_0p5_0p02_0039_0015" 5871
"../../../Engine/Content/EngineMaterials/Substrate/GLints/dict_16_192_64_0p5_0p02_0040_0001.uasset" 5872
"../../../Engine/Content/EngineMaterials/Substrate/GLints/dict_16_192_64_0p5_0p02_0040_0000.uasset" 5873
"../../../Engine/Content/EngineMaterials/Substrate/GLints/dict_16_192_64_0p5_0p02_0040_0002.uasset" 5874
"../../../Engine/Content/EngineMaterials/Substrate/GLints/dict_16_192_64_0p5_0p02_0040_0004.uasset" 5875
"../../../Engine/Content/EngineMaterials/Substrate/GLints/dict_16_192_64_0p5_0p02_0040_0009.uasset" 5876
"../../../Engine/Content/EngineMaterials/Substrate/GLints/dict_16_192_64_0p5_0p02_0040_0007.uasset" 5877
"../../../Engine/Content/EngineMaterials/Substrate/GLints/dict_16_192_64_0p5_0p02_0040_0006.uasset" 5878
"../../../Engine/Content/EngineMaterials/Substrate/GLints/dict_16_192_64_0p5_0p02_0040_0005.uasset" 5879
"../../../Engine/Content/EngineMaterials/Substrate/GLints/dict_16_192_64_0p5_0p02_0040_0008.uasset" 5880
"../../../Engine/Content/EngineMaterials/Substrate/GLints/dict_16_192_64_0p5_0p02_0040_0003.uasset" 5881
"/Engine/EngineMaterials/Substrate/GLints/dict_16_192_64_0p5_0p02_0039_0014" 5882
"/Engine/EngineMaterials/Substrate/GLints/dict_16_192_64_0p5_0p02_0039_0013" 5883
"/Engine/EngineMaterials/Substrate/GLints/dict_16_192_64_0p5_0p02_0039_0012" 5884
"/Engine/EngineMaterials/Substrate/GLints/dict_16_192_64_0p5_0p02_0039_0011" 5885
"/Engine/EngineMaterials/Substrate/GLints/dict_16_192_64_0p5_0p02_0039_0010" 5886
"/Engine/EngineMaterials/Substrate/GLints/dict_16_192_64_0p5_0p02_0039_0009" 5887
"/Engine/EngineMaterials/Substrate/GLints/dict_16_192_64_0p5_0p02_0039_0008" 5888
"/Engine/EngineMaterials/Substrate/GLints/dict_16_192_64_0p5_0p02_0039_0007" 5889
"/Engine/EngineMaterials/Substrate/GLints/dict_16_192_64_0p5_0p02_0039_0006" 5890
"/Engine/EngineMaterials/Substrate/GLints/dict_16_192_64_0p5_0p02_0039_0005" 5891
"/Engine/EngineMaterials/Substrate/GLints/dict_16_192_64_0p5_0p02_0039_0004" 5892
"/Engine/EngineMaterials/Substrate/GLints/dict_16_192_64_0p5_0p02_0039_0003" 5893
"/Engine/EngineMaterials/Substrate/GLints/dict_16_192_64_0p5_0p02_0039_0002" 5894
"/Engine/EngineMaterials/Substrate/GLints/dict_16_192_64_0p5_0p02_0039_0001" 5895
"/Engine/EngineMaterials/Substrate/GLints/dict_16_192_64_0p5_0p02_0039_0000" 5896
"/Engine/EngineMaterials/Substrate/GLints/dict_16_192_64_0p5_0p02_0038_0015" 5897
"/Engine/EngineMaterials/Substrate/GLints/dict_16_192_64_0p5_0p02_0038_0014" 5898
"/Engine/EngineMaterials/Substrate/GLints/dict_16_192_64_0p5_0p02_0038_0013" 5899
"/Engine/EngineMaterials/Substrate/GLints/dict_16_192_64_0p5_0p02_0038_0012" 5900
"/Engine/EngineMaterials/Substrate/GLints/dict_16_192_64_0p5_0p02_0038_0011" 5901
"/Engine/EngineMaterials/Substrate/GLints/dict_16_192_64_0p5_0p02_0038_0010" 5902
"/Engine/EngineMaterials/Substrate/GLints/dict_16_192_64_0p5_0p02_0040_0009" 5903
"../../../Engine/Content/EngineMaterials/Substrate/GLints/dict_16_192_64_0p5_0p02_0040_0012.uasset" 5904
"../../../Engine/Content/EngineMaterials/Substrate/GLints/dict_16_192_64_0p5_0p02_0040_0013.uasset" 5905
"../../../Engine/Content/EngineMaterials/Substrate/GLints/dict_16_192_64_0p5_0p02_0040_0010.uasset" 5906
"../../../Engine/Content/EngineMaterials/Substrate/GLints/dict_16_192_64_0p5_0p02_0040_0014.uasset" 5907
"../../../Engine/Content/EngineMaterials/Substrate/GLints/dict_16_192_64_0p5_0p02_0041_0000.uasset" 5908
"../../../Engine/Content/EngineMaterials/Substrate/GLints/dict_16_192_64_0p5_0p02_0041_0002.uasset" 5909
"../../../Engine/Content/EngineMaterials/Substrate/GLints/dict_16_192_64_0p5_0p02_0040_0011.uasset" 5910
"../../../Engine/Content/EngineMaterials/Substrate/GLints/dict_16_192_64_0p5_0p02_0040_0015.uasset" 5911
"../../../Engine/Content/EngineMaterials/Substrate/GLints/dict_16_192_64_0p5_0p02_0041_0003.uasset" 5912
"../../../Engine/Content/EngineMaterials/Substrate/GLints/dict_16_192_64_0p5_0p02_0041_0001.uasset" 5913
"/Engine/EngineMaterials/Substrate/GLints/dict_16_192_64_0p5_0p02_0040_0008" 5914
"../../../Engine/Content/EngineMaterials/Substrate/GLints/dict_16_192_64_0p5_0p02_0041_0004.uasset" 5915
"../../../Engine/Content/EngineMaterials/Substrate/GLints/dict_16_192_64_0p5_0p02_0041_0005.uasset" 5916
"../../../Engine/Content/EngineMaterials/Substrate/GLints/dict_16_192_64_0p5_0p02_0041_0006.uasset" 5917
"/Engine/EngineMaterials/Substrate/GLints/dict_16_192_64_0p5_0p02_0040_0007" 5918
"../../../Engine/Content/EngineMaterials/Substrate/GLints/dict_16_192_64_0p5_0p02_0041_0008.uasset" 5919
"../../../Engine/Content/EngineMaterials/Substrate/GLints/dict_16_192_64_0p5_0p02_0041_0011.uasset" 5920
"../../../Engine/Content/EngineMaterials/Substrate/GLints/dict_16_192_64_0p5_0p02_0041_0007.uasset" 5921
"../../../Engine/Content/EngineMaterials/Substrate/GLints/dict_16_192_64_0p5_0p02_0041_0015.uasset" 5922
"../../../Engine/Content/EngineMaterials/Substrate/GLints/dict_16_192_64_0p5_0p02_0041_0014.uasset" 5923
"../../../Engine/Content/EngineMaterials/Substrate/GLints/dict_16_192_64_0p5_0p02_0041_0009.uasset" 5924
"../../../Engine/Content/EngineMaterials/Substrate/GLints/dict_16_192_64_0p5_0p02_0041_0012.uasset" 5925
"../../../Engine/Content/EngineMaterials/Substrate/GLints/dict_16_192_64_0p5_0p02_0041_0010.uasset" 5926
"../../../Engine/Content/EngineMaterials/Substrate/GLints/dict_16_192_64_0p5_0p02_0041_0013.uasset" 5927
"/Engine/EngineMaterials/Substrate/GLints/dict_16_192_64_0p5_0p02_0040_0006" 5928
"/Engine/EngineMaterials/Substrate/GLints/dict_16_192_64_0p5_0p02_0040_0005" 5929
"/Engine/EngineMaterials/Substrate/GLints/dict_16_192_64_0p5_0p02_0040_0004" 5930
"/Engine/EngineMaterials/Substrate/GLints/dict_16_192_64_0p5_0p02_0040_0003" 5931
"/Engine/EngineMaterials/Substrate/GLints/dict_16_192_64_0p5_0p02_0040_0002" 5932
"/Engine/EngineMaterials/Substrate/GLints/dict_16_192_64_0p5_0p02_0040_0001" 5933
"/Engine/EngineMaterials/Substrate/GLints/dict_16_192_64_0p5_0p02_0040_0000" 5934
"/Engine/EngineMaterials/Substrate/GLints/dict_16_192_64_0p5_0p02_0041_0015" 5935
"../../../Engine/Content/EngineMaterials/Substrate/GLints/dict_16_192_64_0p5_0p02_0042_0004.uasset" 5936
"../../../Engine/Content/EngineMaterials/Substrate/GLints/dict_16_192_64_0p5_0p02_0042_0001.uasset" 5937
"../../../Engine/Content/EngineMaterials/Substrate/GLints/dict_16_192_64_0p5_0p02_0042_0006.uasset" 5938
"../../../Engine/Content/EngineMaterials/Substrate/GLints/dict_16_192_64_0p5_0p02_0042_0008.uasset" 5939
"../../../Engine/Content/EngineMaterials/Substrate/GLints/dict_16_192_64_0p5_0p02_0042_0007.uasset" 5940
"../../../Engine/Content/EngineMaterials/Substrate/GLints/dict_16_192_64_0p5_0p02_0042_0005.uasset" 5941
"../../../Engine/Content/EngineMaterials/Substrate/GLints/dict_16_192_64_0p5_0p02_0042_0002.uasset" 5942
"../../../Engine/Content/EngineMaterials/Substrate/GLints/dict_16_192_64_0p5_0p02_0042_0003.uasset" 5943
"../../../Engine/Content/EngineMaterials/Substrate/GLints/dict_16_192_64_0p5_0p02_0042_0000.uasset" 5944
"../../../Engine/Content/EngineMaterials/Substrate/GLints/dict_16_192_64_0p5_0p02_0042_0009.uasset" 5945
"/Engine/EngineMaterials/Substrate/GLints/dict_16_192_64_0p5_0p02_0041_0014" 5946
"/Engine/EngineMaterials/Substrate/GLints/dict_16_192_64_0p5_0p02_0041_0013" 5947
"/Engine/EngineMaterials/Substrate/GLints/dict_16_192_64_0p5_0p02_0041_0012" 5948
"/Engine/EngineMaterials/Substrate/GLints/dict_16_192_64_0p5_0p02_0041_0011" 5949
"/Engine/EngineMaterials/Substrate/GLints/dict_16_192_64_0p5_0p02_0041_0010" 5950
"/Engine/EngineMaterials/Substrate/GLints/dict_16_192_64_0p5_0p02_0041_0009" 5951
"/Engine/EngineMaterials/Substrate/GLints/dict_16_192_64_0p5_0p02_0041_0008" 5952
"/Engine/EngineMaterials/Substrate/GLints/dict_16_192_64_0p5_0p02_0041_0007" 5953
"/Engine/EngineMaterials/Substrate/GLints/dict_16_192_64_0p5_0p02_0041_0006" 5954
"/Engine/EngineMaterials/Substrate/GLints/dict_16_192_64_0p5_0p02_0041_0005" 5955
"/Engine/EngineMaterials/Substrate/GLints/dict_16_192_64_0p5_0p02_0041_0004" 5956
"/Engine/EngineMaterials/Substrate/GLints/dict_16_192_64_0p5_0p02_0041_0003" 5957
"/Engine/EngineMaterials/Substrate/GLints/dict_16_192_64_0p5_0p02_0041_0002" 5958
"/Engine/EngineMaterials/Substrate/GLints/dict_16_192_64_0p5_0p02_0041_0001" 5959
"/Engine/EngineMaterials/Substrate/GLints/dict_16_192_64_0p5_0p02_0041_0000" 5960
"/Engine/EngineMaterials/Substrate/GLints/dict_16_192_64_0p5_0p02_0040_0015" 5961
"/Engine/EngineMaterials/Substrate/GLints/dict_16_192_64_0p5_0p02_0040_0014" 5962
"/Engine/EngineMaterials/Substrate/GLints/dict_16_192_64_0p5_0p02_0040_0013" 5963
"/Engine/EngineMaterials/Substrate/GLints/dict_16_192_64_0p5_0p02_0040_0012" 5964
"/Engine/EngineMaterials/Substrate/GLints/dict_16_192_64_0p5_0p02_0040_0011" 5965
"/Engine/EngineMaterials/Substrate/GLints/dict_16_192_64_0p5_0p02_0040_0010" 5966
"/Engine/EngineMaterials/Substrate/GLints/dict_16_192_64_0p5_0p02_0042_0009" 5967
"../../../Engine/Content/EngineMaterials/Substrate/GLints/dict_16_192_64_0p5_0p02_0042_0011.uasset" 5968
"../../../Engine/Content/EngineMaterials/Substrate/GLints/dict_16_192_64_0p5_0p02_0042_0010.uasset" 5969
"../../../Engine/Content/EngineMaterials/Substrate/GLints/dict_16_192_64_0p5_0p02_0042_0012.uasset" 5970
"../../../Engine/Content/EngineMaterials/Substrate/GLints/dict_16_192_64_0p5_0p02_0042_0013.uasset" 5971
"../../../Engine/Content/EngineMaterials/Substrate/GLints/dict_16_192_64_0p5_0p02_0042_0014.uasset" 5972
"../../../Engine/Content/EngineMaterials/Substrate/GLints/dict_16_192_64_0p5_0p02_0043_0002.uasset" 5973
"../../../Engine/Content/EngineMaterials/Substrate/GLints/dict_16_192_64_0p5_0p02_0042_0015.uasset" 5974
"../../../Engine/Content/EngineMaterials/Substrate/GLints/dict_16_192_64_0p5_0p02_0043_0000.uasset" 5975
"../../../Engine/Content/EngineMaterials/Substrate/GLints/dict_16_192_64_0p5_0p02_0043_0001.uasset" 5976
"../../../Engine/Content/EngineMaterials/Substrate/GLints/dict_16_192_64_0p5_0p02_0043_0003.uasset" 5977
"../../../Engine/Content/EngineMaterials/Substrate/GLints/dict_16_192_64_0p5_0p02_0043_0004.uasset" 5978
"/Engine/EngineMaterials/Substrate/GLints/dict_16_192_64_0p5_0p02_0042_0008" 5979
"../../../Engine/Content/EngineMaterials/Substrate/GLints/dict_16_192_64_0p5_0p02_0043_0005.uasset" 5980
"../../../Engine/Content/EngineMaterials/Substrate/GLints/dict_16_192_64_0p5_0p02_0043_0006.uasset" 5981
"../../../Engine/Content/EngineMaterials/Substrate/GLints/dict_16_192_64_0p5_0p02_0043_0007.uasset" 5982
"../../../Engine/Content/EngineMaterials/Substrate/GLints/dict_16_192_64_0p5_0p02_0043_0009.uasset" 5983
"../../../Engine/Content/EngineMaterials/Substrate/GLints/dict_16_192_64_0p5_0p02_0043_0012.uasset" 5984
"../../../Engine/Content/EngineMaterials/Substrate/GLints/dict_16_192_64_0p5_0p02_0043_0011.uasset" 5985
"../../../Engine/Content/EngineMaterials/Substrate/GLints/dict_16_192_64_0p5_0p02_0043_0013.uasset" 5986
"../../../Engine/Content/EngineMaterials/Substrate/GLints/dict_16_192_64_0p5_0p02_0043_0008.uasset" 5987
"../../../Engine/Content/EngineMaterials/Substrate/GLints/dict_16_192_64_0p5_0p02_0043_0015.uasset" 5988
"../../../Engine/Content/EngineMaterials/Substrate/GLints/dict_16_192_64_0p5_0p02_0043_0014.uasset" 5989
"../../../Engine/Content/EngineMaterials/Substrate/GLints/dict_16_192_64_0p5_0p02_0043_0010.uasset" 5990
"/Engine/EngineMaterials/Substrate/GLints/dict_16_192_64_0p5_0p02_0042_0007" 5991
"/Engine/EngineMaterials/Substrate/GLints/dict_16_192_64_0p5_0p02_0042_0006" 5992
"/Engine/EngineMaterials/Substrate/GLints/dict_16_192_64_0p5_0p02_0042_0005" 5993
"/Engine/EngineMaterials/Substrate/GLints/dict_16_192_64_0p5_0p02_0042_0004" 5994
"/Engine/EngineMaterials/Substrate/GLints/dict_16_192_64_0p5_0p02_0042_0003" 5995
"/Engine/EngineMaterials/Substrate/GLints/dict_16_192_64_0p5_0p02_0042_0002" 5996
"/Engine/EngineMaterials/Substrate/GLints/dict_16_192_64_0p5_0p02_0042_0001" 5997
"/Engine/EngineMaterials/Substrate/GLints/dict_16_192_64_0p5_0p02_0042_0000" 5998
"/Engine/EngineMaterials/Substrate/GLints/dict_16_192_64_0p5_0p02_0043_0015" 5999
"../../../Engine/Content/EngineMaterials/Substrate/GLints/dict_16_192_64_0p5_0p02_0044_0007.uasset" 6000
"../../../Engine/Content/EngineMaterials/Substrate/GLints/dict_16_192_64_0p5_0p02_0044_0001.uasset" 6001
"../../../Engine/Content/EngineMaterials/Substrate/GLints/dict_16_192_64_0p5_0p02_0044_0005.uasset" 6002
"../../../Engine/Content/EngineMaterials/Substrate/GLints/dict_16_192_64_0p5_0p02_0044_0002.uasset" 6003
"../../../Engine/Content/EngineMaterials/Substrate/GLints/dict_16_192_64_0p5_0p02_0044_0006.uasset" 6004
"../../../Engine/Content/EngineMaterials/Substrate/GLints/dict_16_192_64_0p5_0p02_0044_0000.uasset" 6005
"../../../Engine/Content/EngineMaterials/Substrate/GLints/dict_16_192_64_0p5_0p02_0044_0003.uasset" 6006
"../../../Engine/Content/EngineMaterials/Substrate/GLints/dict_16_192_64_0p5_0p02_0044_0004.uasset" 6007
"../../../Engine/Content/EngineMaterials/Substrate/GLints/dict_16_192_64_0p5_0p02_0044_0008.uasset" 6008
"../../../Engine/Content/EngineMaterials/Substrate/GLints/dict_16_192_64_0p5_0p02_0044_0009.uasset" 6009
"/Engine/EngineMaterials/Substrate/GLints/dict_16_192_64_0p5_0p02_0043_0014" 6010
"/Engine/EngineMaterials/Substrate/GLints/dict_16_192_64_0p5_0p02_0043_0013" 6011
"/Engine/EngineMaterials/Substrate/GLints/dict_16_192_64_0p5_0p02_0043_0012" 6012
"/Engine/EngineMaterials/Substrate/GLints/dict_16_192_64_0p5_0p02_0043_0011" 6013
"/Engine/EngineMaterials/Substrate/GLints/dict_16_192_64_0p5_0p02_0043_0010" 6014
"/Engine/EngineMaterials/Substrate/GLints/dict_16_192_64_0p5_0p02_0043_0009" 6015
"/Engine/EngineMaterials/Substrate/GLints/dict_16_192_64_0p5_0p02_0043_0008" 6016
"/Engine/EngineMaterials/Substrate/GLints/dict_16_192_64_0p5_0p02_0043_0007" 6017
"/Engine/EngineMaterials/Substrate/GLints/dict_16_192_64_0p5_0p02_0043_0006" 6018
"/Engine/EngineMaterials/Substrate/GLints/dict_16_192_64_0p5_0p02_0043_0005" 6019
"/Engine/EngineMaterials/Substrate/GLints/dict_16_192_64_0p5_0p02_0043_0004" 6020
"/Engine/EngineMaterials/Substrate/GLints/dict_16_192_64_0p5_0p02_0043_0003" 6021
"/Engine/EngineMaterials/Substrate/GLints/dict_16_192_64_0p5_0p02_0043_0002" 6022
"/Engine/EngineMaterials/Substrate/GLints/dict_16_192_64_0p5_0p02_0043_0001" 6023
"/Engine/EngineMaterials/Substrate/GLints/dict_16_192_64_0p5_0p02_0043_0000" 6024
"/Engine/EngineMaterials/Substrate/GLints/dict_16_192_64_0p5_0p02_0042_0015" 6025
"/Engine/EngineMaterials/Substrate/GLints/dict_16_192_64_0p5_0p02_0042_0014" 6026
"/Engine/EngineMaterials/Substrate/GLints/dict_16_192_64_0p5_0p02_0042_0013" 6027
"/Engine/EngineMaterials/Substrate/GLints/dict_16_192_64_0p5_0p02_0042_0012" 6028
"/Engine/EngineMaterials/Substrate/GLints/dict_16_192_64_0p5_0p02_0042_0011" 6029
"/Engine/EngineMaterials/Substrate/GLints/dict_16_192_64_0p5_0p02_0042_0010" 6030
"../../../Engine/Content/EngineMaterials/Substrate/GLints/dict_16_192_64_0p5_0p02_0044_0010.uasset" 6031
"../../../Engine/Content/EngineMaterials/Substrate/GLints/dict_16_192_64_0p5_0p02_0044_0013.uasset" 6032
"../../../Engine/Content/EngineMaterials/Substrate/GLints/dict_16_192_64_0p5_0p02_0044_0011.uasset" 6033
"../../../Engine/Content/EngineMaterials/Substrate/GLints/dict_16_192_64_0p5_0p02_0044_0014.uasset" 6034
"/Engine/EngineMaterials/Substrate/GLints/dict_16_192_64_0p5_0p02_0044_0009" 6035
"../../../Engine/Content/EngineMaterials/Substrate/GLints/dict_16_192_64_0p5_0p02_0045_0000.uasset" 6036
"../../../Engine/Content/EngineMaterials/Substrate/GLints/dict_16_192_64_0p5_0p02_0044_0015.uasset" 6037
"../../../Engine/Content/EngineMaterials/Substrate/GLints/dict_16_192_64_0p5_0p02_0044_0012.uasset" 6038
"../../../Engine/Content/EngineMaterials/Substrate/GLints/dict_16_192_64_0p5_0p02_0045_0001.uasset" 6039
"../../../Engine/Content/EngineMaterials/Substrate/GLints/dict_16_192_64_0p5_0p02_0045_0002.uasset" 6040
"../../../Engine/Content/EngineMaterials/Substrate/GLints/dict_16_192_64_0p5_0p02_0045_0003.uasset" 6041
"../../../Engine/Content/EngineMaterials/Substrate/GLints/dict_16_192_64_0p5_0p02_0045_0004.uasset" 6042
"../../../Engine/Content/EngineMaterials/Substrate/GLints/dict_16_192_64_0p5_0p02_0045_0005.uasset" 6043
"../../../Engine/Content/EngineMaterials/Substrate/GLints/dict_16_192_64_0p5_0p02_0045_0008.uasset" 6044
"../../../Engine/Content/EngineMaterials/Substrate/GLints/dict_16_192_64_0p5_0p02_0045_0006.uasset" 6045
"../../../Engine/Content/EngineMaterials/Substrate/GLints/dict_16_192_64_0p5_0p02_0045_0010.uasset" 6046
"../../../Engine/Content/EngineMaterials/Substrate/GLints/dict_16_192_64_0p5_0p02_0045_0011.uasset" 6047
"../../../Engine/Content/EngineMaterials/Substrate/GLints/dict_16_192_64_0p5_0p02_0045_0009.uasset" 6048
"../../../Engine/Content/EngineMaterials/Substrate/GLints/dict_16_192_64_0p5_0p02_0045_0007.uasset" 6049
"../../../Engine/Content/EngineMaterials/Substrate/GLints/dict_16_192_64_0p5_0p02_0045_0012.uasset" 6050
"../../../Engine/Content/EngineMaterials/Substrate/GLints/dict_16_192_64_0p5_0p02_0045_0014.uasset" 6051
"../../../Engine/Content/EngineMaterials/Substrate/GLints/dict_16_192_64_0p5_0p02_0045_0013.uasset" 6052
"../../../Engine/Content/EngineMaterials/Substrate/GLints/dict_16_192_64_0p5_0p02_0045_0015.uasset" 6053
"/Engine/EngineMaterials/Substrate/GLints/dict_16_192_64_0p5_0p02_0044_0008" 6054
"/Engine/EngineMaterials/Substrate/GLints/dict_16_192_64_0p5_0p02_0044_0007" 6055
"/Engine/EngineMaterials/Substrate/GLints/dict_16_192_64_0p5_0p02_0044_0006" 6056
"/Engine/EngineMaterials/Substrate/GLints/dict_16_192_64_0p5_0p02_0044_0005" 6057
"/Engine/EngineMaterials/Substrate/GLints/dict_16_192_64_0p5_0p02_0044_0004" 6058
"/Engine/EngineMaterials/Substrate/GLints/dict_16_192_64_0p5_0p02_0044_0003" 6059
"/Engine/EngineMaterials/Substrate/GLints/dict_16_192_64_0p5_0p02_0044_0002" 6060
"/Engine/EngineMaterials/Substrate/GLints/dict_16_192_64_0p5_0p02_0044_0001" 6061
"/Engine/EngineMaterials/Substrate/GLints/dict_16_192_64_0p5_0p02_0044_0000" 6062
"/Engine/EngineMaterials/Substrate/GLints/dict_16_192_64_0p5_0p02_0045_0015" 6063
"../../../Engine/Content/EngineMaterials/Substrate/GLints/dict_16_192_64_0p5_0p02_0046_0002.uasset" 6064
"../../../Engine/Content/EngineMaterials/Substrate/GLints/dict_16_192_64_0p5_0p02_0046_0000.uasset" 6065
"../../../Engine/Content/EngineMaterials/Substrate/GLints/dict_16_192_64_0p5_0p02_0046_0005.uasset" 6066
"../../../Engine/Content/EngineMaterials/Substrate/GLints/dict_16_192_64_0p5_0p02_0046_0007.uasset" 6067
"../../../Engine/Content/EngineMaterials/Substrate/GLints/dict_16_192_64_0p5_0p02_0046_0001.uasset" 6068
"../../../Engine/Content/EngineMaterials/Substrate/GLints/dict_16_192_64_0p5_0p02_0046_0006.uasset" 6069
"../../../Engine/Content/EngineMaterials/Substrate/GLints/dict_16_192_64_0p5_0p02_0046_0004.uasset" 6070
"../../../Engine/Content/EngineMaterials/Substrate/GLints/dict_16_192_64_0p5_0p02_0046_0009.uasset" 6071
"../../../Engine/Content/EngineMaterials/Substrate/GLints/dict_16_192_64_0p5_0p02_0046_0003.uasset" 6072
"/Engine/EngineMaterials/Substrate/GLints/dict_16_192_64_0p5_0p02_0045_0014" 6073
"../../../Engine/Content/EngineMaterials/Substrate/GLints/dict_16_192_64_0p5_0p02_0046_0008.uasset" 6074
"/Engine/EngineMaterials/Substrate/GLints/dict_16_192_64_0p5_0p02_0045_0013" 6075
"/Engine/EngineMaterials/Substrate/GLints/dict_16_192_64_0p5_0p02_0045_0012" 6076
"/Engine/EngineMaterials/Substrate/GLints/dict_16_192_64_0p5_0p02_0045_0011" 6077
"/Engine/EngineMaterials/Substrate/GLints/dict_16_192_64_0p5_0p02_0045_0010" 6078
"/Engine/EngineMaterials/Substrate/GLints/dict_16_192_64_0p5_0p02_0045_0009" 6079
"/Engine/EngineMaterials/Substrate/GLints/dict_16_192_64_0p5_0p02_0045_0008" 6080
"/Engine/EngineMaterials/Substrate/GLints/dict_16_192_64_0p5_0p02_0045_0007" 6081
"/Engine/EngineMaterials/Substrate/GLints/dict_16_192_64_0p5_0p02_0045_0006" 6082
"/Engine/EngineMaterials/Substrate/GLints/dict_16_192_64_0p5_0p02_0045_0005" 6083
"/Engine/EngineMaterials/Substrate/GLints/dict_16_192_64_0p5_0p02_0045_0004" 6084
"/Engine/EngineMaterials/Substrate/GLints/dict_16_192_64_0p5_0p02_0045_0003" 6085
"/Engine/EngineMaterials/Substrate/GLints/dict_16_192_64_0p5_0p02_0045_0002" 6086
"/Engine/EngineMaterials/Substrate/GLints/dict_16_192_64_0p5_0p02_0045_0001" 6087
"/Engine/EngineMaterials/Substrate/GLints/dict_16_192_64_0p5_0p02_0045_0000" 6088
"/Engine/EngineMaterials/Substrate/GLints/dict_16_192_64_0p5_0p02_0044_0015" 6089
"/Engine/EngineMaterials/Substrate/GLints/dict_16_192_64_0p5_0p02_0044_0014" 6090
"/Engine/EngineMaterials/Substrate/GLints/dict_16_192_64_0p5_0p02_0044_0013" 6091
"/Engine/EngineMaterials/Substrate/GLints/dict_16_192_64_0p5_0p02_0044_0012" 6092
"/Engine/EngineMaterials/Substrate/GLints/dict_16_192_64_0p5_0p02_0044_0011" 6093
"/Engine/EngineMaterials/Substrate/GLints/dict_16_192_64_0p5_0p02_0044_0010" 6094
"/Engine/EngineMaterials/Substrate/GLints/dict_16_192_64_0p5_0p02_0046_0009" 6095
"../../../Engine/Content/EngineMaterials/Substrate/GLints/dict_16_192_64_0p5_0p02_0046_0011.uasset" 6096
"../../../Engine/Content/EngineMaterials/Substrate/GLints/dict_16_192_64_0p5_0p02_0046_0010.uasset" 6097
"../../../Engine/Content/EngineMaterials/Substrate/GLints/dict_16_192_64_0p5_0p02_0046_0013.uasset" 6098
"../../../Engine/Content/EngineMaterials/Substrate/GLints/dict_16_192_64_0p5_0p02_0047_0003.uasset" 6099
"../../../Engine/Content/EngineMaterials/Substrate/GLints/dict_16_192_64_0p5_0p02_0047_0001.uasset" 6100
"../../../Engine/Content/EngineMaterials/Substrate/GLints/dict_16_192_64_0p5_0p02_0046_0015.uasset" 6101
"../../../Engine/Content/EngineMaterials/Substrate/GLints/dict_16_192_64_0p5_0p02_0046_0014.uasset" 6102
"../../../Engine/Content/EngineMaterials/Substrate/GLints/dict_16_192_64_0p5_0p02_0046_0012.uasset" 6103
"../../../Engine/Content/EngineMaterials/Substrate/GLints/dict_16_192_64_0p5_0p02_0047_0002.uasset" 6104
"../../../Engine/Content/EngineMaterials/Substrate/GLints/dict_16_192_64_0p5_0p02_0047_0000.uasset" 6105
"/Engine/EngineMaterials/Substrate/GLints/dict_16_192_64_0p5_0p02_0046_0008" 6106
"../../../Engine/Content/EngineMaterials/Substrate/GLints/dict_16_192_64_0p5_0p02_0047_0004.uasset" 6107
"../../../Engine/Content/EngineMaterials/Substrate/GLints/dict_16_192_64_0p5_0p02_0047_0005.uasset" 6108
"../../../Engine/Content/EngineMaterials/Substrate/GLints/dict_16_192_64_0p5_0p02_0047_0006.uasset" 6109
"../../../Engine/Content/EngineMaterials/Substrate/GLints/dict_16_192_64_0p5_0p02_0047_0007.uasset" 6110
"../../../Engine/Content/EngineMaterials/Substrate/GLints/dict_16_192_64_0p5_0p02_0047_0008.uasset" 6111
"../../../Engine/Content/EngineMaterials/Substrate/GLints/dict_16_192_64_0p5_0p02_0047_0009.uasset" 6112
"../../../Engine/Content/EngineMaterials/Substrate/GLints/dict_16_192_64_0p5_0p02_0047_0011.uasset" 6113
"../../../Engine/Content/EngineMaterials/Substrate/GLints/dict_16_192_64_0p5_0p02_0047_0010.uasset" 6114
"../../../Engine/Content/EngineMaterials/Substrate/GLints/dict_16_192_64_0p5_0p02_0047_0013.uasset" 6115
"../../../Engine/Content/EngineMaterials/Substrate/GLints/dict_16_192_64_0p5_0p02_0047_0012.uasset" 6116
"../../../Engine/Content/EngineMaterials/Substrate/GLints/dict_16_192_64_0p5_0p02_0047_0014.uasset" 6117
"../../../Engine/Content/EngineMaterials/Substrate/GLints/dict_16_192_64_0p5_0p02_0047_0015.uasset" 6118
"/Engine/EngineMaterials/Substrate/GLints/dict_16_192_64_0p5_0p02_0046_0007" 6119
"/Engine/EngineMaterials/Substrate/GLints/dict_16_192_64_0p5_0p02_0046_0006" 6120
"/Engine/EngineMaterials/Substrate/GLints/dict_16_192_64_0p5_0p02_0046_0005" 6121
"/Engine/EngineMaterials/Substrate/GLints/dict_16_192_64_0p5_0p02_0046_0004" 6122
"/Engine/EngineMaterials/Substrate/GLints/dict_16_192_64_0p5_0p02_0046_0003" 6123
"/Engine/EngineMaterials/Substrate/GLints/dict_16_192_64_0p5_0p02_0046_0002" 6124
"/Engine/EngineMaterials/Substrate/GLints/dict_16_192_64_0p5_0p02_0046_0001" 6125
"/Engine/EngineMaterials/Substrate/GLints/dict_16_192_64_0p5_0p02_0046_0000" 6126
"/Engine/EngineMaterials/Substrate/GLints/dict_16_192_64_0p5_0p02_0047_0015" 6127
"../../../Engine/Content/EngineMaterials/Substrate/GLints/dict_16_192_64_0p5_0p02_0048_0000.uasset" 6128
"../../../Engine/Content/EngineMaterials/Substrate/GLints/dict_16_192_64_0p5_0p02_0048_0001.uasset" 6129
"../../../Engine/Content/EngineMaterials/Substrate/GLints/dict_16_192_64_0p5_0p02_0048_0002.uasset" 6130
"../../../Engine/Content/EngineMaterials/Substrate/GLints/dict_16_192_64_0p5_0p02_0048_0003.uasset" 6131
"../../../Engine/Content/EngineMaterials/Substrate/GLints/dict_16_192_64_0p5_0p02_0048_0004.uasset" 6132
"../../../Engine/Content/EngineMaterials/Substrate/GLints/dict_16_192_64_0p5_0p02_0048_0006.uasset" 6133
"../../../Engine/Content/EngineMaterials/Substrate/GLints/dict_16_192_64_0p5_0p02_0048_0007.uasset" 6134
"../../../Engine/Content/EngineMaterials/Substrate/GLints/dict_16_192_64_0p5_0p02_0048_0009.uasset" 6135
"../../../Engine/Content/EngineMaterials/Substrate/GLints/dict_16_192_64_0p5_0p02_0048_0005.uasset" 6136
"../../../Engine/Content/EngineMaterials/Substrate/GLints/dict_16_192_64_0p5_0p02_0048_0008.uasset" 6137
"/Engine/EngineMaterials/Substrate/GLints/dict_16_192_64_0p5_0p02_0047_0014" 6138
"/Engine/EngineMaterials/Substrate/GLints/dict_16_192_64_0p5_0p02_0047_0013" 6139
"/Engine/EngineMaterials/Substrate/GLints/dict_16_192_64_0p5_0p02_0047_0012" 6140
"/Engine/EngineMaterials/Substrate/GLints/dict_16_192_64_0p5_0p02_0047_0011" 6141
"/Engine/EngineMaterials/Substrate/GLints/dict_16_192_64_0p5_0p02_0047_0010" 6142
"/Engine/EngineMaterials/Substrate/GLints/dict_16_192_64_0p5_0p02_0047_0009" 6143
"/Engine/EngineMaterials/Substrate/GLints/dict_16_192_64_0p5_0p02_0047_0008" 6144
"/Engine/EngineMaterials/Substrate/GLints/dict_16_192_64_0p5_0p02_0047_0007" 6145
"/Engine/EngineMaterials/Substrate/GLints/dict_16_192_64_0p5_0p02_0047_0006" 6146
"/Engine/EngineMaterials/Substrate/GLints/dict_16_192_64_0p5_0p02_0047_0005" 6147
"/Engine/EngineMaterials/Substrate/GLints/dict_16_192_64_0p5_0p02_0047_0004" 6148
"/Engine/EngineMaterials/Substrate/GLints/dict_16_192_64_0p5_0p02_0047_0003" 6149
"/Engine/EngineMaterials/Substrate/GLints/dict_16_192_64_0p5_0p02_0047_0002" 6150
"/Engine/EngineMaterials/Substrate/GLints/dict_16_192_64_0p5_0p02_0047_0001" 6151
"/Engine/EngineMaterials/Substrate/GLints/dict_16_192_64_0p5_0p02_0047_0000" 6152
"/Engine/EngineMaterials/Substrate/GLints/dict_16_192_64_0p5_0p02_0046_0015" 6153
"/Engine/EngineMaterials/Substrate/GLints/dict_16_192_64_0p5_0p02_0046_0014" 6154
"/Engine/EngineMaterials/Substrate/GLints/dict_16_192_64_0p5_0p02_0046_0013" 6155
"/Engine/EngineMaterials/Substrate/GLints/dict_16_192_64_0p5_0p02_0046_0012" 6156
"/Engine/EngineMaterials/Substrate/GLints/dict_16_192_64_0p5_0p02_0046_0011" 6157
"/Engine/EngineMaterials/Substrate/GLints/dict_16_192_64_0p5_0p02_0046_0010" 6158
"/Engine/EngineMaterials/Substrate/GLints/dict_16_192_64_0p5_0p02_0048_0009" 6159
"../../../Engine/Content/EngineMaterials/Substrate/GLints/dict_16_192_64_0p5_0p02_0048_0011.uasset" 6160
"../../../Engine/Content/EngineMaterials/Substrate/GLints/dict_16_192_64_0p5_0p02_0048_0010.uasset" 6161
"../../../Engine/Content/EngineMaterials/Substrate/GLints/dict_16_192_64_0p5_0p02_0048_0015.uasset" 6162
"../../../Engine/Content/EngineMaterials/Substrate/GLints/dict_16_192_64_0p5_0p02_0048_0014.uasset" 6163
"../../../Engine/Content/EngineMaterials/Substrate/GLints/dict_16_192_64_0p5_0p02_0049_0001.uasset" 6164
"../../../Engine/Content/EngineMaterials/Substrate/GLints/dict_16_192_64_0p5_0p02_0048_0013.uasset" 6165
"../../../Engine/Content/EngineMaterials/Substrate/GLints/dict_16_192_64_0p5_0p02_0049_0003.uasset" 6166
"../../../Engine/Content/EngineMaterials/Substrate/GLints/dict_16_192_64_0p5_0p02_0049_0002.uasset" 6167
"../../../Engine/Content/EngineMaterials/Substrate/GLints/dict_16_192_64_0p5_0p02_0049_0000.uasset" 6168
"../../../Engine/Content/EngineMaterials/Substrate/GLints/dict_16_192_64_0p5_0p02_0048_0012.uasset" 6169
"/Engine/EngineMaterials/Substrate/GLints/dict_16_192_64_0p5_0p02_0048_0008" 6170
"../../../Engine/Content/EngineMaterials/Substrate/GLints/dict_16_192_64_0p5_0p02_0049_0004.uasset" 6171
"../../../Engine/Content/EngineMaterials/Substrate/GLints/dict_16_192_64_0p5_0p02_0049_0005.uasset" 6172
"../../../Engine/Content/EngineMaterials/Substrate/GLints/dict_16_192_64_0p5_0p02_0049_0006.uasset" 6173
"../../../Engine/Content/EngineMaterials/Substrate/GLints/dict_16_192_64_0p5_0p02_0049_0007.uasset" 6174
"../../../Engine/Content/EngineMaterials/Substrate/GLints/dict_16_192_64_0p5_0p02_0049_0008.uasset" 6175
"../../../Engine/Content/EngineMaterials/Substrate/GLints/dict_16_192_64_0p5_0p02_0049_0009.uasset" 6176
"../../../Engine/Content/EngineMaterials/Substrate/GLints/dict_16_192_64_0p5_0p02_0049_0011.uasset" 6177
"../../../Engine/Content/EngineMaterials/Substrate/GLints/dict_16_192_64_0p5_0p02_0049_0010.uasset" 6178
"../../../Engine/Content/EngineMaterials/Substrate/GLints/dict_16_192_64_0p5_0p02_0049_0012.uasset" 6179
"../../../Engine/Content/EngineMaterials/Substrate/GLints/dict_16_192_64_0p5_0p02_0049_0013.uasset" 6180
"../../../Engine/Content/EngineMaterials/Substrate/GLints/dict_16_192_64_0p5_0p02_0049_0015.uasset" 6181
"../../../Engine/Content/EngineMaterials/Substrate/GLints/dict_16_192_64_0p5_0p02_0049_0014.uasset" 6182
"/Engine/EngineMaterials/Substrate/GLints/dict_16_192_64_0p5_0p02_0048_0007" 6183
"/Engine/EngineMaterials/Substrate/GLints/dict_16_192_64_0p5_0p02_0048_0006" 6184
"/Engine/EngineMaterials/Substrate/GLints/dict_16_192_64_0p5_0p02_0048_0005" 6185
"/Engine/EngineMaterials/Substrate/GLints/dict_16_192_64_0p5_0p02_0048_0004" 6186
"/Engine/EngineMaterials/Substrate/GLints/dict_16_192_64_0p5_0p02_0048_0003" 6187
"/Engine/EngineMaterials/Substrate/GLints/dict_16_192_64_0p5_0p02_0048_0002" 6188
"/Engine/EngineMaterials/Substrate/GLints/dict_16_192_64_0p5_0p02_0048_0001" 6189
"/Engine/EngineMaterials/Substrate/GLints/dict_16_192_64_0p5_0p02_0048_0000" 6190
"/Engine/EngineMaterials/Substrate/GLints/dict_16_192_64_0p5_0p02_0049_0015" 6191
"../../../Engine/Content/EngineMaterials/Substrate/GLints/dict_16_192_64_0p5_0p02_0050_0003.uasset" 6192
"../../../Engine/Content/EngineMaterials/Substrate/GLints/dict_16_192_64_0p5_0p02_0050_0001.uasset" 6193
"../../../Engine/Content/EngineMaterials/Substrate/GLints/dict_16_192_64_0p5_0p02_0050_0005.uasset" 6194
"../../../Engine/Content/EngineMaterials/Substrate/GLints/dict_16_192_64_0p5_0p02_0050_0006.uasset" 6195
"../../../Engine/Content/EngineMaterials/Substrate/GLints/dict_16_192_64_0p5_0p02_0050_0002.uasset" 6196
"../../../Engine/Content/EngineMaterials/Substrate/GLints/dict_16_192_64_0p5_0p02_0050_0000.uasset" 6197
"../../../Engine/Content/EngineMaterials/Substrate/GLints/dict_16_192_64_0p5_0p02_0050_0009.uasset" 6198
"../../../Engine/Content/EngineMaterials/Substrate/GLints/dict_16_192_64_0p5_0p02_0050_0004.uasset" 6199
"../../../Engine/Content/EngineMaterials/Substrate/GLints/dict_16_192_64_0p5_0p02_0050_0007.uasset" 6200
"../../../Engine/Content/EngineMaterials/Substrate/GLints/dict_16_192_64_0p5_0p02_0050_0008.uasset" 6201
"/Engine/EngineMaterials/Substrate/GLints/dict_16_192_64_0p5_0p02_0049_0014" 6202
"/Engine/EngineMaterials/Substrate/GLints/dict_16_192_64_0p5_0p02_0049_0013" 6203
"/Engine/EngineMaterials/Substrate/GLints/dict_16_192_64_0p5_0p02_0049_0012" 6204
"/Engine/EngineMaterials/Substrate/GLints/dict_16_192_64_0p5_0p02_0049_0011" 6205
"/Engine/EngineMaterials/Substrate/GLints/dict_16_192_64_0p5_0p02_0049_0010" 6206
"/Engine/EngineMaterials/Substrate/GLints/dict_16_192_64_0p5_0p02_0049_0009" 6207
"/Engine/EngineMaterials/Substrate/GLints/dict_16_192_64_0p5_0p02_0049_0008" 6208
"/Engine/EngineMaterials/Substrate/GLints/dict_16_192_64_0p5_0p02_0049_0007" 6209
"/Engine/EngineMaterials/Substrate/GLints/dict_16_192_64_0p5_0p02_0049_0006" 6210
"/Engine/EngineMaterials/Substrate/GLints/dict_16_192_64_0p5_0p02_0049_0005" 6211
"/Engine/EngineMaterials/Substrate/GLints/dict_16_192_64_0p5_0p02_0049_0004" 6212
"/Engine/EngineMaterials/Substrate/GLints/dict_16_192_64_0p5_0p02_0049_0003" 6213
"/Engine/EngineMaterials/Substrate/GLints/dict_16_192_64_0p5_0p02_0049_0002" 6214
"/Engine/EngineMaterials/Substrate/GLints/dict_16_192_64_0p5_0p02_0049_0001" 6215
"/Engine/EngineMaterials/Substrate/GLints/dict_16_192_64_0p5_0p02_0049_0000" 6216
"/Engine/EngineMaterials/Substrate/GLints/dict_16_192_64_0p5_0p02_0048_0015" 6217
"/Engine/EngineMaterials/Substrate/GLints/dict_16_192_64_0p5_0p02_0048_0014" 6218
"/Engine/EngineMaterials/Substrate/GLints/dict_16_192_64_0p5_0p02_0048_0013" 6219
"/Engine/EngineMaterials/Substrate/GLints/dict_16_192_64_0p5_0p02_0048_0012" 6220
"/Engine/EngineMaterials/Substrate/GLints/dict_16_192_64_0p5_0p02_0048_0011" 6221
"/Engine/EngineMaterials/Substrate/GLints/dict_16_192_64_0p5_0p02_0048_0010" 6222
"/Engine/EngineMaterials/Substrate/GLints/dict_16_192_64_0p5_0p02_0050_0009" 6223
"../../../Engine/Content/EngineMaterials/Substrate/GLints/dict_16_192_64_0p5_0p02_0050_0010.uasset" 6224
"../../../Engine/Content/EngineMaterials/Substrate/GLints/dict_16_192_64_0p5_0p02_0050_0012.uasset" 6225
"../../../Engine/Content/EngineMaterials/Substrate/GLints/dict_16_192_64_0p5_0p02_0050_0014.uasset" 6226
"../../../Engine/Content/EngineMaterials/Substrate/GLints/dict_16_192_64_0p5_0p02_0051_0000.uasset" 6227
"../../../Engine/Content/EngineMaterials/Substrate/GLints/dict_16_192_64_0p5_0p02_0050_0013.uasset" 6228
"../../../Engine/Content/EngineMaterials/Substrate/GLints/dict_16_192_64_0p5_0p02_0051_0001.uasset" 6229
"../../../Engine/Content/EngineMaterials/Substrate/GLints/dict_16_192_64_0p5_0p02_0050_0011.uasset" 6230
"../../../Engine/Content/EngineMaterials/Substrate/GLints/dict_16_192_64_0p5_0p02_0051_0002.uasset" 6231
"../../../Engine/Content/EngineMaterials/Substrate/GLints/dict_16_192_64_0p5_0p02_0050_0015.uasset" 6232
"../../../Engine/Content/EngineMaterials/Substrate/GLints/dict_16_192_64_0p5_0p02_0051_0003.uasset" 6233
"/Engine/EngineMaterials/Substrate/GLints/dict_16_192_64_0p5_0p02_0050_0008" 6234
"../../../Engine/Content/EngineMaterials/Substrate/GLints/dict_16_192_64_0p5_0p02_0051_0004.uasset" 6235
"../../../Engine/Content/EngineMaterials/Substrate/GLints/dict_16_192_64_0p5_0p02_0051_0005.uasset" 6236
"../../../Engine/Content/EngineMaterials/Substrate/GLints/dict_16_192_64_0p5_0p02_0051_0006.uasset" 6237
"../../../Engine/Content/EngineMaterials/Substrate/GLints/dict_16_192_64_0p5_0p02_0051_0007.uasset" 6238
"../../../Engine/Content/EngineMaterials/Substrate/GLints/dict_16_192_64_0p5_0p02_0051_0009.uasset" 6239
"../../../Engine/Content/EngineMaterials/Substrate/GLints/dict_16_192_64_0p5_0p02_0051_0010.uasset" 6240
"../../../Engine/Content/EngineMaterials/Substrate/GLints/dict_16_192_64_0p5_0p02_0051_0008.uasset" 6241
"../../../Engine/Content/EngineMaterials/Substrate/GLints/dict_16_192_64_0p5_0p02_0051_0012.uasset" 6242
"../../../Engine/Content/EngineMaterials/Substrate/GLints/dict_16_192_64_0p5_0p02_0051_0011.uasset" 6243
"../../../Engine/Content/EngineMaterials/Substrate/GLints/dict_16_192_64_0p5_0p02_0051_0013.uasset" 6244
"../../../Engine/Content/EngineMaterials/Substrate/GLints/dict_16_192_64_0p5_0p02_0051_0015.uasset" 6245
"../../../Engine/Content/EngineMaterials/Substrate/GLints/dict_16_192_64_0p5_0p02_0051_0014.uasset" 6246
"/Engine/EngineMaterials/Substrate/GLints/dict_16_192_64_0p5_0p02_0050_0007" 6247
"/Engine/EngineMaterials/Substrate/GLints/dict_16_192_64_0p5_0p02_0050_0006" 6248
"/Engine/EngineMaterials/Substrate/GLints/dict_16_192_64_0p5_0p02_0050_0005" 6249
"/Engine/EngineMaterials/Substrate/GLints/dict_16_192_64_0p5_0p02_0050_0004" 6250
"/Engine/EngineMaterials/Substrate/GLints/dict_16_192_64_0p5_0p02_0050_0003" 6251
"/Engine/EngineMaterials/Substrate/GLints/dict_16_192_64_0p5_0p02_0050_0002" 6252
"/Engine/EngineMaterials/Substrate/GLints/dict_16_192_64_0p5_0p02_0050_0001" 6253
"/Engine/EngineMaterials/Substrate/GLints/dict_16_192_64_0p5_0p02_0050_0000" 6254
"/Engine/EngineMaterials/Substrate/GLints/dict_16_192_64_0p5_0p02_0051_0015" 6255
"../../../Engine/Content/EngineMaterials/Substrate/GLints/dict_16_192_64_0p5_0p02_0052_0000.uasset" 6256
"../../../Engine/Content/EngineMaterials/Substrate/GLints/dict_16_192_64_0p5_0p02_0052_0002.uasset" 6257
"../../../Engine/Content/EngineMaterials/Substrate/GLints/dict_16_192_64_0p5_0p02_0052_0001.uasset" 6258
"../../../Engine/Content/EngineMaterials/Substrate/GLints/dict_16_192_64_0p5_0p02_0052_0003.uasset" 6259
"../../../Engine/Content/EngineMaterials/Substrate/GLints/dict_16_192_64_0p5_0p02_0052_0004.uasset" 6260
"../../../Engine/Content/EngineMaterials/Substrate/GLints/dict_16_192_64_0p5_0p02_0052_0005.uasset" 6261
"../../../Engine/Content/EngineMaterials/Substrate/GLints/dict_16_192_64_0p5_0p02_0052_0008.uasset" 6262
"../../../Engine/Content/EngineMaterials/Substrate/GLints/dict_16_192_64_0p5_0p02_0052_0009.uasset" 6263
"../../../Engine/Content/EngineMaterials/Substrate/GLints/dict_16_192_64_0p5_0p02_0052_0007.uasset" 6264
"../../../Engine/Content/EngineMaterials/Substrate/GLints/dict_16_192_64_0p5_0p02_0052_0006.uasset" 6265
"/Engine/EngineMaterials/Substrate/GLints/dict_16_192_64_0p5_0p02_0051_0014" 6266
"/Engine/EngineMaterials/Substrate/GLints/dict_16_192_64_0p5_0p02_0051_0013" 6267
"/Engine/EngineMaterials/Substrate/GLints/dict_16_192_64_0p5_0p02_0051_0012" 6268
"/Engine/EngineMaterials/Substrate/GLints/dict_16_192_64_0p5_0p02_0051_0011" 6269
"/Engine/EngineMaterials/Substrate/GLints/dict_16_192_64_0p5_0p02_0051_0010" 6270
"/Engine/EngineMaterials/Substrate/GLints/dict_16_192_64_0p5_0p02_0051_0009" 6271
"/Engine/EngineMaterials/Substrate/GLints/dict_16_192_64_0p5_0p02_0051_0008" 6272
"/Engine/EngineMaterials/Substrate/GLints/dict_16_192_64_0p5_0p02_0051_0007" 6273
"/Engine/EngineMaterials/Substrate/GLints/dict_16_192_64_0p5_0p02_0051_0006" 6274
"/Engine/EngineMaterials/Substrate/GLints/dict_16_192_64_0p5_0p02_0051_0005" 6275
"/Engine/EngineMaterials/Substrate/GLints/dict_16_192_64_0p5_0p02_0051_0004" 6276
"/Engine/EngineMaterials/Substrate/GLints/dict_16_192_64_0p5_0p02_0051_0003" 6277
"/Engine/EngineMaterials/Substrate/GLints/dict_16_192_64_0p5_0p02_0051_0002" 6278
"/Engine/EngineMaterials/Substrate/GLints/dict_16_192_64_0p5_0p02_0051_0001" 6279
"/Engine/EngineMaterials/Substrate/GLints/dict_16_192_64_0p5_0p02_0051_0000" 6280
"/Engine/EngineMaterials/Substrate/GLints/dict_16_192_64_0p5_0p02_0050_0015" 6281
"/Engine/EngineMaterials/Substrate/GLints/dict_16_192_64_0p5_0p02_0050_0014" 6282
"/Engine/EngineMaterials/Substrate/GLints/dict_16_192_64_0p5_0p02_0050_0013" 6283
"/Engine/EngineMaterials/Substrate/GLints/dict_16_192_64_0p5_0p02_0050_0012" 6284
"/Engine/EngineMaterials/Substrate/GLints/dict_16_192_64_0p5_0p02_0050_0011" 6285
"/Engine/EngineMaterials/Substrate/GLints/dict_16_192_64_0p5_0p02_0050_0010" 6286
"/Engine/EngineMaterials/Substrate/GLints/dict_16_192_64_0p5_0p02_0052_0009" 6287
"../../../Engine/Content/EngineMaterials/Substrate/GLints/dict_16_192_64_0p5_0p02_0052_0013.uasset" 6288
"../../../Engine/Content/EngineMaterials/Substrate/GLints/dict_16_192_64_0p5_0p02_0053_0003.uasset" 6289
"../../../Engine/Content/EngineMaterials/Substrate/GLints/dict_16_192_64_0p5_0p02_0052_0010.uasset" 6290
"../../../Engine/Content/EngineMaterials/Substrate/GLints/dict_16_192_64_0p5_0p02_0052_0015.uasset" 6291
"../../../Engine/Content/EngineMaterials/Substrate/GLints/dict_16_192_64_0p5_0p02_0052_0012.uasset" 6292
"../../../Engine/Content/EngineMaterials/Substrate/GLints/dict_16_192_64_0p5_0p02_0053_0001.uasset" 6293
"../../../Engine/Content/EngineMaterials/Substrate/GLints/dict_16_192_64_0p5_0p02_0053_0000.uasset" 6294
"../../../Engine/Content/EngineMaterials/Substrate/GLints/dict_16_192_64_0p5_0p02_0053_0002.uasset" 6295
"../../../Engine/Content/EngineMaterials/Substrate/GLints/dict_16_192_64_0p5_0p02_0052_0011.uasset" 6296
"../../../Engine/Content/EngineMaterials/Substrate/GLints/dict_16_192_64_0p5_0p02_0052_0014.uasset" 6297
"../../../Engine/Content/EngineMaterials/Substrate/GLints/dict_16_192_64_0p5_0p02_0053_0005.uasset" 6298
"/Engine/EngineMaterials/Substrate/GLints/dict_16_192_64_0p5_0p02_0052_0008" 6299
"../../../Engine/Content/EngineMaterials/Substrate/GLints/dict_16_192_64_0p5_0p02_0053_0004.uasset" 6300
"../../../Engine/Content/EngineMaterials/Substrate/GLints/dict_16_192_64_0p5_0p02_0053_0008.uasset" 6301
"../../../Engine/Content/EngineMaterials/Substrate/GLints/dict_16_192_64_0p5_0p02_0053_0006.uasset" 6302
"../../../Engine/Content/EngineMaterials/Substrate/GLints/dict_16_192_64_0p5_0p02_0053_0009.uasset" 6303
"../../../Engine/Content/EngineMaterials/Substrate/GLints/dict_16_192_64_0p5_0p02_0053_0007.uasset" 6304
"../../../Engine/Content/EngineMaterials/Substrate/GLints/dict_16_192_64_0p5_0p02_0053_0010.uasset" 6305
"../../../Engine/Content/EngineMaterials/Substrate/GLints/dict_16_192_64_0p5_0p02_0053_0012.uasset" 6306
"../../../Engine/Content/EngineMaterials/Substrate/GLints/dict_16_192_64_0p5_0p02_0053_0014.uasset" 6307
"../../../Engine/Content/EngineMaterials/Substrate/GLints/dict_16_192_64_0p5_0p02_0053_0015.uasset" 6308
"../../../Engine/Content/EngineMaterials/Substrate/GLints/dict_16_192_64_0p5_0p02_0053_0011.uasset" 6309
"../../../Engine/Content/EngineMaterials/Substrate/GLints/dict_16_192_64_0p5_0p02_0053_0013.uasset" 6310
"/Engine/EngineMaterials/Substrate/GLints/dict_16_192_64_0p5_0p02_0052_0007" 6311
"/Engine/EngineMaterials/Substrate/GLints/dict_16_192_64_0p5_0p02_0052_0006" 6312
"/Engine/EngineMaterials/Substrate/GLints/dict_16_192_64_0p5_0p02_0052_0005" 6313
"/Engine/EngineMaterials/Substrate/GLints/dict_16_192_64_0p5_0p02_0052_0004" 6314
"/Engine/EngineMaterials/Substrate/GLints/dict_16_192_64_0p5_0p02_0052_0003" 6315
"/Engine/EngineMaterials/Substrate/GLints/dict_16_192_64_0p5_0p02_0052_0002" 6316
"/Engine/EngineMaterials/Substrate/GLints/dict_16_192_64_0p5_0p02_0052_0001" 6317
"/Engine/EngineMaterials/Substrate/GLints/dict_16_192_64_0p5_0p02_0052_0000" 6318
"/Engine/EngineMaterials/Substrate/GLints/dict_16_192_64_0p5_0p02_0053_0015" 6319
"../../../Engine/Content/EngineMaterials/Substrate/GLints/dict_16_192_64_0p5_0p02_0054_0001.uasset" 6320
"../../../Engine/Content/EngineMaterials/Substrate/GLints/dict_16_192_64_0p5_0p02_0054_0005.uasset" 6321
"../../../Engine/Content/EngineMaterials/Substrate/GLints/dict_16_192_64_0p5_0p02_0054_0007.uasset" 6322
"../../../Engine/Content/EngineMaterials/Substrate/GLints/dict_16_192_64_0p5_0p02_0054_0009.uasset" 6323
"../../../Engine/Content/EngineMaterials/Substrate/GLints/dict_16_192_64_0p5_0p02_0054_0004.uasset" 6324
"../../../Engine/Content/EngineMaterials/Substrate/GLints/dict_16_192_64_0p5_0p02_0054_0002.uasset" 6325
"../../../Engine/Content/EngineMaterials/Substrate/GLints/dict_16_192_64_0p5_0p02_0054_0006.uasset" 6326
"../../../Engine/Content/EngineMaterials/Substrate/GLints/dict_16_192_64_0p5_0p02_0054_0003.uasset" 6327
"../../../Engine/Content/EngineMaterials/Substrate/GLints/dict_16_192_64_0p5_0p02_0054_0008.uasset" 6328
"../../../Engine/Content/EngineMaterials/Substrate/GLints/dict_16_192_64_0p5_0p02_0054_0000.uasset" 6329
"/Engine/EngineMaterials/Substrate/GLints/dict_16_192_64_0p5_0p02_0053_0014" 6330
"/Engine/EngineMaterials/Substrate/GLints/dict_16_192_64_0p5_0p02_0053_0013" 6331
"/Engine/EngineMaterials/Substrate/GLints/dict_16_192_64_0p5_0p02_0053_0012" 6332
"/Engine/EngineMaterials/Substrate/GLints/dict_16_192_64_0p5_0p02_0053_0011" 6333
"/Engine/EngineMaterials/Substrate/GLints/dict_16_192_64_0p5_0p02_0053_0010" 6334
"/Engine/EngineMaterials/Substrate/GLints/dict_16_192_64_0p5_0p02_0053_0009" 6335
"/Engine/EngineMaterials/Substrate/GLints/dict_16_192_64_0p5_0p02_0053_0008" 6336
"/Engine/EngineMaterials/Substrate/GLints/dict_16_192_64_0p5_0p02_0053_0007" 6337
"/Engine/EngineMaterials/Substrate/GLints/dict_16_192_64_0p5_0p02_0053_0006" 6338
"/Engine/EngineMaterials/Substrate/GLints/dict_16_192_64_0p5_0p02_0053_0005" 6339
"/Engine/EngineMaterials/Substrate/GLints/dict_16_192_64_0p5_0p02_0053_0004" 6340
"/Engine/EngineMaterials/Substrate/GLints/dict_16_192_64_0p5_0p02_0053_0003" 6341
"/Engine/EngineMaterials/Substrate/GLints/dict_16_192_64_0p5_0p02_0053_0002" 6342
"/Engine/EngineMaterials/Substrate/GLints/dict_16_192_64_0p5_0p02_0053_0001" 6343
"/Engine/EngineMaterials/Substrate/GLints/dict_16_192_64_0p5_0p02_0053_0000" 6344
"/Engine/EngineMaterials/Substrate/GLints/dict_16_192_64_0p5_0p02_0052_0015" 6345
"/Engine/EngineMaterials/Substrate/GLints/dict_16_192_64_0p5_0p02_0052_0014" 6346
"/Engine/EngineMaterials/Substrate/GLints/dict_16_192_64_0p5_0p02_0052_0013" 6347
"/Engine/EngineMaterials/Substrate/GLints/dict_16_192_64_0p5_0p02_0052_0012" 6348
"/Engine/EngineMaterials/Substrate/GLints/dict_16_192_64_0p5_0p02_0052_0011" 6349
"/Engine/EngineMaterials/Substrate/GLints/dict_16_192_64_0p5_0p02_0052_0010" 6350
"/Engine/EngineMaterials/Substrate/GLints/dict_16_192_64_0p5_0p02_0054_0009" 6351
"../../../Engine/Content/EngineMaterials/Substrate/GLints/dict_16_192_64_0p5_0p02_0054_0010.uasset" 6352
"../../../Engine/Content/EngineMaterials/Substrate/GLints/dict_16_192_64_0p5_0p02_0054_0013.uasset" 6353
"../../../Engine/Content/EngineMaterials/Substrate/GLints/dict_16_192_64_0p5_0p02_0054_0012.uasset" 6354
"../../../Engine/Content/EngineMaterials/Substrate/GLints/dict_16_192_64_0p5_0p02_0054_0011.uasset" 6355
"../../../Engine/Content/EngineMaterials/Substrate/GLints/dict_16_192_64_0p5_0p02_0055_0001.uasset" 6356
"../../../Engine/Content/EngineMaterials/Substrate/GLints/dict_16_192_64_0p5_0p02_0055_0002.uasset" 6357
"../../../Engine/Content/EngineMaterials/Substrate/GLints/dict_16_192_64_0p5_0p02_0055_0000.uasset" 6358
"../../../Engine/Content/EngineMaterials/Substrate/GLints/dict_16_192_64_0p5_0p02_0054_0014.uasset" 6359
"../../../Engine/Content/EngineMaterials/Substrate/GLints/dict_16_192_64_0p5_0p02_0055_0003.uasset" 6360
"../../../Engine/Content/EngineMaterials/Substrate/GLints/dict_16_192_64_0p5_0p02_0054_0015.uasset" 6361
"../../../Engine/Content/EngineMaterials/Substrate/GLints/dict_16_192_64_0p5_0p02_0055_0004.uasset" 6362
"../../../Engine/Content/EngineMaterials/Substrate/GLints/dict_16_192_64_0p5_0p02_0055_0005.uasset" 6363
"../../../Engine/Content/EngineMaterials/Substrate/GLints/dict_16_192_64_0p5_0p02_0055_0006.uasset" 6364
"/Engine/EngineMaterials/Substrate/GLints/dict_16_192_64_0p5_0p02_0054_0008" 6365
"../../../Engine/Content/EngineMaterials/Substrate/GLints/dict_16_192_64_0p5_0p02_0055_0007.uasset" 6366
"../../../Engine/Content/EngineMaterials/Substrate/GLints/dict_16_192_64_0p5_0p02_0055_0008.uasset" 6367
"../../../Engine/Content/EngineMaterials/Substrate/GLints/dict_16_192_64_0p5_0p02_0055_0009.uasset" 6368
"../../../Engine/Content/EngineMaterials/Substrate/GLints/dict_16_192_64_0p5_0p02_0055_0010.uasset" 6369
"../../../Engine/Content/EngineMaterials/Substrate/GLints/dict_16_192_64_0p5_0p02_0055_0011.uasset" 6370
"../../../Engine/Content/EngineMaterials/Substrate/GLints/dict_16_192_64_0p5_0p02_0055_0012.uasset" 6371
"../../../Engine/Content/EngineMaterials/Substrate/GLints/dict_16_192_64_0p5_0p02_0055_0014.uasset" 6372
"../../../Engine/Content/EngineMaterials/Substrate/GLints/dict_16_192_64_0p5_0p02_0055_0013.uasset" 6373
"../../../Engine/Content/EngineMaterials/Substrate/GLints/dict_16_192_64_0p5_0p02_0055_0015.uasset" 6374
"/Engine/EngineMaterials/Substrate/GLints/dict_16_192_64_0p5_0p02_0054_0007" 6375
"/Engine/EngineMaterials/Substrate/GLints/dict_16_192_64_0p5_0p02_0054_0006" 6376
"/Engine/EngineMaterials/Substrate/GLints/dict_16_192_64_0p5_0p02_0054_0005" 6377
"/Engine/EngineMaterials/Substrate/GLints/dict_16_192_64_0p5_0p02_0054_0004" 6378
"/Engine/EngineMaterials/Substrate/GLints/dict_16_192_64_0p5_0p02_0054_0003" 6379
"/Engine/EngineMaterials/Substrate/GLints/dict_16_192_64_0p5_0p02_0054_0002" 6380
"/Engine/EngineMaterials/Substrate/GLints/dict_16_192_64_0p5_0p02_0054_0001" 6381
"/Engine/EngineMaterials/Substrate/GLints/dict_16_192_64_0p5_0p02_0054_0000" 6382
"/Engine/EngineMaterials/Substrate/GLints/dict_16_192_64_0p5_0p02_0055_0015" 6383
"../../../Engine/Content/EngineMaterials/Substrate/GLints/dict_16_192_64_0p5_0p02_0056_0001.uasset" 6384
"../../../Engine/Content/EngineMaterials/Substrate/GLints/dict_16_192_64_0p5_0p02_0056_0000.uasset" 6385
"../../../Engine/Content/EngineMaterials/Substrate/GLints/dict_16_192_64_0p5_0p02_0056_0003.uasset" 6386
"../../../Engine/Content/EngineMaterials/Substrate/GLints/dict_16_192_64_0p5_0p02_0056_0004.uasset" 6387
"../../../Engine/Content/EngineMaterials/Substrate/GLints/dict_16_192_64_0p5_0p02_0056_0002.uasset" 6388
"../../../Engine/Content/EngineMaterials/Substrate/GLints/dict_16_192_64_0p5_0p02_0056_0006.uasset" 6389
"../../../Engine/Content/EngineMaterials/Substrate/GLints/dict_16_192_64_0p5_0p02_0056_0008.uasset" 6390
"../../../Engine/Content/EngineMaterials/Substrate/GLints/dict_16_192_64_0p5_0p02_0056_0009.uasset" 6391
"../../../Engine/Content/EngineMaterials/Substrate/GLints/dict_16_192_64_0p5_0p02_0056_0005.uasset" 6392
"../../../Engine/Content/EngineMaterials/Substrate/GLints/dict_16_192_64_0p5_0p02_0056_0007.uasset" 6393
"/Engine/EngineMaterials/Substrate/GLints/dict_16_192_64_0p5_0p02_0055_0014" 6394
"/Engine/EngineMaterials/Substrate/GLints/dict_16_192_64_0p5_0p02_0055_0013" 6395
"/Engine/EngineMaterials/Substrate/GLints/dict_16_192_64_0p5_0p02_0055_0012" 6396
"/Engine/EngineMaterials/Substrate/GLints/dict_16_192_64_0p5_0p02_0055_0011" 6397
"/Engine/EngineMaterials/Substrate/GLints/dict_16_192_64_0p5_0p02_0055_0010" 6398
"/Engine/EngineMaterials/Substrate/GLints/dict_16_192_64_0p5_0p02_0055_0009" 6399
"/Engine/EngineMaterials/Substrate/GLints/dict_16_192_64_0p5_0p02_0055_0008" 6400
"/Engine/EngineMaterials/Substrate/GLints/dict_16_192_64_0p5_0p02_0055_0007" 6401
"/Engine/EngineMaterials/Substrate/GLints/dict_16_192_64_0p5_0p02_0055_0006" 6402
"/Engine/EngineMaterials/Substrate/GLints/dict_16_192_64_0p5_0p02_0055_0005" 6403
"/Engine/EngineMaterials/Substrate/GLints/dict_16_192_64_0p5_0p02_0055_0004" 6404
"/Engine/EngineMaterials/Substrate/GLints/dict_16_192_64_0p5_0p02_0055_0003" 6405
"/Engine/EngineMaterials/Substrate/GLints/dict_16_192_64_0p5_0p02_0055_0002" 6406
"/Engine/EngineMaterials/Substrate/GLints/dict_16_192_64_0p5_0p02_0055_0001" 6407
"/Engine/EngineMaterials/Substrate/GLints/dict_16_192_64_0p5_0p02_0055_0000" 6408
"/Engine/EngineMaterials/Substrate/GLints/dict_16_192_64_0p5_0p02_0054_0015" 6409
"/Engine/EngineMaterials/Substrate/GLints/dict_16_192_64_0p5_0p02_0054_0014" 6410
"/Engine/EngineMaterials/Substrate/GLints/dict_16_192_64_0p5_0p02_0054_0013" 6411
"/Engine/EngineMaterials/Substrate/GLints/dict_16_192_64_0p5_0p02_0054_0012" 6412
"/Engine/EngineMaterials/Substrate/GLints/dict_16_192_64_0p5_0p02_0054_0011" 6413
"/Engine/EngineMaterials/Substrate/GLints/dict_16_192_64_0p5_0p02_0054_0010" 6414
"/Engine/EngineMaterials/Substrate/GLints/dict_16_192_64_0p5_0p02_0056_0009" 6415
"../../../Engine/Content/EngineMaterials/Substrate/GLints/dict_16_192_64_0p5_0p02_0056_0013.uasset" 6416
"../../../Engine/Content/EngineMaterials/Substrate/GLints/dict_16_192_64_0p5_0p02_0056_0011.uasset" 6417
"../../../Engine/Content/EngineMaterials/Substrate/GLints/dict_16_192_64_0p5_0p02_0057_0001.uasset" 6418
"../../../Engine/Content/EngineMaterials/Substrate/GLints/dict_16_192_64_0p5_0p02_0056_0015.uasset" 6419
"../../../Engine/Content/EngineMaterials/Substrate/GLints/dict_16_192_64_0p5_0p02_0057_0000.uasset" 6420
"../../../Engine/Content/EngineMaterials/Substrate/GLints/dict_16_192_64_0p5_0p02_0056_0014.uasset" 6421
"../../../Engine/Content/EngineMaterials/Substrate/GLints/dict_16_192_64_0p5_0p02_0056_0012.uasset" 6422
"../../../Engine/Content/EngineMaterials/Substrate/GLints/dict_16_192_64_0p5_0p02_0057_0003.uasset" 6423
"../../../Engine/Content/EngineMaterials/Substrate/GLints/dict_16_192_64_0p5_0p02_0056_0010.uasset" 6424
"../../../Engine/Content/EngineMaterials/Substrate/GLints/dict_16_192_64_0p5_0p02_0057_0002.uasset" 6425
"/Engine/EngineMaterials/Substrate/GLints/dict_16_192_64_0p5_0p02_0056_0008" 6426
"../../../Engine/Content/EngineMaterials/Substrate/GLints/dict_16_192_64_0p5_0p02_0057_0004.uasset" 6427
"../../../Engine/Content/EngineMaterials/Substrate/GLints/dict_16_192_64_0p5_0p02_0057_0005.uasset" 6428
"../../../Engine/Content/EngineMaterials/Substrate/GLints/dict_16_192_64_0p5_0p02_0057_0007.uasset" 6429
"../../../Engine/Content/EngineMaterials/Substrate/GLints/dict_16_192_64_0p5_0p02_0057_0006.uasset" 6430
"../../../Engine/Content/EngineMaterials/Substrate/GLints/dict_16_192_64_0p5_0p02_0057_0008.uasset" 6431
"../../../Engine/Content/EngineMaterials/Substrate/GLints/dict_16_192_64_0p5_0p02_0057_0009.uasset" 6432
"../../../Engine/Content/EngineMaterials/Substrate/GLints/dict_16_192_64_0p5_0p02_0057_0010.uasset" 6433
"../../../Engine/Content/EngineMaterials/Substrate/GLints/dict_16_192_64_0p5_0p02_0057_0011.uasset" 6434
"../../../Engine/Content/EngineMaterials/Substrate/GLints/dict_16_192_64_0p5_0p02_0057_0013.uasset" 6435
"../../../Engine/Content/EngineMaterials/Substrate/GLints/dict_16_192_64_0p5_0p02_0057_0015.uasset" 6436
"../../../Engine/Content/EngineMaterials/Substrate/GLints/dict_16_192_64_0p5_0p02_0057_0014.uasset" 6437
"../../../Engine/Content/EngineMaterials/Substrate/GLints/dict_16_192_64_0p5_0p02_0057_0012.uasset" 6438
"/Engine/EngineMaterials/Substrate/GLints/dict_16_192_64_0p5_0p02_0056_0007" 6439
"/Engine/EngineMaterials/Substrate/GLints/dict_16_192_64_0p5_0p02_0056_0006" 6440
"/Engine/EngineMaterials/Substrate/GLints/dict_16_192_64_0p5_0p02_0056_0005" 6441
"/Engine/EngineMaterials/Substrate/GLints/dict_16_192_64_0p5_0p02_0056_0004" 6442
"/Engine/EngineMaterials/Substrate/GLints/dict_16_192_64_0p5_0p02_0056_0003" 6443
"/Engine/EngineMaterials/Substrate/GLints/dict_16_192_64_0p5_0p02_0056_0002" 6444
"/Engine/EngineMaterials/Substrate/GLints/dict_16_192_64_0p5_0p02_0056_0001" 6445
"/Engine/EngineMaterials/Substrate/GLints/dict_16_192_64_0p5_0p02_0056_0000" 6446
"/Engine/EngineMaterials/Substrate/GLints/dict_16_192_64_0p5_0p02_0057_0015" 6447
"../../../Engine/Content/EngineMaterials/Substrate/GLints/dict_16_192_64_0p5_0p02_0058_0002.uasset" 6448
"../../../Engine/Content/EngineMaterials/Substrate/GLints/dict_16_192_64_0p5_0p02_0058_0004.uasset" 6449
"../../../Engine/Content/EngineMaterials/Substrate/GLints/dict_16_192_64_0p5_0p02_0058_0000.uasset" 6450
"../../../Engine/Content/EngineMaterials/Substrate/GLints/dict_16_192_64_0p5_0p02_0058_0009.uasset" 6451
"../../../Engine/Content/EngineMaterials/Substrate/GLints/dict_16_192_64_0p5_0p02_0058_0005.uasset" 6452
"../../../Engine/Content/EngineMaterials/Substrate/GLints/dict_16_192_64_0p5_0p02_0058_0006.uasset" 6453
"../../../Engine/Content/EngineMaterials/Substrate/GLints/dict_16_192_64_0p5_0p02_0058_0001.uasset" 6454
"../../../Engine/Content/EngineMaterials/Substrate/GLints/dict_16_192_64_0p5_0p02_0058_0008.uasset" 6455
"../../../Engine/Content/EngineMaterials/Substrate/GLints/dict_16_192_64_0p5_0p02_0058_0007.uasset" 6456
"../../../Engine/Content/EngineMaterials/Substrate/GLints/dict_16_192_64_0p5_0p02_0058_0003.uasset" 6457
"/Engine/EngineMaterials/Substrate/GLints/dict_16_192_64_0p5_0p02_0057_0014" 6458
"/Engine/EngineMaterials/Substrate/GLints/dict_16_192_64_0p5_0p02_0057_0013" 6459
"/Engine/EngineMaterials/Substrate/GLints/dict_16_192_64_0p5_0p02_0057_0012" 6460
"/Engine/EngineMaterials/Substrate/GLints/dict_16_192_64_0p5_0p02_0057_0011" 6461
"/Engine/EngineMaterials/Substrate/GLints/dict_16_192_64_0p5_0p02_0057_0010" 6462
"/Engine/EngineMaterials/Substrate/GLints/dict_16_192_64_0p5_0p02_0057_0009" 6463
"/Engine/EngineMaterials/Substrate/GLints/dict_16_192_64_0p5_0p02_0057_0008" 6464
"/Engine/EngineMaterials/Substrate/GLints/dict_16_192_64_0p5_0p02_0057_0007" 6465
"/Engine/EngineMaterials/Substrate/GLints/dict_16_192_64_0p5_0p02_0057_0006" 6466
"/Engine/EngineMaterials/Substrate/GLints/dict_16_192_64_0p5_0p02_0057_0005" 6467
"/Engine/EngineMaterials/Substrate/GLints/dict_16_192_64_0p5_0p02_0057_0004" 6468
"/Engine/EngineMaterials/Substrate/GLints/dict_16_192_64_0p5_0p02_0057_0003" 6469
"/Engine/EngineMaterials/Substrate/GLints/dict_16_192_64_0p5_0p02_0057_0002" 6470
"/Engine/EngineMaterials/Substrate/GLints/dict_16_192_64_0p5_0p02_0057_0001" 6471
"/Engine/EngineMaterials/Substrate/GLints/dict_16_192_64_0p5_0p02_0057_0000" 6472
"/Engine/EngineMaterials/Substrate/GLints/dict_16_192_64_0p5_0p02_0056_0015" 6473
"/Engine/EngineMaterials/Substrate/GLints/dict_16_192_64_0p5_0p02_0056_0014" 6474
"/Engine/EngineMaterials/Substrate/GLints/dict_16_192_64_0p5_0p02_0056_0013" 6475
"/Engine/EngineMaterials/Substrate/GLints/dict_16_192_64_0p5_0p02_0056_0012" 6476
"/Engine/EngineMaterials/Substrate/GLints/dict_16_192_64_0p5_0p02_0056_0011" 6477
"/Engine/EngineMaterials/Substrate/GLints/dict_16_192_64_0p5_0p02_0056_0010" 6478
"../../../Engine/Content/EngineMaterials/Substrate/GLints/dict_16_192_64_0p5_0p02_0058_0014.uasset" 6479
"../../../Engine/Content/EngineMaterials/Substrate/GLints/dict_16_192_64_0p5_0p02_0058_0011.uasset" 6480
"/Engine/EngineMaterials/Substrate/GLints/dict_16_192_64_0p5_0p02_0058_0009" 6481
"../../../Engine/Content/EngineMaterials/Substrate/GLints/dict_16_192_64_0p5_0p02_0058_0012.uasset" 6482
"../../../Engine/Content/EngineMaterials/Substrate/GLints/dict_16_192_64_0p5_0p02_0058_0010.uasset" 6483
"../../../Engine/Content/EngineMaterials/Substrate/GLints/dict_16_192_64_0p5_0p02_0059_0001.uasset" 6484
"../../../Engine/Content/EngineMaterials/Substrate/GLints/dict_16_192_64_0p5_0p02_0058_0015.uasset" 6485
"../../../Engine/Content/EngineMaterials/Substrate/GLints/dict_16_192_64_0p5_0p02_0058_0013.uasset" 6486
"../../../Engine/Content/EngineMaterials/Substrate/GLints/dict_16_192_64_0p5_0p02_0059_0003.uasset" 6487
"../../../Engine/Content/EngineMaterials/Substrate/GLints/dict_16_192_64_0p5_0p02_0059_0002.uasset" 6488
"../../../Engine/Content/EngineMaterials/Substrate/GLints/dict_16_192_64_0p5_0p02_0059_0000.uasset" 6489
"../../../Engine/Content/EngineMaterials/Substrate/GLints/dict_16_192_64_0p5_0p02_0059_0004.uasset" 6490
"../../../Engine/Content/EngineMaterials/Substrate/GLints/dict_16_192_64_0p5_0p02_0059_0006.uasset" 6491
"../../../Engine/Content/EngineMaterials/Substrate/GLints/dict_16_192_64_0p5_0p02_0059_0005.uasset" 6492
"../../../Engine/Content/EngineMaterials/Substrate/GLints/dict_16_192_64_0p5_0p02_0059_0007.uasset" 6493
"../../../Engine/Content/EngineMaterials/Substrate/GLints/dict_16_192_64_0p5_0p02_0059_0008.uasset" 6494
"../../../Engine/Content/EngineMaterials/Substrate/GLints/dict_16_192_64_0p5_0p02_0059_0010.uasset" 6495
"../../../Engine/Content/EngineMaterials/Substrate/GLints/dict_16_192_64_0p5_0p02_0059_0009.uasset" 6496
"/Engine/EngineMaterials/Substrate/GLints/dict_16_192_64_0p5_0p02_0058_0008" 6497
"../../../Engine/Content/EngineMaterials/Substrate/GLints/dict_16_192_64_0p5_0p02_0059_0011.uasset" 6498
"../../../Engine/Content/EngineMaterials/Substrate/GLints/dict_16_192_64_0p5_0p02_0059_0013.uasset" 6499
"../../../Engine/Content/EngineMaterials/Substrate/GLints/dict_16_192_64_0p5_0p02_0059_0012.uasset" 6500
"../../../Engine/Content/EngineMaterials/Substrate/GLints/dict_16_192_64_0p5_0p02_0059_0014.uasset" 6501
"../../../Engine/Content/EngineMaterials/Substrate/GLints/dict_16_192_64_0p5_0p02_0059_0015.uasset" 6502
"/Engine/EngineMaterials/Substrate/GLints/dict_16_192_64_0p5_0p02_0058_0007" 6503
"/Engine/EngineMaterials/Substrate/GLints/dict_16_192_64_0p5_0p02_0058_0006" 6504
"/Engine/EngineMaterials/Substrate/GLints/dict_16_192_64_0p5_0p02_0058_0005" 6505
"/Engine/EngineMaterials/Substrate/GLints/dict_16_192_64_0p5_0p02_0058_0004" 6506
"/Engine/EngineMaterials/Substrate/GLints/dict_16_192_64_0p5_0p02_0058_0003" 6507
"/Engine/EngineMaterials/Substrate/GLints/dict_16_192_64_0p5_0p02_0058_0002" 6508
"/Engine/EngineMaterials/Substrate/GLints/dict_16_192_64_0p5_0p02_0058_0001" 6509
"/Engine/EngineMaterials/Substrate/GLints/dict_16_192_64_0p5_0p02_0058_0000" 6510
"/Engine/EngineMaterials/Substrate/GLints/dict_16_192_64_0p5_0p02_0059_0015" 6511
"../../../Engine/Content/EngineMaterials/Substrate/GLints/dict_16_192_64_0p5_0p02_0060_0003.uasset" 6512
"../../../Engine/Content/EngineMaterials/Substrate/GLints/dict_16_192_64_0p5_0p02_0060_0005.uasset" 6513
"../../../Engine/Content/EngineMaterials/Substrate/GLints/dict_16_192_64_0p5_0p02_0060_0004.uasset" 6514
"../../../Engine/Content/EngineMaterials/Substrate/GLints/dict_16_192_64_0p5_0p02_0060_0007.uasset" 6515
"../../../Engine/Content/EngineMaterials/Substrate/GLints/dict_16_192_64_0p5_0p02_0060_0002.uasset" 6516
"../../../Engine/Content/EngineMaterials/Substrate/GLints/dict_16_192_64_0p5_0p02_0060_0008.uasset" 6517
"../../../Engine/Content/EngineMaterials/Substrate/GLints/dict_16_192_64_0p5_0p02_0060_0009.uasset" 6518
"../../../Engine/Content/EngineMaterials/Substrate/GLints/dict_16_192_64_0p5_0p02_0060_0000.uasset" 6519
"../../../Engine/Content/EngineMaterials/Substrate/GLints/dict_16_192_64_0p5_0p02_0060_0001.uasset" 6520
"../../../Engine/Content/EngineMaterials/Substrate/GLints/dict_16_192_64_0p5_0p02_0060_0006.uasset" 6521
"/Engine/EngineMaterials/Substrate/GLints/dict_16_192_64_0p5_0p02_0059_0014" 6522
"/Engine/EngineMaterials/Substrate/GLints/dict_16_192_64_0p5_0p02_0059_0013" 6523
"/Engine/EngineMaterials/Substrate/GLints/dict_16_192_64_0p5_0p02_0059_0012" 6524
"/Engine/EngineMaterials/Substrate/GLints/dict_16_192_64_0p5_0p02_0059_0011" 6525
"/Engine/EngineMaterials/Substrate/GLints/dict_16_192_64_0p5_0p02_0059_0010" 6526
"/Engine/EngineMaterials/Substrate/GLints/dict_16_192_64_0p5_0p02_0059_0009" 6527
"/Engine/EngineMaterials/Substrate/GLints/dict_16_192_64_0p5_0p02_0059_0008" 6528
"/Engine/EngineMaterials/Substrate/GLints/dict_16_192_64_0p5_0p02_0059_0007" 6529
"/Engine/EngineMaterials/Substrate/GLints/dict_16_192_64_0p5_0p02_0059_0006" 6530
"/Engine/EngineMaterials/Substrate/GLints/dict_16_192_64_0p5_0p02_0059_0005" 6531
"/Engine/EngineMaterials/Substrate/GLints/dict_16_192_64_0p5_0p02_0059_0004" 6532
"/Engine/EngineMaterials/Substrate/GLints/dict_16_192_64_0p5_0p02_0059_0003" 6533
"/Engine/EngineMaterials/Substrate/GLints/dict_16_192_64_0p5_0p02_0059_0002" 6534
"/Engine/EngineMaterials/Substrate/GLints/dict_16_192_64_0p5_0p02_0059_0001" 6535
"/Engine/EngineMaterials/Substrate/GLints/dict_16_192_64_0p5_0p02_0059_0000" 6536
"/Engine/EngineMaterials/Substrate/GLints/dict_16_192_64_0p5_0p02_0058_0015" 6537
"/Engine/EngineMaterials/Substrate/GLints/dict_16_192_64_0p5_0p02_0058_0014" 6538
"/Engine/EngineMaterials/Substrate/GLints/dict_16_192_64_0p5_0p02_0058_0013" 6539
"/Engine/EngineMaterials/Substrate/GLints/dict_16_192_64_0p5_0p02_0058_0012" 6540
"/Engine/EngineMaterials/Substrate/GLints/dict_16_192_64_0p5_0p02_0058_0011" 6541
"/Engine/EngineMaterials/Substrate/GLints/dict_16_192_64_0p5_0p02_0058_0010" 6542
"/Engine/EngineMaterials/Substrate/GLints/dict_16_192_64_0p5_0p02_0060_0009" 6543
"../../../Engine/Content/EngineMaterials/Substrate/GLints/dict_16_192_64_0p5_0p02_0060_0011.uasset" 6544
"../../../Engine/Content/EngineMaterials/Substrate/GLints/dict_16_192_64_0p5_0p02_0060_0010.uasset" 6545
"../../../Engine/Content/EngineMaterials/Substrate/GLints/dict_16_192_64_0p5_0p02_0060_0013.uasset" 6546
"../../../Engine/Content/EngineMaterials/Substrate/GLints/dict_16_192_64_0p5_0p02_0060_0015.uasset" 6547
"../../../Engine/Content/EngineMaterials/Substrate/GLints/dict_16_192_64_0p5_0p02_0061_0000.uasset" 6548
"../../../Engine/Content/EngineMaterials/Substrate/GLints/dict_16_192_64_0p5_0p02_0061_0001.uasset" 6549
"../../../Engine/Content/EngineMaterials/Substrate/GLints/dict_16_192_64_0p5_0p02_0060_0012.uasset" 6550
"../../../Engine/Content/EngineMaterials/Substrate/GLints/dict_16_192_64_0p5_0p02_0061_0003.uasset" 6551
"../../../Engine/Content/EngineMaterials/Substrate/GLints/dict_16_192_64_0p5_0p02_0061_0002.uasset" 6552
"../../../Engine/Content/EngineMaterials/Substrate/GLints/dict_16_192_64_0p5_0p02_0060_0014.uasset" 6553
"../../../Engine/Content/EngineMaterials/Substrate/GLints/dict_16_192_64_0p5_0p02_0061_0004.uasset" 6554
"../../../Engine/Content/EngineMaterials/Substrate/GLints/dict_16_192_64_0p5_0p02_0061_0006.uasset" 6555
"../../../Engine/Content/EngineMaterials/Substrate/GLints/dict_16_192_64_0p5_0p02_0061_0008.uasset" 6556
"../../../Engine/Content/EngineMaterials/Substrate/GLints/dict_16_192_64_0p5_0p02_0061_0007.uasset" 6557
"../../../Engine/Content/EngineMaterials/Substrate/GLints/dict_16_192_64_0p5_0p02_0061_0010.uasset" 6558
"/Engine/EngineMaterials/Substrate/GLints/dict_16_192_64_0p5_0p02_0060_0008" 6559
"../../../Engine/Content/EngineMaterials/Substrate/GLints/dict_16_192_64_0p5_0p02_0061_0011.uasset" 6560
"../../../Engine/Content/EngineMaterials/Substrate/GLints/dict_16_192_64_0p5_0p02_0061_0005.uasset" 6561
"../../../Engine/Content/EngineMaterials/Substrate/GLints/dict_16_192_64_0p5_0p02_0061_0009.uasset" 6562
"../../../Engine/Content/EngineMaterials/Substrate/GLints/dict_16_192_64_0p5_0p02_0061_0013.uasset" 6563
"../../../Engine/Content/EngineMaterials/Substrate/GLints/dict_16_192_64_0p5_0p02_0061_0014.uasset" 6564
"../../../Engine/Content/EngineMaterials/Substrate/GLints/dict_16_192_64_0p5_0p02_0061_0012.uasset" 6565
"../../../Engine/Content/EngineMaterials/Substrate/GLints/dict_16_192_64_0p5_0p02_0061_0015.uasset" 6566
"/Engine/EngineMaterials/Substrate/GLints/dict_16_192_64_0p5_0p02_0060_0007" 6567
"/Engine/EngineMaterials/Substrate/GLints/dict_16_192_64_0p5_0p02_0060_0006" 6568
"/Engine/EngineMaterials/Substrate/GLints/dict_16_192_64_0p5_0p02_0060_0005" 6569
"/Engine/EngineMaterials/Substrate/GLints/dict_16_192_64_0p5_0p02_0060_0004" 6570
"/Engine/EngineMaterials/Substrate/GLints/dict_16_192_64_0p5_0p02_0060_0003" 6571
"/Engine/EngineMaterials/Substrate/GLints/dict_16_192_64_0p5_0p02_0060_0002" 6572
"/Engine/EngineMaterials/Substrate/GLints/dict_16_192_64_0p5_0p02_0060_0001" 6573
"/Engine/EngineMaterials/Substrate/GLints/dict_16_192_64_0p5_0p02_0060_0000" 6574
"/Engine/EngineMaterials/Substrate/GLints/dict_16_192_64_0p5_0p02_0061_0015" 6575
"../../../Engine/Content/EngineMaterials/Substrate/GLints/dict_16_192_64_0p5_0p02_0062_0000.uasset" 6576
"../../../Engine/Content/EngineMaterials/Substrate/GLints/dict_16_192_64_0p5_0p02_0062_0001.uasset" 6577
"../../../Engine/Content/EngineMaterials/Substrate/GLints/dict_16_192_64_0p5_0p02_0062_0002.uasset" 6578
"../../../Engine/Content/EngineMaterials/Substrate/GLints/dict_16_192_64_0p5_0p02_0062_0003.uasset" 6579
"../../../Engine/Content/EngineMaterials/Substrate/GLints/dict_16_192_64_0p5_0p02_0062_0004.uasset" 6580
"../../../Engine/Content/EngineMaterials/Substrate/GLints/dict_16_192_64_0p5_0p02_0062_0005.uasset" 6581
"../../../Engine/Content/EngineMaterials/Substrate/GLints/dict_16_192_64_0p5_0p02_0062_0008.uasset" 6582
"../../../Engine/Content/EngineMaterials/Substrate/GLints/dict_16_192_64_0p5_0p02_0062_0009.uasset" 6583
"../../../Engine/Content/EngineMaterials/Substrate/GLints/dict_16_192_64_0p5_0p02_0062_0006.uasset" 6584
"../../../Engine/Content/EngineMaterials/Substrate/GLints/dict_16_192_64_0p5_0p02_0062_0007.uasset" 6585
"/Engine/EngineMaterials/Substrate/GLints/dict_16_192_64_0p5_0p02_0061_0014" 6586
"/Engine/EngineMaterials/Substrate/GLints/dict_16_192_64_0p5_0p02_0061_0013" 6587
"/Engine/EngineMaterials/Substrate/GLints/dict_16_192_64_0p5_0p02_0061_0012" 6588
"/Engine/EngineMaterials/Substrate/GLints/dict_16_192_64_0p5_0p02_0061_0011" 6589
"/Engine/EngineMaterials/Substrate/GLints/dict_16_192_64_0p5_0p02_0061_0010" 6590
"/Engine/EngineMaterials/Substrate/GLints/dict_16_192_64_0p5_0p02_0061_0009" 6591
"/Engine/EngineMaterials/Substrate/GLints/dict_16_192_64_0p5_0p02_0061_0008" 6592
"/Engine/EngineMaterials/Substrate/GLints/dict_16_192_64_0p5_0p02_0061_0007" 6593
"/Engine/EngineMaterials/Substrate/GLints/dict_16_192_64_0p5_0p02_0061_0006" 6594
"/Engine/EngineMaterials/Substrate/GLints/dict_16_192_64_0p5_0p02_0061_0005" 6595
"/Engine/EngineMaterials/Substrate/GLints/dict_16_192_64_0p5_0p02_0061_0004" 6596
"/Engine/EngineMaterials/Substrate/GLints/dict_16_192_64_0p5_0p02_0061_0003" 6597
"/Engine/EngineMaterials/Substrate/GLints/dict_16_192_64_0p5_0p02_0061_0002" 6598
"/Engine/EngineMaterials/Substrate/GLints/dict_16_192_64_0p5_0p02_0061_0001" 6599
"/Engine/EngineMaterials/Substrate/GLints/dict_16_192_64_0p5_0p02_0061_0000" 6600
"/Engine/EngineMaterials/Substrate/GLints/dict_16_192_64_0p5_0p02_0060_0015" 6601
"/Engine/EngineMaterials/Substrate/GLints/dict_16_192_64_0p5_0p02_0060_0014" 6602
"/Engine/EngineMaterials/Substrate/GLints/dict_16_192_64_0p5_0p02_0060_0013" 6603
"/Engine/EngineMaterials/Substrate/GLints/dict_16_192_64_0p5_0p02_0060_0012" 6604
"/Engine/EngineMaterials/Substrate/GLints/dict_16_192_64_0p5_0p02_0060_0011" 6605
"/Engine/EngineMaterials/Substrate/GLints/dict_16_192_64_0p5_0p02_0060_0010" 6606
"/Engine/EngineMaterials/Substrate/GLints/dict_16_192_64_0p5_0p02_0062_0009" 6607
"../../../Engine/Content/EngineMaterials/Substrate/GLints/dict_16_192_64_0p5_0p02_0062_0014.uasset" 6608
"../../../Engine/Content/EngineMaterials/Substrate/GLints/dict_16_192_64_0p5_0p02_0062_0010.uasset" 6609
"../../../Engine/Content/EngineMaterials/Substrate/GLints/dict_16_192_64_0p5_0p02_0062_0013.uasset" 6610
"../../../Engine/Content/EngineMaterials/Substrate/GLints/dict_16_192_64_0p5_0p02_0063_0002.uasset" 6611
"../../../Engine/Content/EngineMaterials/Substrate/GLints/dict_16_192_64_0p5_0p02_0063_0003.uasset" 6612
"../../../Engine/Content/EngineMaterials/Substrate/GLints/dict_16_192_64_0p5_0p02_0063_0000.uasset" 6613
"../../../Engine/Content/EngineMaterials/Substrate/GLints/dict_16_192_64_0p5_0p02_0063_0004.uasset" 6614
"../../../Engine/Content/EngineMaterials/Substrate/GLints/dict_16_192_64_0p5_0p02_0062_0012.uasset" 6615
"../../../Engine/Content/EngineMaterials/Substrate/GLints/dict_16_192_64_0p5_0p02_0062_0015.uasset" 6616
"../../../Engine/Content/EngineMaterials/Substrate/GLints/dict_16_192_64_0p5_0p02_0063_0005.uasset" 6617
"../../../Engine/Content/EngineMaterials/Substrate/GLints/dict_16_192_64_0p5_0p02_0063_0007.uasset" 6618
"../../../Engine/Content/EngineMaterials/Substrate/GLints/dict_16_192_64_0p5_0p02_0062_0011.uasset" 6619
"../../../Engine/Content/EngineMaterials/Substrate/GLints/dict_16_192_64_0p5_0p02_0063_0006.uasset" 6620
"/Engine/EngineMaterials/Substrate/GLints/dict_16_192_64_0p5_0p02_0062_0008" 6621
"../../../Engine/Content/EngineMaterials/Substrate/GLints/dict_16_192_64_0p5_0p02_0063_0001.uasset" 6622
"../../../Engine/Content/EngineMaterials/Substrate/GLints/dict_16_192_64_0p5_0p02_0063_0010.uasset" 6623
"../../../Engine/Content/EngineMaterials/Substrate/GLints/dict_16_192_64_0p5_0p02_0063_0008.uasset" 6624
"../../../Engine/Content/EngineMaterials/Substrate/GLints/dict_16_192_64_0p5_0p02_0063_0012.uasset" 6625
"../../../Engine/Content/EngineMaterials/Substrate/GLints/dict_16_192_64_0p5_0p02_0063_0009.uasset" 6626
"../../../Engine/Content/EngineMaterials/Substrate/GLints/dict_16_192_64_0p5_0p02_0063_0013.uasset" 6627
"../../../Engine/Content/EngineMaterials/Substrate/GLints/dict_16_192_64_0p5_0p02_0063_0014.uasset" 6628
"../../../Engine/Content/EngineMaterials/Substrate/GLints/dict_16_192_64_0p5_0p02_0063_0015.uasset" 6629
"../../../Engine/Content/EngineMaterials/Substrate/GLints/dict_16_192_64_0p5_0p02_0063_0011.uasset" 6630
"/Engine/EngineMaterials/Substrate/GLints/dict_16_192_64_0p5_0p02_0062_0007" 6631
"/Engine/EngineMaterials/Substrate/GLints/dict_16_192_64_0p5_0p02_0062_0006" 6632
"/Engine/EngineMaterials/Substrate/GLints/dict_16_192_64_0p5_0p02_0062_0005" 6633
"/Engine/EngineMaterials/Substrate/GLints/dict_16_192_64_0p5_0p02_0062_0004" 6634
"/Engine/EngineMaterials/Substrate/GLints/dict_16_192_64_0p5_0p02_0062_0003" 6635
"/Engine/EngineMaterials/Substrate/GLints/dict_16_192_64_0p5_0p02_0062_0002" 6636
"/Engine/EngineMaterials/Substrate/GLints/dict_16_192_64_0p5_0p02_0062_0001" 6637
"/Engine/EngineMaterials/Substrate/GLints/dict_16_192_64_0p5_0p02_0062_0000" 6638
"../../../Engine/Content/EngineMaterials/Substrate/GLints/AGlintTex2dArray.uasset" 6639
"/Engine/EngineMaterials/Substrate/GLints/dict_16_192_64_0p5_0p02_0063_0015" 6640
"../../../Engine/Content/EngineMaterials/Substrate/Glints2/dict_0000_0001.uasset" 6641
"../../../Engine/Content/EngineMaterials/Substrate/Glints2/dict_0000_0002.uasset" 6642
"../../../Engine/Content/EngineMaterials/Substrate/Glints2/dict_0000_0005.uasset" 6643
"../../../Engine/Content/EngineMaterials/Substrate/Glints2/dict_0000_0004.uasset" 6644
"../../../Engine/Content/EngineMaterials/Substrate/Glints2/dict_0000_0008.uasset" 6645
"../../../Engine/Content/EngineMaterials/Substrate/Glints2/dict_0000_0000.uasset" 6646
"../../../Engine/Content/EngineMaterials/Substrate/Glints2/dict_0000_0006.uasset" 6647
"../../../Engine/Content/EngineMaterials/Substrate/Glints2/dict_0000_0007.uasset" 6648
"../../../Engine/Content/EngineMaterials/Substrate/Glints2/dict_0000_0003.uasset" 6649
"/Engine/EngineMaterials/Substrate/GLints/dict_16_192_64_0p5_0p02_0063_0014" 6650
"/Engine/EngineMaterials/Substrate/GLints/dict_16_192_64_0p5_0p02_0063_0013" 6651
"/Engine/EngineMaterials/Substrate/GLints/dict_16_192_64_0p5_0p02_0063_0012" 6652
"/Engine/EngineMaterials/Substrate/GLints/dict_16_192_64_0p5_0p02_0063_0011" 6653
"/Engine/EngineMaterials/Substrate/GLints/dict_16_192_64_0p5_0p02_0063_0010" 6654
"/Engine/EngineMaterials/Substrate/GLints/dict_16_192_64_0p5_0p02_0063_0009" 6655
"/Engine/EngineMaterials/Substrate/GLints/dict_16_192_64_0p5_0p02_0063_0008" 6656
"/Engine/EngineMaterials/Substrate/GLints/dict_16_192_64_0p5_0p02_0063_0007" 6657
"/Engine/EngineMaterials/Substrate/GLints/dict_16_192_64_0p5_0p02_0063_0006" 6658
"/Engine/EngineMaterials/Substrate/GLints/dict_16_192_64_0p5_0p02_0063_0005" 6659
"/Engine/EngineMaterials/Substrate/GLints/dict_16_192_64_0p5_0p02_0063_0004" 6660
"/Engine/EngineMaterials/Substrate/GLints/dict_16_192_64_0p5_0p02_0063_0003" 6661
"/Engine/EngineMaterials/Substrate/GLints/dict_16_192_64_0p5_0p02_0063_0002" 6662
"/Engine/EngineMaterials/Substrate/GLints/dict_16_192_64_0p5_0p02_0063_0001" 6663
"/Engine/EngineMaterials/Substrate/GLints/dict_16_192_64_0p5_0p02_0063_0000" 6664
"/Engine/EngineMaterials/Substrate/GLints/dict_16_192_64_0p5_0p02_0062_0015" 6665
"/Engine/EngineMaterials/Substrate/GLints/dict_16_192_64_0p5_0p02_0062_0014" 6666
"/Engine/EngineMaterials/Substrate/GLints/dict_16_192_64_0p5_0p02_0062_0013" 6667
"/Engine/EngineMaterials/Substrate/GLints/dict_16_192_64_0p5_0p02_0062_0012" 6668
"/Engine/EngineMaterials/Substrate/GLints/dict_16_192_64_0p5_0p02_0062_0011" 6669
"/Engine/EngineMaterials/Substrate/GLints/dict_16_192_64_0p5_0p02_0062_0010" 6670
"/Engine/EngineMaterials/Substrate/Glints2/dict_0000_0008" 6671
"../../../Engine/Content/EngineMaterials/Substrate/Glints2/dict_0000_0012.uasset" 6672
"../../../Engine/Content/EngineMaterials/Substrate/Glints2/dict_0000_0010.uasset" 6673
"../../../Engine/Content/EngineMaterials/Substrate/Glints2/dict_0000_0013.uasset" 6674
"../../../Engine/Content/EngineMaterials/Substrate/Glints2/dict_0000_0011.uasset" 6675
"../../../Engine/Content/EngineMaterials/Substrate/Glints2/dict_0000_0014.uasset" 6676
"../../../Engine/Content/EngineMaterials/Substrate/Glints2/dict_0000_0015.uasset" 6677
"../../../Engine/Content/EngineMaterials/Substrate/Glints2/dict_0000_0018.uasset" 6678
"../../../Engine/Content/EngineMaterials/Substrate/Glints2/dict_0000_0017.uasset" 6679
"../../../Engine/Content/EngineMaterials/Substrate/Glints2/dict_0000_0009.uasset" 6680
"../../../Engine/Content/EngineMaterials/Substrate/Glints2/dict_0000_0016.uasset" 6681
"../../../Engine/Content/EngineMaterials/Substrate/Glints2/dict_0000_0019.uasset" 6682
"/Engine/EngineMaterials/Substrate/Glints2/dict_0000_0007" 6683
"../../../Engine/Content/EngineMaterials/Substrate/Glints2/dict_0000_0020.uasset" 6684
"../../../Engine/Content/EngineMaterials/Substrate/Glints2/dict_0000_0021.uasset" 6685
"../../../Engine/Content/EngineMaterials/Substrate/Glints2/dict_0000_0022.uasset" 6686
"../../../Engine/Content/EngineMaterials/Substrate/Glints2/dict_0000_0023.uasset" 6687
"../../../Engine/Content/EngineMaterials/Substrate/Glints2/dict_0000_0024.uasset" 6688
"../../../Engine/Content/EngineMaterials/Substrate/Glints2/dict_0000_0025.uasset" 6689
"../../../Engine/Content/EngineMaterials/Substrate/Glints2/dict_0000_0027.uasset" 6690
"../../../Engine/Content/EngineMaterials/Substrate/Glints2/dict_0000_0029.uasset" 6691
"../../../Engine/Content/EngineMaterials/Substrate/Glints2/dict_0000_0026.uasset" 6692
"../../../Engine/Content/EngineMaterials/Substrate/Glints2/dict_0000_0030.uasset" 6693
"../../../Engine/Content/EngineMaterials/Substrate/Glints2/dict_0000_0028.uasset" 6694
"/Engine/EngineMaterials/Substrate/Glints2/dict_0000_0006" 6695
"/Engine/EngineMaterials/Substrate/Glints2/dict_0000_0005" 6696
"/Engine/EngineMaterials/Substrate/Glints2/dict_0000_0004" 6697
"/Engine/EngineMaterials/Substrate/Glints2/dict_0000_0003" 6698
"/Engine/EngineMaterials/Substrate/Glints2/dict_0000_0002" 6699
"/Engine/EngineMaterials/Substrate/Glints2/dict_0000_0001" 6700
"/Engine/EngineMaterials/Substrate/Glints2/dict_0000_0000" 6701
"/Engine/EngineMaterials/Substrate/GLints/AGlintTex2dArray" 6702
"/Engine/EngineMaterials/Substrate/Glints2/dict_0000_0030" 6703
"../../../Engine/Content/EngineMaterials/Substrate/Glints2/dict_0000_0031.uasset" 6704
"../../../Engine/Content/EngineMaterials/Substrate/Glints2/dict_0000_0033.uasset" 6705
"../../../Engine/Content/EngineMaterials/Substrate/Glints2/dict_0000_0036.uasset" 6706
"../../../Engine/Content/EngineMaterials/Substrate/Glints2/dict_0000_0037.uasset" 6707
"../../../Engine/Content/EngineMaterials/Substrate/Glints2/dict_0000_0032.uasset" 6708
"../../../Engine/Content/EngineMaterials/Substrate/Glints2/dict_0000_0035.uasset" 6709
"../../../Engine/Content/EngineMaterials/Substrate/Glints2/dict_0000_0034.uasset" 6710
"../../../Engine/Content/EngineMaterials/Substrate/Glints2/dict_0000_0040.uasset" 6711
"../../../Engine/Content/EngineMaterials/Substrate/Glints2/dict_0000_0039.uasset" 6712
"../../../Engine/Content/EngineMaterials/Substrate/Glints2/dict_0000_0038.uasset" 6713
"/Engine/EngineMaterials/Substrate/Glints2/dict_0000_0029" 6714
"/Engine/EngineMaterials/Substrate/Glints2/dict_0000_0028" 6715
"/Engine/EngineMaterials/Substrate/Glints2/dict_0000_0027" 6716
"/Engine/EngineMaterials/Substrate/Glints2/dict_0000_0026" 6717
"/Engine/EngineMaterials/Substrate/Glints2/dict_0000_0025" 6718
"/Engine/EngineMaterials/Substrate/Glints2/dict_0000_0024" 6719
"/Engine/EngineMaterials/Substrate/Glints2/dict_0000_0023" 6720
"/Engine/EngineMaterials/Substrate/Glints2/dict_0000_0022" 6721
"/Engine/EngineMaterials/Substrate/Glints2/dict_0000_0021" 6722
"/Engine/EngineMaterials/Substrate/Glints2/dict_0000_0020" 6723
"/Engine/EngineMaterials/Substrate/Glints2/dict_0000_0019" 6724
"/Engine/EngineMaterials/Substrate/Glints2/dict_0000_0018" 6725
"/Engine/EngineMaterials/Substrate/Glints2/dict_0000_0017" 6726
"/Engine/EngineMaterials/Substrate/Glints2/dict_0000_0016" 6727
"/Engine/EngineMaterials/Substrate/Glints2/dict_0000_0015" 6728
"/Engine/EngineMaterials/Substrate/Glints2/dict_0000_0014" 6729
"/Engine/EngineMaterials/Substrate/Glints2/dict_0000_0013" 6730
"/Engine/EngineMaterials/Substrate/Glints2/dict_0000_0012" 6731
"/Engine/EngineMaterials/Substrate/Glints2/dict_0000_0011" 6732
"/Engine/EngineMaterials/Substrate/Glints2/dict_0000_0010" 6733
"/Engine/EngineMaterials/Substrate/Glints2/dict_0000_0009" 6734
"/Engine/EngineMaterials/Substrate/Glints2/dict_0000_0040" 6735
"../../../Engine/Content/EngineMaterials/Substrate/Glints2/dict_0000_0041.uasset" 6736
"../../../Engine/Content/EngineMaterials/Substrate/Glints2/dict_0000_0043.uasset" 6737
"../../../Engine/Content/EngineMaterials/Substrate/Glints2/dict_0000_0047.uasset" 6738
"../../../Engine/Content/EngineMaterials/Substrate/Glints2/dict_0000_0048.uasset" 6739
"../../../Engine/Content/EngineMaterials/Substrate/Glints2/dict_0000_0049.uasset" 6740
"../../../Engine/Content/EngineMaterials/Substrate/Glints2/dict_0000_0050.uasset" 6741
"../../../Engine/Content/EngineMaterials/Substrate/Glints2/dict_0000_0042.uasset" 6742
"../../../Engine/Content/EngineMaterials/Substrate/Glints2/dict_0000_0044.uasset" 6743
"../../../Engine/Content/EngineMaterials/Substrate/Glints2/dict_0000_0045.uasset" 6744
"../../../Engine/Content/EngineMaterials/Substrate/Glints2/dict_0000_0046.uasset" 6745
"../../../Engine/Content/EngineMaterials/Substrate/Glints2/dict_0000_0051.uasset" 6746
"../../../Engine/Content/EngineMaterials/Substrate/Glints2/dict_0000_0052.uasset" 6747
"../../../Engine/Content/EngineMaterials/Substrate/Glints2/dict_0000_0053.uasset" 6748
"../../../Engine/Content/EngineMaterials/Substrate/Glints2/dict_0000_0055.uasset" 6749
"../../../Engine/Content/EngineMaterials/Substrate/Glints2/dict_0000_0054.uasset" 6750
"../../../Engine/Content/EngineMaterials/Substrate/Glints2/dict_0000_0058.uasset" 6751
"../../../Engine/Content/EngineMaterials/Substrate/Glints2/dict_0000_0059.uasset" 6752
"../../../Engine/Content/EngineMaterials/Substrate/Glints2/dict_0000_0057.uasset" 6753
"../../../Engine/Content/EngineMaterials/Substrate/Glints2/dict_0000_0056.uasset" 6754
"/Engine/EngineMaterials/Substrate/Glints2/dict_0000_0039" 6755
"../../../Engine/Content/EngineMaterials/Substrate/Glints2/dict_0000_0060.uasset" 6756
"../../../Engine/Content/EngineMaterials/Substrate/Glints2/dict_0000_0061.uasset" 6757
"../../../Engine/Content/EngineMaterials/Substrate/Glints2/dict_0000_0062.uasset" 6758
"/Engine/EngineMaterials/Substrate/Glints2/dict_0000_0038" 6759
"/Engine/EngineMaterials/Substrate/Glints2/dict_0000_0037" 6760
"/Engine/EngineMaterials/Substrate/Glints2/dict_0000_0036" 6761
"/Engine/EngineMaterials/Substrate/Glints2/dict_0000_0035" 6762
"/Engine/EngineMaterials/Substrate/Glints2/dict_0000_0034" 6763
"/Engine/EngineMaterials/Substrate/Glints2/dict_0000_0033" 6764
"/Engine/EngineMaterials/Substrate/Glints2/dict_0000_0032" 6765
"/Engine/EngineMaterials/Substrate/Glints2/dict_0000_0031" 6766
"/Engine/EngineMaterials/Substrate/Glints2/dict_0000_0062" 6767
"../../../Engine/Content/EngineMaterials/Substrate/Glints2/dict_0000_0063.uasset" 6768
"../../../Engine/Content/EngineMaterials/Substrate/Glints2/dict_0000_0064.uasset" 6769
"../../../Engine/Content/EngineMaterials/Substrate/Glints2/dict_0000_0066.uasset" 6770
"../../../Engine/Content/EngineMaterials/Substrate/Glints2/dict_0000_0067.uasset" 6771
"../../../Engine/Content/EngineMaterials/Substrate/Glints2/dict_0000_0065.uasset" 6772
"../../../Engine/Content/EngineMaterials/Substrate/Glints2/dict_0000_0070.uasset" 6773
"../../../Engine/Content/EngineMaterials/Substrate/Glints2/dict_0000_0068.uasset" 6774
"../../../Engine/Content/EngineMaterials/Substrate/Glints2/dict_0000_0069.uasset" 6775
"../../../Engine/Content/EngineMaterials/Substrate/Glints2/dict_0000_0072.uasset" 6776
"../../../Engine/Content/EngineMaterials/Substrate/Glints2/dict_0000_0071.uasset" 6777
"/Engine/EngineMaterials/Substrate/Glints2/dict_0000_0061" 6778
"/Engine/EngineMaterials/Substrate/Glints2/dict_0000_0060" 6779
"/Engine/EngineMaterials/Substrate/Glints2/dict_0000_0059" 6780
"/Engine/EngineMaterials/Substrate/Glints2/dict_0000_0058" 6781
"/Engine/EngineMaterials/Substrate/Glints2/dict_0000_0057" 6782
"/Engine/EngineMaterials/Substrate/Glints2/dict_0000_0056" 6783
"/Engine/EngineMaterials/Substrate/Glints2/dict_0000_0055" 6784
"/Engine/EngineMaterials/Substrate/Glints2/dict_0000_0054" 6785
"/Engine/EngineMaterials/Substrate/Glints2/dict_0000_0053" 6786
"/Engine/EngineMaterials/Substrate/Glints2/dict_0000_0052" 6787
"/Engine/EngineMaterials/Substrate/Glints2/dict_0000_0051" 6788
"/Engine/EngineMaterials/Substrate/Glints2/dict_0000_0050" 6789
"/Engine/EngineMaterials/Substrate/Glints2/dict_0000_0049" 6790
"/Engine/EngineMaterials/Substrate/Glints2/dict_0000_0048" 6791
"/Engine/EngineMaterials/Substrate/Glints2/dict_0000_0047" 6792
"/Engine/EngineMaterials/Substrate/Glints2/dict_0000_0046" 6793
"/Engine/EngineMaterials/Substrate/Glints2/dict_0000_0045" 6794
"/Engine/EngineMaterials/Substrate/Glints2/dict_0000_0044" 6795
"/Engine/EngineMaterials/Substrate/Glints2/dict_0000_0043" 6796
"/Engine/EngineMaterials/Substrate/Glints2/dict_0000_0042" 6797
"/Engine/EngineMaterials/Substrate/Glints2/dict_0000_0041" 6798
"/Engine/EngineMaterials/Substrate/Glints2/dict_0000_0072" 6799
"../../../Engine/Content/EngineMaterials/Substrate/Glints2/dict_0000_0075.uasset" 6800
"../../../Engine/Content/EngineMaterials/Substrate/Glints2/dict_0000_0077.uasset" 6801
"../../../Engine/Content/EngineMaterials/Substrate/Glints2/dict_0000_0073.uasset" 6802
"../../../Engine/Content/EngineMaterials/Substrate/Glints2/dict_0000_0079.uasset" 6803
"../../../Engine/Content/EngineMaterials/Substrate/Glints2/dict_0000_0080.uasset" 6804
"../../../Engine/Content/EngineMaterials/Substrate/Glints2/dict_0000_0081.uasset" 6805
"../../../Engine/Content/EngineMaterials/Substrate/Glints2/dict_0000_0074.uasset" 6806
"../../../Engine/Content/EngineMaterials/Substrate/Glints2/dict_0000_0082.uasset" 6807
"../../../Engine/Content/EngineMaterials/Substrate/Glints2/dict_0000_0076.uasset" 6808
"../../../Engine/Content/EngineMaterials/Substrate/Glints2/dict_0000_0078.uasset" 6809
"../../../Engine/Content/EngineMaterials/Substrate/Glints2/dict_0000_0084.uasset" 6810
"../../../Engine/Content/EngineMaterials/Substrate/Glints2/dict_0000_0083.uasset" 6811
"/Engine/EngineMaterials/Substrate/Glints2/dict_0000_0071" 6812
"../../../Engine/Content/EngineMaterials/Substrate/Glints2/dict_0000_0085.uasset" 6813
"../../../Engine/Content/EngineMaterials/Substrate/Glints2/dict_0000_0087.uasset" 6814
"../../../Engine/Content/EngineMaterials/Substrate/Glints2/dict_0000_0090.uasset" 6815
"../../../Engine/Content/EngineMaterials/Substrate/Glints2/dict_0000_0091.uasset" 6816
"../../../Engine/Content/EngineMaterials/Substrate/Glints2/dict_0000_0092.uasset" 6817
"../../../Engine/Content/EngineMaterials/Substrate/Glints2/dict_0000_0086.uasset" 6818
"../../../Engine/Content/EngineMaterials/Substrate/Glints2/dict_0000_0093.uasset" 6819
"../../../Engine/Content/EngineMaterials/Substrate/Glints2/dict_0000_0088.uasset" 6820
"../../../Engine/Content/EngineMaterials/Substrate/Glints2/dict_0000_0094.uasset" 6821
"../../../Engine/Content/EngineMaterials/Substrate/Glints2/dict_0000_0089.uasset" 6822
"/Engine/EngineMaterials/Substrate/Glints2/dict_0000_0070" 6823
"/Engine/EngineMaterials/Substrate/Glints2/dict_0000_0069" 6824
"/Engine/EngineMaterials/Substrate/Glints2/dict_0000_0068" 6825
"/Engine/EngineMaterials/Substrate/Glints2/dict_0000_0067" 6826
"/Engine/EngineMaterials/Substrate/Glints2/dict_0000_0066" 6827
"/Engine/EngineMaterials/Substrate/Glints2/dict_0000_0065" 6828
"/Engine/EngineMaterials/Substrate/Glints2/dict_0000_0064" 6829
"/Engine/EngineMaterials/Substrate/Glints2/dict_0000_0063" 6830
"/Engine/EngineMaterials/Substrate/Glints2/dict_0000_0094" 6831
"../../../Engine/Content/EngineMaterials/Substrate/Glints2/dict_0000_0098.uasset" 6832
"../../../Engine/Content/EngineMaterials/Substrate/Glints2/dict_0000_0095.uasset" 6833
"../../../Engine/Content/EngineMaterials/Substrate/Glints2/dict_0000_0096.uasset" 6834
"../../../Engine/Content/EngineMaterials/Substrate/Glints2/dict_0000_0103.uasset" 6835
"../../../Engine/Content/EngineMaterials/Substrate/Glints2/dict_0000_0099.uasset" 6836
"../../../Engine/Content/EngineMaterials/Substrate/Glints2/dict_0000_0097.uasset" 6837
"../../../Engine/Content/EngineMaterials/Substrate/Glints2/dict_0000_0101.uasset" 6838
"../../../Engine/Content/EngineMaterials/Substrate/Glints2/dict_0000_0100.uasset" 6839
"../../../Engine/Content/EngineMaterials/Substrate/Glints2/dict_0000_0102.uasset" 6840
"../../../Engine/Content/EngineMaterials/Substrate/Glints2/dict_0000_0104.uasset" 6841
"/Engine/EngineMaterials/Substrate/Glints2/dict_0000_0093" 6842
"/Engine/EngineMaterials/Substrate/Glints2/dict_0000_0092" 6843
"/Engine/EngineMaterials/Substrate/Glints2/dict_0000_0091" 6844
"/Engine/EngineMaterials/Substrate/Glints2/dict_0000_0090" 6845
"/Engine/EngineMaterials/Substrate/Glints2/dict_0000_0089" 6846
"/Engine/EngineMaterials/Substrate/Glints2/dict_0000_0088" 6847
"/Engine/EngineMaterials/Substrate/Glints2/dict_0000_0087" 6848
"/Engine/EngineMaterials/Substrate/Glints2/dict_0000_0086" 6849
"/Engine/EngineMaterials/Substrate/Glints2/dict_0000_0085" 6850
"/Engine/EngineMaterials/Substrate/Glints2/dict_0000_0084" 6851
"/Engine/EngineMaterials/Substrate/Glints2/dict_0000_0083" 6852
"/Engine/EngineMaterials/Substrate/Glints2/dict_0000_0082" 6853
"/Engine/EngineMaterials/Substrate/Glints2/dict_0000_0081" 6854
"/Engine/EngineMaterials/Substrate/Glints2/dict_0000_0080" 6855
"/Engine/EngineMaterials/Substrate/Glints2/dict_0000_0079" 6856
"/Engine/EngineMaterials/Substrate/Glints2/dict_0000_0078" 6857
"/Engine/EngineMaterials/Substrate/Glints2/dict_0000_0077" 6858
"/Engine/EngineMaterials/Substrate/Glints2/dict_0000_0076" 6859
"/Engine/EngineMaterials/Substrate/Glints2/dict_0000_0075" 6860
"/Engine/EngineMaterials/Substrate/Glints2/dict_0000_0074" 6861
"/Engine/EngineMaterials/Substrate/Glints2/dict_0000_0073" 6862
"/Engine/EngineMaterials/Substrate/Glints2/dict_0000_0104" 6863
"../../../Engine/Content/EngineMaterials/Substrate/Glints2/dict_0000_0108.uasset" 6864
"../../../Engine/Content/EngineMaterials/Substrate/Glints2/dict_0000_0109.uasset" 6865
"../../../Engine/Content/EngineMaterials/Substrate/Glints2/dict_0000_0110.uasset" 6866
"../../../Engine/Content/EngineMaterials/Substrate/Glints2/dict_0000_0111.uasset" 6867
"../../../Engine/Content/EngineMaterials/Substrate/Glints2/dict_0000_0107.uasset" 6868
"../../../Engine/Content/EngineMaterials/Substrate/Glints2/dict_0000_0106.uasset" 6869
"../../../Engine/Content/EngineMaterials/Substrate/Glints2/dict_0000_0113.uasset" 6870
"../../../Engine/Content/EngineMaterials/Substrate/Glints2/dict_0000_0112.uasset" 6871
"../../../Engine/Content/EngineMaterials/Substrate/Glints2/dict_0000_0114.uasset" 6872
"../../../Engine/Content/EngineMaterials/Substrate/Glints2/dict_0000_0105.uasset" 6873
"/Engine/EngineMaterials/Substrate/Glints2/dict_0000_0103" 6874
"../../../Engine/Content/EngineMaterials/Substrate/Glints2/dict_0000_0115.uasset" 6875
"../../../Engine/Content/EngineMaterials/Substrate/Glints2/dict_0000_0116.uasset" 6876
"../../../Engine/Content/EngineMaterials/Substrate/Glints2/dict_0000_0117.uasset" 6877
"../../../Engine/Content/EngineMaterials/Substrate/Glints2/dict_0000_0119.uasset" 6878
"../../../Engine/Content/EngineMaterials/Substrate/Glints2/dict_0000_0118.uasset" 6879
"../../../Engine/Content/EngineMaterials/Substrate/Glints2/dict_0000_0120.uasset" 6880
"../../../Engine/Content/EngineMaterials/Substrate/Glints2/dict_0000_0121.uasset" 6881
"../../../Engine/Content/EngineMaterials/Substrate/Glints2/dict_0000_0122.uasset" 6882
"../../../Engine/Content/EngineMaterials/Substrate/Glints2/dict_0000_0123.uasset" 6883
"../../../Engine/Content/EngineMaterials/Substrate/Glints2/dict_0000_0124.uasset" 6884
"../../../Engine/Content/EngineMaterials/Substrate/Glints2/dict_0000_0125.uasset" 6885
"../../../Engine/Content/EngineMaterials/Substrate/Glints2/dict_0000_0126.uasset" 6886
"/Engine/EngineMaterials/Substrate/Glints2/dict_0000_0102" 6887
"/Engine/EngineMaterials/Substrate/Glints2/dict_0000_0101" 6888
"/Engine/EngineMaterials/Substrate/Glints2/dict_0000_0100" 6889
"/Engine/EngineMaterials/Substrate/Glints2/dict_0000_0099" 6890
"/Engine/EngineMaterials/Substrate/Glints2/dict_0000_0098" 6891
"/Engine/EngineMaterials/Substrate/Glints2/dict_0000_0097" 6892
"/Engine/EngineMaterials/Substrate/Glints2/dict_0000_0096" 6893
"/Engine/EngineMaterials/Substrate/Glints2/dict_0000_0095" 6894
"/Engine/EngineMaterials/Substrate/Glints2/dict_0000_0126" 6895
"../../../Engine/Content/EngineMaterials/Substrate/Glints2/dict_0000_0127.uasset" 6896
"../../../Engine/Content/EngineMaterials/Substrate/Glints2/dict_0000_0129.uasset" 6897
"../../../Engine/Content/EngineMaterials/Substrate/Glints2/dict_0000_0128.uasset" 6898
"../../../Engine/Content/EngineMaterials/Substrate/Glints2/dict_0000_0131.uasset" 6899
"../../../Engine/Content/EngineMaterials/Substrate/Glints2/dict_0000_0130.uasset" 6900
"../../../Engine/Content/EngineMaterials/Substrate/Glints2/dict_0000_0132.uasset" 6901
"../../../Engine/Content/EngineMaterials/Substrate/Glints2/dict_0000_0134.uasset" 6902
"../../../Engine/Content/EngineMaterials/Substrate/Glints2/dict_0000_0133.uasset" 6903
"../../../Engine/Content/EngineMaterials/Substrate/Glints2/dict_0000_0136.uasset" 6904
"../../../Engine/Content/EngineMaterials/Substrate/Glints2/dict_0000_0135.uasset" 6905
"/Engine/EngineMaterials/Substrate/Glints2/dict_0000_0125" 6906
"/Engine/EngineMaterials/Substrate/Glints2/dict_0000_0124" 6907
"/Engine/EngineMaterials/Substrate/Glints2/dict_0000_0123" 6908
"/Engine/EngineMaterials/Substrate/Glints2/dict_0000_0122" 6909
"/Engine/EngineMaterials/Substrate/Glints2/dict_0000_0121" 6910
"/Engine/EngineMaterials/Substrate/Glints2/dict_0000_0120" 6911
"/Engine/EngineMaterials/Substrate/Glints2/dict_0000_0119" 6912
"/Engine/EngineMaterials/Substrate/Glints2/dict_0000_0118" 6913
"/Engine/EngineMaterials/Substrate/Glints2/dict_0000_0117" 6914
"/Engine/EngineMaterials/Substrate/Glints2/dict_0000_0116" 6915
"/Engine/EngineMaterials/Substrate/Glints2/dict_0000_0115" 6916
"/Engine/EngineMaterials/Substrate/Glints2/dict_0000_0114" 6917
"/Engine/EngineMaterials/Substrate/Glints2/dict_0000_0113" 6918
"/Engine/EngineMaterials/Substrate/Glints2/dict_0000_0112" 6919
"/Engine/EngineMaterials/Substrate/Glints2/dict_0000_0111" 6920
"/Engine/EngineMaterials/Substrate/Glints2/dict_0000_0110" 6921
"/Engine/EngineMaterials/Substrate/Glints2/dict_0000_0109" 6922
"/Engine/EngineMaterials/Substrate/Glints2/dict_0000_0108" 6923
"/Engine/EngineMaterials/Substrate/Glints2/dict_0000_0107" 6924
"/Engine/EngineMaterials/Substrate/Glints2/dict_0000_0106" 6925
"/Engine/EngineMaterials/Substrate/Glints2/dict_0000_0105" 6926
"/Engine/EngineMaterials/Substrate/Glints2/dict_0000_0136" 6927
"../../../Engine/Content/EngineMaterials/Substrate/Glints2/dict_0000_0137.uasset" 6928
"../../../Engine/Content/EngineMaterials/Substrate/Glints2/dict_0000_0138.uasset" 6929
"../../../Engine/Content/EngineMaterials/Substrate/Glints2/dict_0000_0142.uasset" 6930
"../../../Engine/Content/EngineMaterials/Substrate/Glints2/dict_0000_0141.uasset" 6931
"../../../Engine/Content/EngineMaterials/Substrate/Glints2/dict_0000_0146.uasset" 6932
"../../../Engine/Content/EngineMaterials/Substrate/Glints2/dict_0000_0144.uasset" 6933
"../../../Engine/Content/EngineMaterials/Substrate/Glints2/dict_0000_0140.uasset" 6934
"../../../Engine/Content/EngineMaterials/Substrate/Glints2/dict_0000_0143.uasset" 6935
"../../../Engine/Content/EngineMaterials/Substrate/Glints2/dict_0000_0139.uasset" 6936
"../../../Engine/Content/EngineMaterials/Substrate/Glints2/dict_0000_0145.uasset" 6937
"../../../Engine/Content/EngineMaterials/Substrate/Glints2/dict_0000_0147.uasset" 6938
"/Engine/EngineMaterials/Substrate/Glints2/dict_0000_0135" 6939
"../../../Engine/Content/EngineMaterials/Substrate/Glints2/dict_0000_0148.uasset" 6940
"../../../Engine/Content/EngineMaterials/Substrate/Glints2/dict_0000_0149.uasset" 6941
"../../../Engine/Content/EngineMaterials/Substrate/Glints2/dict_0000_0151.uasset" 6942
"../../../Engine/Content/EngineMaterials/Substrate/Glints2/dict_0000_0150.uasset" 6943
"../../../Engine/Content/EngineMaterials/Substrate/Glints2/dict_0000_0152.uasset" 6944
"../../../Engine/Content/EngineMaterials/Substrate/Glints2/dict_0000_0154.uasset" 6945
"../../../Engine/Content/EngineMaterials/Substrate/Glints2/dict_0000_0155.uasset" 6946
"../../../Engine/Content/EngineMaterials/Substrate/Glints2/dict_0000_0157.uasset" 6947
"../../../Engine/Content/EngineMaterials/Substrate/Glints2/dict_0000_0156.uasset" 6948
"../../../Engine/Content/EngineMaterials/Substrate/Glints2/dict_0000_0153.uasset" 6949
"../../../Engine/Content/EngineMaterials/Substrate/Glints2/dict_0000_0158.uasset" 6950
"/Engine/EngineMaterials/Substrate/Glints2/dict_0000_0134" 6951
"/Engine/EngineMaterials/Substrate/Glints2/dict_0000_0133" 6952
"/Engine/EngineMaterials/Substrate/Glints2/dict_0000_0132" 6953
"/Engine/EngineMaterials/Substrate/Glints2/dict_0000_0131" 6954
"/Engine/EngineMaterials/Substrate/Glints2/dict_0000_0130" 6955
"/Engine/EngineMaterials/Substrate/Glints2/dict_0000_0129" 6956
"/Engine/EngineMaterials/Substrate/Glints2/dict_0000_0128" 6957
"/Engine/EngineMaterials/Substrate/Glints2/dict_0000_0127" 6958
"/Engine/EngineMaterials/Substrate/Glints2/dict_0000_0158" 6959
"../../../Engine/Content/EngineMaterials/Substrate/Glints2/dict_0000_0163.uasset" 6960
"../../../Engine/Content/EngineMaterials/Substrate/Glints2/dict_0000_0161.uasset" 6961
"../../../Engine/Content/EngineMaterials/Substrate/Glints2/dict_0000_0165.uasset" 6962
"../../../Engine/Content/EngineMaterials/Substrate/Glints2/dict_0000_0164.uasset" 6963
"../../../Engine/Content/EngineMaterials/Substrate/Glints2/dict_0000_0168.uasset" 6964
"../../../Engine/Content/EngineMaterials/Substrate/Glints2/dict_0000_0160.uasset" 6965
"../../../Engine/Content/EngineMaterials/Substrate/Glints2/dict_0000_0159.uasset" 6966
"../../../Engine/Content/EngineMaterials/Substrate/Glints2/dict_0000_0167.uasset" 6967
"../../../Engine/Content/EngineMaterials/Substrate/Glints2/dict_0000_0162.uasset" 6968
"../../../Engine/Content/EngineMaterials/Substrate/Glints2/dict_0000_0166.uasset" 6969
"/Engine/EngineMaterials/Substrate/Glints2/dict_0000_0157" 6970
"/Engine/EngineMaterials/Substrate/Glints2/dict_0000_0156" 6971
"/Engine/EngineMaterials/Substrate/Glints2/dict_0000_0155" 6972
"/Engine/EngineMaterials/Substrate/Glints2/dict_0000_0154" 6973
"/Engine/EngineMaterials/Substrate/Glints2/dict_0000_0153" 6974
"/Engine/EngineMaterials/Substrate/Glints2/dict_0000_0152" 6975
"/Engine/EngineMaterials/Substrate/Glints2/dict_0000_0151" 6976
"/Engine/EngineMaterials/Substrate/Glints2/dict_0000_0150" 6977
"/Engine/EngineMaterials/Substrate/Glints2/dict_0000_0149" 6978
"/Engine/EngineMaterials/Substrate/Glints2/dict_0000_0148" 6979
"/Engine/EngineMaterials/Substrate/Glints2/dict_0000_0147" 6980
"/Engine/EngineMaterials/Substrate/Glints2/dict_0000_0146" 6981
"/Engine/EngineMaterials/Substrate/Glints2/dict_0000_0145" 6982
"/Engine/EngineMaterials/Substrate/Glints2/dict_0000_0144" 6983
"/Engine/EngineMaterials/Substrate/Glints2/dict_0000_0143" 6984
"/Engine/EngineMaterials/Substrate/Glints2/dict_0000_0142" 6985
"/Engine/EngineMaterials/Substrate/Glints2/dict_0000_0141" 6986
"/Engine/EngineMaterials/Substrate/Glints2/dict_0000_0140" 6987
"/Engine/EngineMaterials/Substrate/Glints2/dict_0000_0139" 6988
"/Engine/EngineMaterials/Substrate/Glints2/dict_0000_0138" 6989
"/Engine/EngineMaterials/Substrate/Glints2/dict_0000_0137" 6990
"/Engine/EngineMaterials/Substrate/Glints2/dict_0000_0168" 6991
"../../../Engine/Content/EngineMaterials/Substrate/Glints2/dict_0000_0171.uasset" 6992
"../../../Engine/Content/EngineMaterials/Substrate/Glints2/dict_0000_0170.uasset" 6993
"../../../Engine/Content/EngineMaterials/Substrate/Glints2/dict_0000_0172.uasset" 6994
"../../../Engine/Content/EngineMaterials/Substrate/Glints2/dict_0000_0174.uasset" 6995
"../../../Engine/Content/EngineMaterials/Substrate/Glints2/dict_0000_0169.uasset" 6996
"../../../Engine/Content/EngineMaterials/Substrate/Glints2/dict_0000_0177.uasset" 6997
"../../../Engine/Content/EngineMaterials/Substrate/Glints2/dict_0000_0175.uasset" 6998
"../../../Engine/Content/EngineMaterials/Substrate/Glints2/dict_0000_0178.uasset" 6999
"../../../Engine/Content/EngineMaterials/Substrate/Glints2/dict_0000_0176.uasset" 7000
"../../../Engine/Content/EngineMaterials/Substrate/Glints2/dict_0000_0173.uasset" 7001
"/Engine/EngineMaterials/Substrate/Glints2/dict_0000_0167" 7002
"../../../Engine/Content/EngineMaterials/Substrate/Glints2/dict_0000_0179.uasset" 7003
"../../../Engine/Content/EngineMaterials/Substrate/Glints2/dict_0000_0181.uasset" 7004
"../../../Engine/Content/EngineMaterials/Substrate/Glints2/dict_0000_0180.uasset" 7005
"../../../Engine/Content/EngineMaterials/Substrate/Glints2/dict_0000_0182.uasset" 7006
"../../../Engine/Content/EngineMaterials/Substrate/Glints2/dict_0000_0183.uasset" 7007
"../../../Engine/Content/EngineMaterials/Substrate/Glints2/dict_0000_0185.uasset" 7008
"../../../Engine/Content/EngineMaterials/Substrate/Glints2/dict_0000_0184.uasset" 7009
"../../../Engine/Content/EngineMaterials/Substrate/Glints2/dict_0000_0188.uasset" 7010
"../../../Engine/Content/EngineMaterials/Substrate/Glints2/dict_0000_0187.uasset" 7011
"../../../Engine/Content/EngineMaterials/Substrate/Glints2/dict_0000_0186.uasset" 7012
"../../../Engine/Content/EngineMaterials/Substrate/Glints2/dict_0000_0189.uasset" 7013
"../../../Engine/Content/EngineMaterials/Substrate/Glints2/dict_0000_0190.uasset" 7014
"/Engine/EngineMaterials/Substrate/Glints2/dict_0000_0166" 7015
"/Engine/EngineMaterials/Substrate/Glints2/dict_0000_0165" 7016
"/Engine/EngineMaterials/Substrate/Glints2/dict_0000_0164" 7017
"/Engine/EngineMaterials/Substrate/Glints2/dict_0000_0163" 7018
"/Engine/EngineMaterials/Substrate/Glints2/dict_0000_0162" 7019
"/Engine/EngineMaterials/Substrate/Glints2/dict_0000_0161" 7020
"/Engine/EngineMaterials/Substrate/Glints2/dict_0000_0160" 7021
"/Engine/EngineMaterials/Substrate/Glints2/dict_0000_0159" 7022
"/Engine/EngineMaterials/Substrate/Glints2/dict_0000_0190" 7023
"../../../Engine/Content/EngineMaterials/Substrate/Glints2/dict_0000_0193.uasset" 7024
"../../../Engine/Content/EngineMaterials/Substrate/Glints2/dict_0000_0191.uasset" 7025
"../../../Engine/Content/EngineMaterials/Substrate/Glints2/dict_0000_0192.uasset" 7026
"../../../Engine/Content/EngineMaterials/Substrate/Glints2/dict_0000_0197.uasset" 7027
"../../../Engine/Content/EngineMaterials/Substrate/Glints2/dict_0000_0195.uasset" 7028
"../../../Engine/Content/EngineMaterials/Substrate/Glints2/dict_0000_0196.uasset" 7029
"/Engine/EngineMaterials/Substrate/Glints2/dict_0000_0189" 7030
"../../../Engine/Content/EngineMaterials/Substrate/Glints2/dict_0000_0198.uasset" 7031
"../../../Engine/Content/EngineMaterials/Substrate/Glints2/dict_0000_0200.uasset" 7032
"../../../Engine/Content/EngineMaterials/Substrate/Glints2/dict_0000_0199.uasset" 7033
"../../../Engine/Content/EngineMaterials/Substrate/Glints2/dict_0000_0194.uasset" 7034
"/Engine/EngineMaterials/Substrate/Glints2/dict_0000_0188" 7035
"/Engine/EngineMaterials/Substrate/Glints2/dict_0000_0187" 7036
"/Engine/EngineMaterials/Substrate/Glints2/dict_0000_0186" 7037
"/Engine/EngineMaterials/Substrate/Glints2/dict_0000_0185" 7038
"/Engine/EngineMaterials/Substrate/Glints2/dict_0000_0184" 7039
"/Engine/EngineMaterials/Substrate/Glints2/dict_0000_0183" 7040
"/Engine/EngineMaterials/Substrate/Glints2/dict_0000_0182" 7041
"/Engine/EngineMaterials/Substrate/Glints2/dict_0000_0181" 7042
"/Engine/EngineMaterials/Substrate/Glints2/dict_0000_0180" 7043
"/Engine/EngineMaterials/Substrate/Glints2/dict_0000_0179" 7044
"/Engine/EngineMaterials/Substrate/Glints2/dict_0000_0178" 7045
"/Engine/EngineMaterials/Substrate/Glints2/dict_0000_0177" 7046
"/Engine/EngineMaterials/Substrate/Glints2/dict_0000_0176" 7047
"/Engine/EngineMaterials/Substrate/Glints2/dict_0000_0175" 7048
"/Engine/EngineMaterials/Substrate/Glints2/dict_0000_0174" 7049
"/Engine/EngineMaterials/Substrate/Glints2/dict_0000_0173" 7050
"/Engine/EngineMaterials/Substrate/Glints2/dict_0000_0172" 7051
"/Engine/EngineMaterials/Substrate/Glints2/dict_0000_0171" 7052
"/Engine/EngineMaterials/Substrate/Glints2/dict_0000_0170" 7053
"/Engine/EngineMaterials/Substrate/Glints2/dict_0000_0169" 7054
"/Engine/EngineMaterials/Substrate/Glints2/dict_0000_0200" 7055
"../../../Engine/Content/EngineMaterials/Substrate/Glints2/dict_0000_0205.uasset" 7056
"../../../Engine/Content/EngineMaterials/Substrate/Glints2/dict_0000_0202.uasset" 7057
"../../../Engine/Content/EngineMaterials/Substrate/Glints2/dict_0000_0206.uasset" 7058
"../../../Engine/Content/EngineMaterials/Substrate/Glints2/dict_0000_0203.uasset" 7059
"../../../Engine/Content/EngineMaterials/Substrate/Glints2/dict_0000_0204.uasset" 7060
"../../../Engine/Content/EngineMaterials/Substrate/Glints2/dict_0000_0209.uasset" 7061
"../../../Engine/Content/EngineMaterials/Substrate/Glints2/dict_0000_0207.uasset" 7062
"../../../Engine/Content/EngineMaterials/Substrate/Glints2/dict_0000_0201.uasset" 7063
"../../../Engine/Content/EngineMaterials/Substrate/Glints2/dict_0000_0208.uasset" 7064
"../../../Engine/Content/EngineMaterials/Substrate/Glints2/dict_0000_0210.uasset" 7065
"/Engine/EngineMaterials/Substrate/Glints2/dict_0000_0199" 7066
"../../../Engine/Content/EngineMaterials/Substrate/Glints2/dict_0000_0211.uasset" 7067
"../../../Engine/Content/EngineMaterials/Substrate/Glints2/dict_0000_0218.uasset" 7068
"../../../Engine/Content/EngineMaterials/Substrate/Glints2/dict_0000_0216.uasset" 7069
"../../../Engine/Content/EngineMaterials/Substrate/Glints2/dict_0000_0214.uasset" 7070
"../../../Engine/Content/EngineMaterials/Substrate/Glints2/dict_0000_0215.uasset" 7071
"../../../Engine/Content/EngineMaterials/Substrate/Glints2/dict_0000_0219.uasset" 7072
"../../../Engine/Content/EngineMaterials/Substrate/Glints2/dict_0000_0212.uasset" 7073
"../../../Engine/Content/EngineMaterials/Substrate/Glints2/dict_0000_0220.uasset" 7074
"../../../Engine/Content/EngineMaterials/Substrate/Glints2/dict_0000_0213.uasset" 7075
"../../../Engine/Content/EngineMaterials/Substrate/Glints2/dict_0000_0217.uasset" 7076
"../../../Engine/Content/EngineMaterials/Substrate/Glints2/dict_0000_0221.uasset" 7077
"/Engine/EngineMaterials/Substrate/Glints2/dict_0000_0198" 7078
"../../../Engine/Content/EngineMaterials/Substrate/Glints2/dict_0000_0222.uasset" 7079
"/Engine/EngineMaterials/Substrate/Glints2/dict_0000_0197" 7080
"/Engine/EngineMaterials/Substrate/Glints2/dict_0000_0196" 7081
"/Engine/EngineMaterials/Substrate/Glints2/dict_0000_0195" 7082
"/Engine/EngineMaterials/Substrate/Glints2/dict_0000_0194" 7083
"/Engine/EngineMaterials/Substrate/Glints2/dict_0000_0193" 7084
"/Engine/EngineMaterials/Substrate/Glints2/dict_0000_0192" 7085
"/Engine/EngineMaterials/Substrate/Glints2/dict_0000_0191" 7086
"/Engine/EngineMaterials/Substrate/Glints2/dict_0000_0222" 7087
"../../../Engine/Content/EngineMaterials/Substrate/Glints2/dict_0000_0223.uasset" 7088
"../../../Engine/Content/EngineMaterials/Substrate/Glints2/dict_0000_0225.uasset" 7089
"../../../Engine/Content/EngineMaterials/Substrate/Glints2/dict_0000_0226.uasset" 7090
"../../../Engine/Content/EngineMaterials/Substrate/Glints2/dict_0000_0228.uasset" 7091
"../../../Engine/Content/EngineMaterials/Substrate/Glints2/dict_0000_0224.uasset" 7092
"../../../Engine/Content/EngineMaterials/Substrate/Glints2/dict_0000_0229.uasset" 7093
"../../../Engine/Content/EngineMaterials/Substrate/Glints2/dict_0000_0230.uasset" 7094
"../../../Engine/Content/EngineMaterials/Substrate/Glints2/dict_0000_0231.uasset" 7095
"../../../Engine/Content/EngineMaterials/Substrate/Glints2/dict_0000_0232.uasset" 7096
"../../../Engine/Content/EngineMaterials/Substrate/Glints2/dict_0000_0227.uasset" 7097
"/Engine/EngineMaterials/Substrate/Glints2/dict_0000_0221" 7098
"/Engine/EngineMaterials/Substrate/Glints2/dict_0000_0220" 7099
"/Engine/EngineMaterials/Substrate/Glints2/dict_0000_0219" 7100
"/Engine/EngineMaterials/Substrate/Glints2/dict_0000_0218" 7101
"/Engine/EngineMaterials/Substrate/Glints2/dict_0000_0217" 7102
"/Engine/EngineMaterials/Substrate/Glints2/dict_0000_0216" 7103
"/Engine/EngineMaterials/Substrate/Glints2/dict_0000_0215" 7104
"/Engine/EngineMaterials/Substrate/Glints2/dict_0000_0214" 7105
"/Engine/EngineMaterials/Substrate/Glints2/dict_0000_0213" 7106
"/Engine/EngineMaterials/Substrate/Glints2/dict_0000_0212" 7107
"/Engine/EngineMaterials/Substrate/Glints2/dict_0000_0211" 7108
"/Engine/EngineMaterials/Substrate/Glints2/dict_0000_0210" 7109
"/Engine/EngineMaterials/Substrate/Glints2/dict_0000_0209" 7110
"/Engine/EngineMaterials/Substrate/Glints2/dict_0000_0208" 7111
"/Engine/EngineMaterials/Substrate/Glints2/dict_0000_0207" 7112
"/Engine/EngineMaterials/Substrate/Glints2/dict_0000_0206" 7113
"/Engine/EngineMaterials/Substrate/Glints2/dict_0000_0205" 7114
"/Engine/EngineMaterials/Substrate/Glints2/dict_0000_0204" 7115
"/Engine/EngineMaterials/Substrate/Glints2/dict_0000_0203" 7116
"/Engine/EngineMaterials/Substrate/Glints2/dict_0000_0202" 7117
"/Engine/EngineMaterials/Substrate/Glints2/dict_0000_0201" 7118
"/Engine/EngineMaterials/Substrate/Glints2/dict_0000_0232" 7119
"../../../Engine/Content/EngineMaterials/Substrate/Glints2/dict_0000_0234.uasset" 7120
"../../../Engine/Content/EngineMaterials/Substrate/Glints2/dict_0000_0235.uasset" 7121
"../../../Engine/Content/EngineMaterials/Substrate/Glints2/dict_0000_0237.uasset" 7122
"../../../Engine/Content/EngineMaterials/Substrate/Glints2/dict_0000_0236.uasset" 7123
"../../../Engine/Content/EngineMaterials/Substrate/Glints2/dict_0000_0238.uasset" 7124
"../../../Engine/Content/EngineMaterials/Substrate/Glints2/dict_0000_0239.uasset" 7125
"../../../Engine/Content/EngineMaterials/Substrate/Glints2/dict_0000_0233.uasset" 7126
"../../../Engine/Content/EngineMaterials/Substrate/Glints2/dict_0000_0242.uasset" 7127
"../../../Engine/Content/EngineMaterials/Substrate/Glints2/dict_0000_0240.uasset" 7128
"../../../Engine/Content/EngineMaterials/Substrate/Glints2/dict_0000_0241.uasset" 7129
"/Engine/EngineMaterials/Substrate/Glints2/dict_0000_0231" 7130
"../../../Engine/Content/EngineMaterials/Substrate/Glints2/dict_0000_0244.uasset" 7131
"../../../Engine/Content/EngineMaterials/Substrate/Glints2/dict_0000_0243.uasset" 7132
"../../../Engine/Content/EngineMaterials/Substrate/Glints2/dict_0000_0245.uasset" 7133
"../../../Engine/Content/EngineMaterials/Substrate/Glints2/dict_0000_0246.uasset" 7134
"../../../Engine/Content/EngineMaterials/Substrate/Glints2/dict_0000_0247.uasset" 7135
"../../../Engine/Content/EngineMaterials/Substrate/Glints2/dict_0000_0248.uasset" 7136
"../../../Engine/Content/EngineMaterials/Substrate/Glints2/dict_0000_0249.uasset" 7137
"../../../Engine/Content/EngineMaterials/Substrate/Glints2/dict_0000_0251.uasset" 7138
"../../../Engine/Content/EngineMaterials/Substrate/Glints2/dict_0000_0250.uasset" 7139
"../../../Engine/Content/EngineMaterials/Substrate/Glints2/dict_0000_0252.uasset" 7140
"../../../Engine/Content/EngineMaterials/Substrate/Glints2/dict_0000_0254.uasset" 7141
"../../../Engine/Content/EngineMaterials/Substrate/Glints2/dict_0000_0253.uasset" 7142
"/Engine/EngineMaterials/Substrate/Glints2/dict_0000_0230" 7143
"/Engine/EngineMaterials/Substrate/Glints2/dict_0000_0229" 7144
"/Engine/EngineMaterials/Substrate/Glints2/dict_0000_0228" 7145
"/Engine/EngineMaterials/Substrate/Glints2/dict_0000_0227" 7146
"/Engine/EngineMaterials/Substrate/Glints2/dict_0000_0226" 7147
"/Engine/EngineMaterials/Substrate/Glints2/dict_0000_0225" 7148
"/Engine/EngineMaterials/Substrate/Glints2/dict_0000_0224" 7149
"/Engine/EngineMaterials/Substrate/Glints2/dict_0000_0223" 7150
"/Engine/EngineMaterials/Substrate/Glints2/dict_0000_0254" 7151
"../../../Engine/Content/EngineMaterials/Substrate/Glints2/dict_0000_0255.uasset" 7152
"../../../Engine/Content/EngineMaterials/Substrate/Glints2/dict_0001_0001.uasset" 7153
"../../../Engine/Content/EngineMaterials/Substrate/Glints2/dict_0001_0002.uasset" 7154
"../../../Engine/Content/EngineMaterials/Substrate/Glints2/dict_0001_0005.uasset" 7155
"../../../Engine/Content/EngineMaterials/Substrate/Glints2/dict_0001_0000.uasset" 7156
"../../../Engine/Content/EngineMaterials/Substrate/Glints2/dict_0001_0004.uasset" 7157
"../../../Engine/Content/EngineMaterials/Substrate/Glints2/dict_0001_0006.uasset" 7158
"../../../Engine/Content/EngineMaterials/Substrate/Glints2/dict_0001_0008.uasset" 7159
"../../../Engine/Content/EngineMaterials/Substrate/Glints2/dict_0001_0003.uasset" 7160
"../../../Engine/Content/EngineMaterials/Substrate/Glints2/dict_0001_0007.uasset" 7161
"/Engine/EngineMaterials/Substrate/Glints2/dict_0000_0253" 7162
"/Engine/EngineMaterials/Substrate/Glints2/dict_0000_0252" 7163
"/Engine/EngineMaterials/Substrate/Glints2/dict_0000_0251" 7164
"/Engine/EngineMaterials/Substrate/Glints2/dict_0000_0250" 7165
"/Engine/EngineMaterials/Substrate/Glints2/dict_0000_0249" 7166
"/Engine/EngineMaterials/Substrate/Glints2/dict_0000_0248" 7167
"/Engine/EngineMaterials/Substrate/Glints2/dict_0000_0247" 7168
"/Engine/EngineMaterials/Substrate/Glints2/dict_0000_0246" 7169
"/Engine/EngineMaterials/Substrate/Glints2/dict_0000_0245" 7170
"/Engine/EngineMaterials/Substrate/Glints2/dict_0000_0244" 7171
"/Engine/EngineMaterials/Substrate/Glints2/dict_0000_0243" 7172
"/Engine/EngineMaterials/Substrate/Glints2/dict_0000_0242" 7173
"/Engine/EngineMaterials/Substrate/Glints2/dict_0000_0241" 7174
"/Engine/EngineMaterials/Substrate/Glints2/dict_0000_0240" 7175
"/Engine/EngineMaterials/Substrate/Glints2/dict_0000_0239" 7176
"/Engine/EngineMaterials/Substrate/Glints2/dict_0000_0238" 7177
"/Engine/EngineMaterials/Substrate/Glints2/dict_0000_0237" 7178
"/Engine/EngineMaterials/Substrate/Glints2/dict_0000_0236" 7179
"/Engine/EngineMaterials/Substrate/Glints2/dict_0000_0235" 7180
"/Engine/EngineMaterials/Substrate/Glints2/dict_0000_0234" 7181
"/Engine/EngineMaterials/Substrate/Glints2/dict_0000_0233" 7182
"/Engine/EngineMaterials/Substrate/Glints2/dict_0001_0008" 7183
"../../../Engine/Content/EngineMaterials/Substrate/Glints2/dict_0001_0009.uasset" 7184
"../../../Engine/Content/EngineMaterials/Substrate/Glints2/dict_0001_0011.uasset" 7185
"../../../Engine/Content/EngineMaterials/Substrate/Glints2/dict_0001_0012.uasset" 7186
"../../../Engine/Content/EngineMaterials/Substrate/Glints2/dict_0001_0010.uasset" 7187
"../../../Engine/Content/EngineMaterials/Substrate/Glints2/dict_0001_0016.uasset" 7188
"../../../Engine/Content/EngineMaterials/Substrate/Glints2/dict_0001_0018.uasset" 7189
"../../../Engine/Content/EngineMaterials/Substrate/Glints2/dict_0001_0013.uasset" 7190
"../../../Engine/Content/EngineMaterials/Substrate/Glints2/dict_0001_0015.uasset" 7191
"../../../Engine/Content/EngineMaterials/Substrate/Glints2/dict_0001_0017.uasset" 7192
"../../../Engine/Content/EngineMaterials/Substrate/Glints2/dict_0001_0014.uasset" 7193
"../../../Engine/Content/EngineMaterials/Substrate/Glints2/dict_0001_0020.uasset" 7194
"../../../Engine/Content/EngineMaterials/Substrate/Glints2/dict_0001_0021.uasset" 7195
"/Engine/EngineMaterials/Substrate/Glints2/dict_0001_0007" 7196
"../../../Engine/Content/EngineMaterials/Substrate/Glints2/dict_0001_0022.uasset" 7197
"../../../Engine/Content/EngineMaterials/Substrate/Glints2/dict_0001_0023.uasset" 7198
"../../../Engine/Content/EngineMaterials/Substrate/Glints2/dict_0001_0024.uasset" 7199
"../../../Engine/Content/EngineMaterials/Substrate/Glints2/dict_0001_0025.uasset" 7200
"../../../Engine/Content/EngineMaterials/Substrate/Glints2/dict_0001_0027.uasset" 7201
"../../../Engine/Content/EngineMaterials/Substrate/Glints2/dict_0001_0019.uasset" 7202
"../../../Engine/Content/EngineMaterials/Substrate/Glints2/dict_0001_0030.uasset" 7203
"../../../Engine/Content/EngineMaterials/Substrate/Glints2/dict_0001_0029.uasset" 7204
"../../../Engine/Content/EngineMaterials/Substrate/Glints2/dict_0001_0028.uasset" 7205
"../../../Engine/Content/EngineMaterials/Substrate/Glints2/dict_0001_0026.uasset" 7206
"/Engine/EngineMaterials/Substrate/Glints2/dict_0001_0006" 7207
"/Engine/EngineMaterials/Substrate/Glints2/dict_0001_0005" 7208
"/Engine/EngineMaterials/Substrate/Glints2/dict_0001_0004" 7209
"/Engine/EngineMaterials/Substrate/Glints2/dict_0001_0003" 7210
"/Engine/EngineMaterials/Substrate/Glints2/dict_0001_0002" 7211
"/Engine/EngineMaterials/Substrate/Glints2/dict_0001_0001" 7212
"/Engine/EngineMaterials/Substrate/Glints2/dict_0001_0000" 7213
"/Engine/EngineMaterials/Substrate/Glints2/dict_0000_0255" 7214
"/Engine/EngineMaterials/Substrate/Glints2/dict_0001_0030" 7215
"../../../Engine/Content/EngineMaterials/Substrate/Glints2/dict_0001_0032.uasset" 7216
"../../../Engine/Content/EngineMaterials/Substrate/Glints2/dict_0001_0036.uasset" 7217
"../../../Engine/Content/EngineMaterials/Substrate/Glints2/dict_0001_0037.uasset" 7218
"../../../Engine/Content/EngineMaterials/Substrate/Glints2/dict_0001_0031.uasset" 7219
"../../../Engine/Content/EngineMaterials/Substrate/Glints2/dict_0001_0033.uasset" 7220
"../../../Engine/Content/EngineMaterials/Substrate/Glints2/dict_0001_0034.uasset" 7221
"../../../Engine/Content/EngineMaterials/Substrate/Glints2/dict_0001_0035.uasset" 7222
"../../../Engine/Content/EngineMaterials/Substrate/Glints2/dict_0001_0038.uasset" 7223
"/Engine/EngineMaterials/Substrate/Glints2/dict_0001_0029" 7224
"../../../Engine/Content/EngineMaterials/Substrate/Glints2/dict_0001_0039.uasset" 7225
"../../../Engine/Content/EngineMaterials/Substrate/Glints2/dict_0001_0040.uasset" 7226
"/Engine/EngineMaterials/Substrate/Glints2/dict_0001_0028" 7227
"/Engine/EngineMaterials/Substrate/Glints2/dict_0001_0027" 7228
"/Engine/EngineMaterials/Substrate/Glints2/dict_0001_0026" 7229
"/Engine/EngineMaterials/Substrate/Glints2/dict_0001_0025" 7230
"/Engine/EngineMaterials/Substrate/Glints2/dict_0001_0024" 7231
"/Engine/EngineMaterials/Substrate/Glints2/dict_0001_0023" 7232
"/Engine/EngineMaterials/Substrate/Glints2/dict_0001_0022" 7233
"/Engine/EngineMaterials/Substrate/Glints2/dict_0001_0021" 7234
"/Engine/EngineMaterials/Substrate/Glints2/dict_0001_0020" 7235
"/Engine/EngineMaterials/Substrate/Glints2/dict_0001_0019" 7236
"/Engine/EngineMaterials/Substrate/Glints2/dict_0001_0018" 7237
"/Engine/EngineMaterials/Substrate/Glints2/dict_0001_0017" 7238
"/Engine/EngineMaterials/Substrate/Glints2/dict_0001_0016" 7239
"/Engine/EngineMaterials/Substrate/Glints2/dict_0001_0015" 7240
"/Engine/EngineMaterials/Substrate/Glints2/dict_0001_0014" 7241
"/Engine/EngineMaterials/Substrate/Glints2/dict_0001_0013" 7242
"/Engine/EngineMaterials/Substrate/Glints2/dict_0001_0012" 7243
"/Engine/EngineMaterials/Substrate/Glints2/dict_0001_0011" 7244
"/Engine/EngineMaterials/Substrate/Glints2/dict_0001_0010" 7245
"/Engine/EngineMaterials/Substrate/Glints2/dict_0001_0009" 7246
"/Engine/EngineMaterials/Substrate/Glints2/dict_0001_0040" 7247
"../../../Engine/Content/EngineMaterials/Substrate/Glints2/dict_0001_0042.uasset" 7248
"../../../Engine/Content/EngineMaterials/Substrate/Glints2/dict_0001_0044.uasset" 7249
"../../../Engine/Content/EngineMaterials/Substrate/Glints2/dict_0001_0045.uasset" 7250
"../../../Engine/Content/EngineMaterials/Substrate/Glints2/dict_0001_0043.uasset" 7251
"../../../Engine/Content/EngineMaterials/Substrate/Glints2/dict_0001_0048.uasset" 7252
"../../../Engine/Content/EngineMaterials/Substrate/Glints2/dict_0001_0050.uasset" 7253
"../../../Engine/Content/EngineMaterials/Substrate/Glints2/dict_0001_0047.uasset" 7254
"../../../Engine/Content/EngineMaterials/Substrate/Glints2/dict_0001_0049.uasset" 7255
"../../../Engine/Content/EngineMaterials/Substrate/Glints2/dict_0001_0041.uasset" 7256
"../../../Engine/Content/EngineMaterials/Substrate/Glints2/dict_0001_0046.uasset" 7257
"/Engine/EngineMaterials/Substrate/Glints2/dict_0001_0039" 7258
"../../../Engine/Content/EngineMaterials/Substrate/Glints2/dict_0001_0051.uasset" 7259
"../../../Engine/Content/EngineMaterials/Substrate/Glints2/dict_0001_0055.uasset" 7260
"../../../Engine/Content/EngineMaterials/Substrate/Glints2/dict_0001_0053.uasset" 7261
"../../../Engine/Content/EngineMaterials/Substrate/Glints2/dict_0001_0054.uasset" 7262
"../../../Engine/Content/EngineMaterials/Substrate/Glints2/dict_0001_0056.uasset" 7263
"../../../Engine/Content/EngineMaterials/Substrate/Glints2/dict_0001_0057.uasset" 7264
"../../../Engine/Content/EngineMaterials/Substrate/Glints2/dict_0001_0052.uasset" 7265
"../../../Engine/Content/EngineMaterials/Substrate/Glints2/dict_0001_0058.uasset" 7266
"../../../Engine/Content/EngineMaterials/Substrate/Glints2/dict_0001_0059.uasset" 7267
"../../../Engine/Content/EngineMaterials/Substrate/Glints2/dict_0001_0060.uasset" 7268
"../../../Engine/Content/EngineMaterials/Substrate/Glints2/dict_0001_0061.uasset" 7269
"../../../Engine/Content/EngineMaterials/Substrate/Glints2/dict_0001_0062.uasset" 7270
"/Engine/EngineMaterials/Substrate/Glints2/dict_0001_0038" 7271
"/Engine/EngineMaterials/Substrate/Glints2/dict_0001_0037" 7272
"/Engine/EngineMaterials/Substrate/Glints2/dict_0001_0036" 7273
"/Engine/EngineMaterials/Substrate/Glints2/dict_0001_0035" 7274
"/Engine/EngineMaterials/Substrate/Glints2/dict_0001_0034" 7275
"/Engine/EngineMaterials/Substrate/Glints2/dict_0001_0033" 7276
"/Engine/EngineMaterials/Substrate/Glints2/dict_0001_0032" 7277
"/Engine/EngineMaterials/Substrate/Glints2/dict_0001_0031" 7278
"/Engine/EngineMaterials/Substrate/Glints2/dict_0001_0062" 7279
"../../../Engine/Content/EngineMaterials/Substrate/Glints2/dict_0001_0063.uasset" 7280
"../../../Engine/Content/EngineMaterials/Substrate/Glints2/dict_0001_0064.uasset" 7281
"../../../Engine/Content/EngineMaterials/Substrate/Glints2/dict_0001_0065.uasset" 7282
"../../../Engine/Content/EngineMaterials/Substrate/Glints2/dict_0001_0066.uasset" 7283
"../../../Engine/Content/EngineMaterials/Substrate/Glints2/dict_0001_0067.uasset" 7284
"../../../Engine/Content/EngineMaterials/Substrate/Glints2/dict_0001_0070.uasset" 7285
"../../../Engine/Content/EngineMaterials/Substrate/Glints2/dict_0001_0068.uasset" 7286
"../../../Engine/Content/EngineMaterials/Substrate/Glints2/dict_0001_0072.uasset" 7287
"/Engine/EngineMaterials/Substrate/Glints2/dict_0001_0061" 7288
"../../../Engine/Content/EngineMaterials/Substrate/Glints2/dict_0001_0071.uasset" 7289
"../../../Engine/Content/EngineMaterials/Substrate/Glints2/dict_0001_0069.uasset" 7290
"/Engine/EngineMaterials/Substrate/Glints2/dict_0001_0060" 7291
"/Engine/EngineMaterials/Substrate/Glints2/dict_0001_0059" 7292
"/Engine/EngineMaterials/Substrate/Glints2/dict_0001_0058" 7293
"/Engine/EngineMaterials/Substrate/Glints2/dict_0001_0057" 7294
"/Engine/EngineMaterials/Substrate/Glints2/dict_0001_0056" 7295
"/Engine/EngineMaterials/Substrate/Glints2/dict_0001_0055" 7296
"/Engine/EngineMaterials/Substrate/Glints2/dict_0001_0054" 7297
"/Engine/EngineMaterials/Substrate/Glints2/dict_0001_0053" 7298
"/Engine/EngineMaterials/Substrate/Glints2/dict_0001_0052" 7299
"/Engine/EngineMaterials/Substrate/Glints2/dict_0001_0051" 7300
"/Engine/EngineMaterials/Substrate/Glints2/dict_0001_0050" 7301
"/Engine/EngineMaterials/Substrate/Glints2/dict_0001_0049" 7302
"/Engine/EngineMaterials/Substrate/Glints2/dict_0001_0048" 7303
"/Engine/EngineMaterials/Substrate/Glints2/dict_0001_0047" 7304
"/Engine/EngineMaterials/Substrate/Glints2/dict_0001_0046" 7305
"/Engine/EngineMaterials/Substrate/Glints2/dict_0001_0045" 7306
"/Engine/EngineMaterials/Substrate/Glints2/dict_0001_0044" 7307
"/Engine/EngineMaterials/Substrate/Glints2/dict_0001_0043" 7308
"/Engine/EngineMaterials/Substrate/Glints2/dict_0001_0042" 7309
"/Engine/EngineMaterials/Substrate/Glints2/dict_0001_0041" 7310
"/Engine/EngineMaterials/Substrate/Glints2/dict_0001_0072" 7311
"../../../Engine/Content/EngineMaterials/Substrate/Glints2/dict_0001_0073.uasset" 7312
"../../../Engine/Content/EngineMaterials/Substrate/Glints2/dict_0001_0077.uasset" 7313
"../../../Engine/Content/EngineMaterials/Substrate/Glints2/dict_0001_0080.uasset" 7314
"../../../Engine/Content/EngineMaterials/Substrate/Glints2/dict_0001_0082.uasset" 7315
"../../../Engine/Content/EngineMaterials/Substrate/Glints2/dict_0001_0081.uasset" 7316
"../../../Engine/Content/EngineMaterials/Substrate/Glints2/dict_0001_0078.uasset" 7317
"../../../Engine/Content/EngineMaterials/Substrate/Glints2/dict_0001_0076.uasset" 7318
"../../../Engine/Content/EngineMaterials/Substrate/Glints2/dict_0001_0075.uasset" 7319
"../../../Engine/Content/EngineMaterials/Substrate/Glints2/dict_0001_0074.uasset" 7320
"../../../Engine/Content/EngineMaterials/Substrate/Glints2/dict_0001_0079.uasset" 7321
"/Engine/EngineMaterials/Substrate/Glints2/dict_0001_0071" 7322
"../../../Engine/Content/EngineMaterials/Substrate/Glints2/dict_0001_0083.uasset" 7323
"../../../Engine/Content/EngineMaterials/Substrate/Glints2/dict_0001_0086.uasset" 7324
"../../../Engine/Content/EngineMaterials/Substrate/Glints2/dict_0001_0087.uasset" 7325
"../../../Engine/Content/EngineMaterials/Substrate/Glints2/dict_0001_0085.uasset" 7326
"../../../Engine/Content/EngineMaterials/Substrate/Glints2/dict_0001_0088.uasset" 7327
"../../../Engine/Content/EngineMaterials/Substrate/Glints2/dict_0001_0089.uasset" 7328
"../../../Engine/Content/EngineMaterials/Substrate/Glints2/dict_0001_0090.uasset" 7329
"../../../Engine/Content/EngineMaterials/Substrate/Glints2/dict_0001_0084.uasset" 7330
"../../../Engine/Content/EngineMaterials/Substrate/Glints2/dict_0001_0091.uasset" 7331
"../../../Engine/Content/EngineMaterials/Substrate/Glints2/dict_0001_0092.uasset" 7332
"../../../Engine/Content/EngineMaterials/Substrate/Glints2/dict_0001_0093.uasset" 7333
"../../../Engine/Content/EngineMaterials/Substrate/Glints2/dict_0001_0094.uasset" 7334
"/Engine/EngineMaterials/Substrate/Glints2/dict_0001_0070" 7335
"/Engine/EngineMaterials/Substrate/Glints2/dict_0001_0069" 7336
"/Engine/EngineMaterials/Substrate/Glints2/dict_0001_0068" 7337
"/Engine/EngineMaterials/Substrate/Glints2/dict_0001_0067" 7338
"/Engine/EngineMaterials/Substrate/Glints2/dict_0001_0066" 7339
"/Engine/EngineMaterials/Substrate/Glints2/dict_0001_0065" 7340
"/Engine/EngineMaterials/Substrate/Glints2/dict_0001_0064" 7341
"/Engine/EngineMaterials/Substrate/Glints2/dict_0001_0063" 7342
"/Engine/EngineMaterials/Substrate/Glints2/dict_0001_0094" 7343
"../../../Engine/Content/EngineMaterials/Substrate/Glints2/dict_0001_0097.uasset" 7344
"../../../Engine/Content/EngineMaterials/Substrate/Glints2/dict_0001_0096.uasset" 7345
"../../../Engine/Content/EngineMaterials/Substrate/Glints2/dict_0001_0098.uasset" 7346
"../../../Engine/Content/EngineMaterials/Substrate/Glints2/dict_0001_0100.uasset" 7347
"../../../Engine/Content/EngineMaterials/Substrate/Glints2/dict_0001_0099.uasset" 7348
"../../../Engine/Content/EngineMaterials/Substrate/Glints2/dict_0001_0101.uasset" 7349
"../../../Engine/Content/EngineMaterials/Substrate/Glints2/dict_0001_0095.uasset" 7350
"../../../Engine/Content/EngineMaterials/Substrate/Glints2/dict_0001_0104.uasset" 7351
"../../../Engine/Content/EngineMaterials/Substrate/Glints2/dict_0001_0102.uasset" 7352
"../../../Engine/Content/EngineMaterials/Substrate/Glints2/dict_0001_0103.uasset" 7353
"/Engine/EngineMaterials/Substrate/Glints2/dict_0001_0093" 7354
"/Engine/EngineMaterials/Substrate/Glints2/dict_0001_0092" 7355
"/Engine/EngineMaterials/Substrate/Glints2/dict_0001_0091" 7356
"/Engine/EngineMaterials/Substrate/Glints2/dict_0001_0090" 7357
"/Engine/EngineMaterials/Substrate/Glints2/dict_0001_0089" 7358
"/Engine/EngineMaterials/Substrate/Glints2/dict_0001_0088" 7359
"/Engine/EngineMaterials/Substrate/Glints2/dict_0001_0087" 7360
"/Engine/EngineMaterials/Substrate/Glints2/dict_0001_0086" 7361
"/Engine/EngineMaterials/Substrate/Glints2/dict_0001_0085" 7362
"/Engine/EngineMaterials/Substrate/Glints2/dict_0001_0084" 7363
"/Engine/EngineMaterials/Substrate/Glints2/dict_0001_0083" 7364
"/Engine/EngineMaterials/Substrate/Glints2/dict_0001_0082" 7365
"/Engine/EngineMaterials/Substrate/Glints2/dict_0001_0081" 7366
"/Engine/EngineMaterials/Substrate/Glints2/dict_0001_0080" 7367
"/Engine/EngineMaterials/Substrate/Glints2/dict_0001_0079" 7368
"/Engine/EngineMaterials/Substrate/Glints2/dict_0001_0078" 7369
"/Engine/EngineMaterials/Substrate/Glints2/dict_0001_0077" 7370
"/Engine/EngineMaterials/Substrate/Glints2/dict_0001_0076" 7371
"/Engine/EngineMaterials/Substrate/Glints2/dict_0001_0075" 7372
"/Engine/EngineMaterials/Substrate/Glints2/dict_0001_0074" 7373
"/Engine/EngineMaterials/Substrate/Glints2/dict_0001_0073" 7374
"/Engine/EngineMaterials/Substrate/Glints2/dict_0001_0104" 7375
"../../../Engine/Content/EngineMaterials/Substrate/Glints2/dict_0001_0108.uasset" 7376
"../../../Engine/Content/EngineMaterials/Substrate/Glints2/dict_0001_0107.uasset" 7377
"../../../Engine/Content/EngineMaterials/Substrate/Glints2/dict_0001_0113.uasset" 7378
"../../../Engine/Content/EngineMaterials/Substrate/Glints2/dict_0001_0110.uasset" 7379
"../../../Engine/Content/EngineMaterials/Substrate/Glints2/dict_0001_0111.uasset" 7380
"../../../Engine/Content/EngineMaterials/Substrate/Glints2/dict_0001_0109.uasset" 7381
"../../../Engine/Content/EngineMaterials/Substrate/Glints2/dict_0001_0106.uasset" 7382
"../../../Engine/Content/EngineMaterials/Substrate/Glints2/dict_0001_0105.uasset" 7383
"../../../Engine/Content/EngineMaterials/Substrate/Glints2/dict_0001_0112.uasset" 7384
"../../../Engine/Content/EngineMaterials/Substrate/Glints2/dict_0001_0114.uasset" 7385
"/Engine/EngineMaterials/Substrate/Glints2/dict_0001_0103" 7386
"../../../Engine/Content/EngineMaterials/Substrate/Glints2/dict_0001_0115.uasset" 7387
"../../../Engine/Content/EngineMaterials/Substrate/Glints2/dict_0001_0117.uasset" 7388
"../../../Engine/Content/EngineMaterials/Substrate/Glints2/dict_0001_0116.uasset" 7389
"../../../Engine/Content/EngineMaterials/Substrate/Glints2/dict_0001_0118.uasset" 7390
"../../../Engine/Content/EngineMaterials/Substrate/Glints2/dict_0001_0119.uasset" 7391
"../../../Engine/Content/EngineMaterials/Substrate/Glints2/dict_0001_0120.uasset" 7392
"../../../Engine/Content/EngineMaterials/Substrate/Glints2/dict_0001_0121.uasset" 7393
"../../../Engine/Content/EngineMaterials/Substrate/Glints2/dict_0001_0122.uasset" 7394
"../../../Engine/Content/EngineMaterials/Substrate/Glints2/dict_0001_0124.uasset" 7395
"../../../Engine/Content/EngineMaterials/Substrate/Glints2/dict_0001_0125.uasset" 7396
"../../../Engine/Content/EngineMaterials/Substrate/Glints2/dict_0001_0123.uasset" 7397
"../../../Engine/Content/EngineMaterials/Substrate/Glints2/dict_0001_0126.uasset" 7398
"/Engine/EngineMaterials/Substrate/Glints2/dict_0001_0102" 7399
"/Engine/EngineMaterials/Substrate/Glints2/dict_0001_0101" 7400
"/Engine/EngineMaterials/Substrate/Glints2/dict_0001_0100" 7401
"/Engine/EngineMaterials/Substrate/Glints2/dict_0001_0099" 7402
"/Engine/EngineMaterials/Substrate/Glints2/dict_0001_0098" 7403
"/Engine/EngineMaterials/Substrate/Glints2/dict_0001_0097" 7404
"/Engine/EngineMaterials/Substrate/Glints2/dict_0001_0096" 7405
"/Engine/EngineMaterials/Substrate/Glints2/dict_0001_0095" 7406
"/Engine/EngineMaterials/Substrate/Glints2/dict_0001_0126" 7407
"../../../Engine/Content/EngineMaterials/Substrate/Glints2/dict_0001_0127.uasset" 7408
"../../../Engine/Content/EngineMaterials/Substrate/Glints2/dict_0001_0128.uasset" 7409
"../../../Engine/Content/EngineMaterials/Substrate/Glints2/dict_0001_0129.uasset" 7410
"../../../Engine/Content/EngineMaterials/Substrate/Glints2/dict_0001_0130.uasset" 7411
"../../../Engine/Content/EngineMaterials/Substrate/Glints2/dict_0001_0131.uasset" 7412
"../../../Engine/Content/EngineMaterials/Substrate/Glints2/dict_0001_0132.uasset" 7413
"../../../Engine/Content/EngineMaterials/Substrate/Glints2/dict_0001_0134.uasset" 7414
"../../../Engine/Content/EngineMaterials/Substrate/Glints2/dict_0001_0135.uasset" 7415
"../../../Engine/Content/EngineMaterials/Substrate/Glints2/dict_0001_0136.uasset" 7416
"../../../Engine/Content/EngineMaterials/Substrate/Glints2/dict_0001_0133.uasset" 7417
"/Engine/EngineMaterials/Substrate/Glints2/dict_0001_0125" 7418
"/Engine/EngineMaterials/Substrate/Glints2/dict_0001_0124" 7419
"/Engine/EngineMaterials/Substrate/Glints2/dict_0001_0123" 7420
"/Engine/EngineMaterials/Substrate/Glints2/dict_0001_0122" 7421
"/Engine/EngineMaterials/Substrate/Glints2/dict_0001_0121" 7422
"/Engine/EngineMaterials/Substrate/Glints2/dict_0001_0120" 7423
"/Engine/EngineMaterials/Substrate/Glints2/dict_0001_0119" 7424
"/Engine/EngineMaterials/Substrate/Glints2/dict_0001_0118" 7425
"/Engine/EngineMaterials/Substrate/Glints2/dict_0001_0117" 7426
"/Engine/EngineMaterials/Substrate/Glints2/dict_0001_0116" 7427
"/Engine/EngineMaterials/Substrate/Glints2/dict_0001_0115" 7428
"/Engine/EngineMaterials/Substrate/Glints2/dict_0001_0114" 7429
"/Engine/EngineMaterials/Substrate/Glints2/dict_0001_0113" 7430
"/Engine/EngineMaterials/Substrate/Glints2/dict_0001_0112" 7431
"/Engine/EngineMaterials/Substrate/Glints2/dict_0001_0111" 7432
"/Engine/EngineMaterials/Substrate/Glints2/dict_0001_0110" 7433
"/Engine/EngineMaterials/Substrate/Glints2/dict_0001_0109" 7434
"/Engine/EngineMaterials/Substrate/Glints2/dict_0001_0108" 7435
"/Engine/EngineMaterials/Substrate/Glints2/dict_0001_0107" 7436
"/Engine/EngineMaterials/Substrate/Glints2/dict_0001_0106" 7437
"/Engine/EngineMaterials/Substrate/Glints2/dict_0001_0105" 7438
"/Engine/EngineMaterials/Substrate/Glints2/dict_0001_0136" 7439
"../../../Engine/Content/EngineMaterials/Substrate/Glints2/dict_0001_0137.uasset" 7440
"../../../Engine/Content/EngineMaterials/Substrate/Glints2/dict_0001_0138.uasset" 7441
"../../../Engine/Content/EngineMaterials/Substrate/Glints2/dict_0001_0139.uasset" 7442
"../../../Engine/Content/EngineMaterials/Substrate/Glints2/dict_0001_0140.uasset" 7443
"../../../Engine/Content/EngineMaterials/Substrate/Glints2/dict_0001_0141.uasset" 7444
"../../../Engine/Content/EngineMaterials/Substrate/Glints2/dict_0001_0142.uasset" 7445
"../../../Engine/Content/EngineMaterials/Substrate/Glints2/dict_0001_0146.uasset" 7446
"../../../Engine/Content/EngineMaterials/Substrate/Glints2/dict_0001_0143.uasset" 7447
"../../../Engine/Content/EngineMaterials/Substrate/Glints2/dict_0001_0144.uasset" 7448
"../../../Engine/Content/EngineMaterials/Substrate/Glints2/dict_0001_0145.uasset" 7449
"../../../Engine/Content/EngineMaterials/Substrate/Glints2/dict_0001_0147.uasset" 7450
"../../../Engine/Content/EngineMaterials/Substrate/Glints2/dict_0001_0148.uasset" 7451
"../../../Engine/Content/EngineMaterials/Substrate/Glints2/dict_0001_0150.uasset" 7452
"/Engine/EngineMaterials/Substrate/Glints2/dict_0001_0135" 7453
"../../../Engine/Content/EngineMaterials/Substrate/Glints2/dict_0001_0151.uasset" 7454
"../../../Engine/Content/EngineMaterials/Substrate/Glints2/dict_0001_0152.uasset" 7455
"../../../Engine/Content/EngineMaterials/Substrate/Glints2/dict_0001_0149.uasset" 7456
"../../../Engine/Content/EngineMaterials/Substrate/Glints2/dict_0001_0153.uasset" 7457
"../../../Engine/Content/EngineMaterials/Substrate/Glints2/dict_0001_0157.uasset" 7458
"../../../Engine/Content/EngineMaterials/Substrate/Glints2/dict_0001_0156.uasset" 7459
"../../../Engine/Content/EngineMaterials/Substrate/Glints2/dict_0001_0158.uasset" 7460
"../../../Engine/Content/EngineMaterials/Substrate/Glints2/dict_0001_0154.uasset" 7461
"../../../Engine/Content/EngineMaterials/Substrate/Glints2/dict_0001_0155.uasset" 7462
"/Engine/EngineMaterials/Substrate/Glints2/dict_0001_0134" 7463
"/Engine/EngineMaterials/Substrate/Glints2/dict_0001_0133" 7464
"/Engine/EngineMaterials/Substrate/Glints2/dict_0001_0132" 7465
"/Engine/EngineMaterials/Substrate/Glints2/dict_0001_0131" 7466
"/Engine/EngineMaterials/Substrate/Glints2/dict_0001_0130" 7467
"/Engine/EngineMaterials/Substrate/Glints2/dict_0001_0129" 7468
"/Engine/EngineMaterials/Substrate/Glints2/dict_0001_0128" 7469
"/Engine/EngineMaterials/Substrate/Glints2/dict_0001_0127" 7470
"/Engine/EngineMaterials/Substrate/Glints2/dict_0001_0158" 7471
"../../../Engine/Content/EngineMaterials/Substrate/Glints2/dict_0001_0162.uasset" 7472
"../../../Engine/Content/EngineMaterials/Substrate/Glints2/dict_0001_0159.uasset" 7473
"../../../Engine/Content/EngineMaterials/Substrate/Glints2/dict_0001_0163.uasset" 7474
"../../../Engine/Content/EngineMaterials/Substrate/Glints2/dict_0001_0160.uasset" 7475
"../../../Engine/Content/EngineMaterials/Substrate/Glints2/dict_0001_0166.uasset" 7476
"../../../Engine/Content/EngineMaterials/Substrate/Glints2/dict_0001_0167.uasset" 7477
"../../../Engine/Content/EngineMaterials/Substrate/Glints2/dict_0001_0164.uasset" 7478
"../../../Engine/Content/EngineMaterials/Substrate/Glints2/dict_0001_0161.uasset" 7479
"../../../Engine/Content/EngineMaterials/Substrate/Glints2/dict_0001_0168.uasset" 7480
"../../../Engine/Content/EngineMaterials/Substrate/Glints2/dict_0001_0165.uasset" 7481
"/Engine/EngineMaterials/Substrate/Glints2/dict_0001_0157" 7482
"/Engine/EngineMaterials/Substrate/Glints2/dict_0001_0156" 7483
"/Engine/EngineMaterials/Substrate/Glints2/dict_0001_0155" 7484
"/Engine/EngineMaterials/Substrate/Glints2/dict_0001_0154" 7485
"/Engine/EngineMaterials/Substrate/Glints2/dict_0001_0153" 7486
"/Engine/EngineMaterials/Substrate/Glints2/dict_0001_0152" 7487
"/Engine/EngineMaterials/Substrate/Glints2/dict_0001_0151" 7488
"/Engine/EngineMaterials/Substrate/Glints2/dict_0001_0150" 7489
"/Engine/EngineMaterials/Substrate/Glints2/dict_0001_0149" 7490
"/Engine/EngineMaterials/Substrate/Glints2/dict_0001_0148" 7491
"/Engine/EngineMaterials/Substrate/Glints2/dict_0001_0147" 7492
"/Engine/EngineMaterials/Substrate/Glints2/dict_0001_0146" 7493
"/Engine/EngineMaterials/Substrate/Glints2/dict_0001_0145" 7494
"/Engine/EngineMaterials/Substrate/Glints2/dict_0001_0144" 7495
"/Engine/EngineMaterials/Substrate/Glints2/dict_0001_0143" 7496
"/Engine/EngineMaterials/Substrate/Glints2/dict_0001_0142" 7497
"/Engine/EngineMaterials/Substrate/Glints2/dict_0001_0141" 7498
"/Engine/EngineMaterials/Substrate/Glints2/dict_0001_0140" 7499
"/Engine/EngineMaterials/Substrate/Glints2/dict_0001_0139" 7500
"/Engine/EngineMaterials/Substrate/Glints2/dict_0001_0138" 7501
"/Engine/EngineMaterials/Substrate/Glints2/dict_0001_0137" 7502
"/Engine/EngineMaterials/Substrate/Glints2/dict_0001_0168" 7503
"../../../Engine/Content/EngineMaterials/Substrate/Glints2/dict_0001_0171.uasset" 7504
"../../../Engine/Content/EngineMaterials/Substrate/Glints2/dict_0001_0169.uasset" 7505
"../../../Engine/Content/EngineMaterials/Substrate/Glints2/dict_0001_0170.uasset" 7506
"../../../Engine/Content/EngineMaterials/Substrate/Glints2/dict_0001_0172.uasset" 7507
"../../../Engine/Content/EngineMaterials/Substrate/Glints2/dict_0001_0176.uasset" 7508
"../../../Engine/Content/EngineMaterials/Substrate/Glints2/dict_0001_0177.uasset" 7509
"../../../Engine/Content/EngineMaterials/Substrate/Glints2/dict_0001_0175.uasset" 7510
"../../../Engine/Content/EngineMaterials/Substrate/Glints2/dict_0001_0178.uasset" 7511
"../../../Engine/Content/EngineMaterials/Substrate/Glints2/dict_0001_0174.uasset" 7512
"../../../Engine/Content/EngineMaterials/Substrate/Glints2/dict_0001_0173.uasset" 7513
"/Engine/EngineMaterials/Substrate/Glints2/dict_0001_0167" 7514
"../../../Engine/Content/EngineMaterials/Substrate/Glints2/dict_0001_0179.uasset" 7515
"../../../Engine/Content/EngineMaterials/Substrate/Glints2/dict_0001_0181.uasset" 7516
"../../../Engine/Content/EngineMaterials/Substrate/Glints2/dict_0001_0182.uasset" 7517
"../../../Engine/Content/EngineMaterials/Substrate/Glints2/dict_0001_0183.uasset" 7518
"../../../Engine/Content/EngineMaterials/Substrate/Glints2/dict_0001_0184.uasset" 7519
"../../../Engine/Content/EngineMaterials/Substrate/Glints2/dict_0001_0186.uasset" 7520
"../../../Engine/Content/EngineMaterials/Substrate/Glints2/dict_0001_0188.uasset" 7521
"../../../Engine/Content/EngineMaterials/Substrate/Glints2/dict_0001_0189.uasset" 7522
"/Engine/EngineMaterials/Substrate/Glints2/dict_0001_0166" 7523
"../../../Engine/Content/EngineMaterials/Substrate/Glints2/dict_0001_0185.uasset" 7524
"../../../Engine/Content/EngineMaterials/Substrate/Glints2/dict_0001_0187.uasset" 7525
"../../../Engine/Content/EngineMaterials/Substrate/Glints2/dict_0001_0190.uasset" 7526
"../../../Engine/Content/EngineMaterials/Substrate/Glints2/dict_0001_0180.uasset" 7527
"/Engine/EngineMaterials/Substrate/Glints2/dict_0001_0165" 7528
"/Engine/EngineMaterials/Substrate/Glints2/dict_0001_0164" 7529
"/Engine/EngineMaterials/Substrate/Glints2/dict_0001_0163" 7530
"/Engine/EngineMaterials/Substrate/Glints2/dict_0001_0162" 7531
"/Engine/EngineMaterials/Substrate/Glints2/dict_0001_0161" 7532
"/Engine/EngineMaterials/Substrate/Glints2/dict_0001_0160" 7533
"/Engine/EngineMaterials/Substrate/Glints2/dict_0001_0159" 7534
"/Engine/EngineMaterials/Substrate/Glints2/dict_0001_0190" 7535
"../../../Engine/Content/EngineMaterials/Substrate/Glints2/dict_0001_0195.uasset" 7536
"../../../Engine/Content/EngineMaterials/Substrate/Glints2/dict_0001_0191.uasset" 7537
"../../../Engine/Content/EngineMaterials/Substrate/Glints2/dict_0001_0192.uasset" 7538
"../../../Engine/Content/EngineMaterials/Substrate/Glints2/dict_0001_0193.uasset" 7539
"../../../Engine/Content/EngineMaterials/Substrate/Glints2/dict_0001_0197.uasset" 7540
"../../../Engine/Content/EngineMaterials/Substrate/Glints2/dict_0001_0200.uasset" 7541
"../../../Engine/Content/EngineMaterials/Substrate/Glints2/dict_0001_0194.uasset" 7542
"../../../Engine/Content/EngineMaterials/Substrate/Glints2/dict_0001_0199.uasset" 7543
"../../../Engine/Content/EngineMaterials/Substrate/Glints2/dict_0001_0196.uasset" 7544
"../../../Engine/Content/EngineMaterials/Substrate/Glints2/dict_0001_0198.uasset" 7545
"/Engine/EngineMaterials/Substrate/Glints2/dict_0001_0189" 7546
"/Engine/EngineMaterials/Substrate/Glints2/dict_0001_0188" 7547
"/Engine/EngineMaterials/Substrate/Glints2/dict_0001_0187" 7548
"/Engine/EngineMaterials/Substrate/Glints2/dict_0001_0186" 7549
"/Engine/EngineMaterials/Substrate/Glints2/dict_0001_0185" 7550
"/Engine/EngineMaterials/Substrate/Glints2/dict_0001_0184" 7551
"/Engine/EngineMaterials/Substrate/Glints2/dict_0001_0183" 7552
"/Engine/EngineMaterials/Substrate/Glints2/dict_0001_0182" 7553
"/Engine/EngineMaterials/Substrate/Glints2/dict_0001_0181" 7554
"/Engine/EngineMaterials/Substrate/Glints2/dict_0001_0180" 7555
"/Engine/EngineMaterials/Substrate/Glints2/dict_0001_0179" 7556
"/Engine/EngineMaterials/Substrate/Glints2/dict_0001_0178" 7557
"/Engine/EngineMaterials/Substrate/Glints2/dict_0001_0177" 7558
"/Engine/EngineMaterials/Substrate/Glints2/dict_0001_0176" 7559
"/Engine/EngineMaterials/Substrate/Glints2/dict_0001_0175" 7560
"/Engine/EngineMaterials/Substrate/Glints2/dict_0001_0174" 7561
"/Engine/EngineMaterials/Substrate/Glints2/dict_0001_0173" 7562
"/Engine/EngineMaterials/Substrate/Glints2/dict_0001_0172" 7563
"/Engine/EngineMaterials/Substrate/Glints2/dict_0001_0171" 7564
"/Engine/EngineMaterials/Substrate/Glints2/dict_0001_0170" 7565
"/Engine/EngineMaterials/Substrate/Glints2/dict_0001_0169" 7566
"/Engine/EngineMaterials/Substrate/Glints2/dict_0001_0200" 7567
"../../../Engine/Content/EngineMaterials/Substrate/Glints2/dict_0001_0205.uasset" 7568
"../../../Engine/Content/EngineMaterials/Substrate/Glints2/dict_0001_0203.uasset" 7569
"../../../Engine/Content/EngineMaterials/Substrate/Glints2/dict_0001_0207.uasset" 7570
"../../../Engine/Content/EngineMaterials/Substrate/Glints2/dict_0001_0201.uasset" 7571
"../../../Engine/Content/EngineMaterials/Substrate/Glints2/dict_0001_0208.uasset" 7572
"../../../Engine/Content/EngineMaterials/Substrate/Glints2/dict_0001_0202.uasset" 7573
"../../../Engine/Content/EngineMaterials/Substrate/Glints2/dict_0001_0210.uasset" 7574
"../../../Engine/Content/EngineMaterials/Substrate/Glints2/dict_0001_0204.uasset" 7575
"../../../Engine/Content/EngineMaterials/Substrate/Glints2/dict_0001_0209.uasset" 7576
"../../../Engine/Content/EngineMaterials/Substrate/Glints2/dict_0001_0206.uasset" 7577
"../../../Engine/Content/EngineMaterials/Substrate/Glints2/dict_0001_0214.uasset" 7578
"../../../Engine/Content/EngineMaterials/Substrate/Glints2/dict_0001_0211.uasset" 7579
"../../../Engine/Content/EngineMaterials/Substrate/Glints2/dict_0001_0213.uasset" 7580
"../../../Engine/Content/EngineMaterials/Substrate/Glints2/dict_0001_0215.uasset" 7581
"/Engine/EngineMaterials/Substrate/Glints2/dict_0001_0199" 7582
"../../../Engine/Content/EngineMaterials/Substrate/Glints2/dict_0001_0212.uasset" 7583
"../../../Engine/Content/EngineMaterials/Substrate/Glints2/dict_0001_0216.uasset" 7584
"../../../Engine/Content/EngineMaterials/Substrate/Glints2/dict_0001_0218.uasset" 7585
"../../../Engine/Content/EngineMaterials/Substrate/Glints2/dict_0001_0220.uasset" 7586
"../../../Engine/Content/EngineMaterials/Substrate/Glints2/dict_0001_0219.uasset" 7587
"../../../Engine/Content/EngineMaterials/Substrate/Glints2/dict_0001_0221.uasset" 7588
"../../../Engine/Content/EngineMaterials/Substrate/Glints2/dict_0001_0222.uasset" 7589
"../../../Engine/Content/EngineMaterials/Substrate/Glints2/dict_0001_0217.uasset" 7590
"/Engine/EngineMaterials/Substrate/Glints2/dict_0001_0198" 7591
"/Engine/EngineMaterials/Substrate/Glints2/dict_0001_0197" 7592
"/Engine/EngineMaterials/Substrate/Glints2/dict_0001_0196" 7593
"/Engine/EngineMaterials/Substrate/Glints2/dict_0001_0195" 7594
"/Engine/EngineMaterials/Substrate/Glints2/dict_0001_0194" 7595
"/Engine/EngineMaterials/Substrate/Glints2/dict_0001_0193" 7596
"/Engine/EngineMaterials/Substrate/Glints2/dict_0001_0192" 7597
"/Engine/EngineMaterials/Substrate/Glints2/dict_0001_0191" 7598
"/Engine/EngineMaterials/Substrate/Glints2/dict_0001_0222" 7599
"../../../Engine/Content/EngineMaterials/Substrate/Glints2/dict_0001_0224.uasset" 7600
"../../../Engine/Content/EngineMaterials/Substrate/Glints2/dict_0001_0226.uasset" 7601
"../../../Engine/Content/EngineMaterials/Substrate/Glints2/dict_0001_0229.uasset" 7602
"../../../Engine/Content/EngineMaterials/Substrate/Glints2/dict_0001_0228.uasset" 7603
"../../../Engine/Content/EngineMaterials/Substrate/Glints2/dict_0001_0231.uasset" 7604
"../../../Engine/Content/EngineMaterials/Substrate/Glints2/dict_0001_0230.uasset" 7605
"../../../Engine/Content/EngineMaterials/Substrate/Glints2/dict_0001_0227.uasset" 7606
"../../../Engine/Content/EngineMaterials/Substrate/Glints2/dict_0001_0223.uasset" 7607
"../../../Engine/Content/EngineMaterials/Substrate/Glints2/dict_0001_0225.uasset" 7608
"../../../Engine/Content/EngineMaterials/Substrate/Glints2/dict_0001_0232.uasset" 7609
"/Engine/EngineMaterials/Substrate/Glints2/dict_0001_0221" 7610
"/Engine/EngineMaterials/Substrate/Glints2/dict_0001_0220" 7611
"/Engine/EngineMaterials/Substrate/Glints2/dict_0001_0219" 7612
"/Engine/EngineMaterials/Substrate/Glints2/dict_0001_0218" 7613
"/Engine/EngineMaterials/Substrate/Glints2/dict_0001_0217" 7614
"/Engine/EngineMaterials/Substrate/Glints2/dict_0001_0216" 7615
"/Engine/EngineMaterials/Substrate/Glints2/dict_0001_0215" 7616
"/Engine/EngineMaterials/Substrate/Glints2/dict_0001_0214" 7617
"/Engine/EngineMaterials/Substrate/Glints2/dict_0001_0213" 7618
"/Engine/EngineMaterials/Substrate/Glints2/dict_0001_0212" 7619
"/Engine/EngineMaterials/Substrate/Glints2/dict_0001_0211" 7620
"/Engine/EngineMaterials/Substrate/Glints2/dict_0001_0210" 7621
"/Engine/EngineMaterials/Substrate/Glints2/dict_0001_0209" 7622
"/Engine/EngineMaterials/Substrate/Glints2/dict_0001_0208" 7623
"/Engine/EngineMaterials/Substrate/Glints2/dict_0001_0207" 7624
"/Engine/EngineMaterials/Substrate/Glints2/dict_0001_0206" 7625
"/Engine/EngineMaterials/Substrate/Glints2/dict_0001_0205" 7626
"/Engine/EngineMaterials/Substrate/Glints2/dict_0001_0204" 7627
"/Engine/EngineMaterials/Substrate/Glints2/dict_0001_0203" 7628
"/Engine/EngineMaterials/Substrate/Glints2/dict_0001_0202" 7629
"/Engine/EngineMaterials/Substrate/Glints2/dict_0001_0201" 7630
"/Engine/EngineMaterials/Substrate/Glints2/dict_0001_0232" 7631
"../../../Engine/Content/EngineMaterials/Substrate/Glints2/dict_0001_0235.uasset" 7632
"../../../Engine/Content/EngineMaterials/Substrate/Glints2/dict_0001_0233.uasset" 7633
"../../../Engine/Content/EngineMaterials/Substrate/Glints2/dict_0001_0237.uasset" 7634
"../../../Engine/Content/EngineMaterials/Substrate/Glints2/dict_0001_0238.uasset" 7635
"../../../Engine/Content/EngineMaterials/Substrate/Glints2/dict_0001_0239.uasset" 7636
"../../../Engine/Content/EngineMaterials/Substrate/Glints2/dict_0001_0241.uasset" 7637
"../../../Engine/Content/EngineMaterials/Substrate/Glints2/dict_0001_0242.uasset" 7638
"../../../Engine/Content/EngineMaterials/Substrate/Glints2/dict_0001_0236.uasset" 7639
"../../../Engine/Content/EngineMaterials/Substrate/Glints2/dict_0001_0240.uasset" 7640
"../../../Engine/Content/EngineMaterials/Substrate/Glints2/dict_0001_0234.uasset" 7641
"/Engine/EngineMaterials/Substrate/Glints2/dict_0001_0231" 7642
"../../../Engine/Content/EngineMaterials/Substrate/Glints2/dict_0001_0245.uasset" 7643
"../../../Engine/Content/EngineMaterials/Substrate/Glints2/dict_0001_0244.uasset" 7644
"../../../Engine/Content/EngineMaterials/Substrate/Glints2/dict_0001_0246.uasset" 7645
"../../../Engine/Content/EngineMaterials/Substrate/Glints2/dict_0001_0247.uasset" 7646
"../../../Engine/Content/EngineMaterials/Substrate/Glints2/dict_0001_0243.uasset" 7647
"../../../Engine/Content/EngineMaterials/Substrate/Glints2/dict_0001_0249.uasset" 7648
"../../../Engine/Content/EngineMaterials/Substrate/Glints2/dict_0001_0248.uasset" 7649
"../../../Engine/Content/EngineMaterials/Substrate/Glints2/dict_0001_0250.uasset" 7650
"../../../Engine/Content/EngineMaterials/Substrate/Glints2/dict_0001_0251.uasset" 7651
"../../../Engine/Content/EngineMaterials/Substrate/Glints2/dict_0001_0252.uasset" 7652
"../../../Engine/Content/EngineMaterials/Substrate/Glints2/dict_0001_0253.uasset" 7653
"../../../Engine/Content/EngineMaterials/Substrate/Glints2/dict_0001_0254.uasset" 7654
"/Engine/EngineMaterials/Substrate/Glints2/dict_0001_0230" 7655
"/Engine/EngineMaterials/Substrate/Glints2/dict_0001_0229" 7656
"/Engine/EngineMaterials/Substrate/Glints2/dict_0001_0228" 7657
"/Engine/EngineMaterials/Substrate/Glints2/dict_0001_0227" 7658
"/Engine/EngineMaterials/Substrate/Glints2/dict_0001_0226" 7659
"/Engine/EngineMaterials/Substrate/Glints2/dict_0001_0225" 7660
"/Engine/EngineMaterials/Substrate/Glints2/dict_0001_0224" 7661
"/Engine/EngineMaterials/Substrate/Glints2/dict_0001_0223" 7662
"../../../Engine/Content/EngineMaterials/Substrate/Glints2/dict_0001_0255.uasset" 7663
"/Engine/EngineMaterials/Substrate/Glints2/dict_0001_0254" 7664
"../../../Engine/Content/EngineMaterials/Substrate/Glints2/dict_0002_0001.uasset" 7665
"../../../Engine/Content/EngineMaterials/Substrate/Glints2/dict_0002_0002.uasset" 7666
"../../../Engine/Content/EngineMaterials/Substrate/Glints2/dict_0002_0003.uasset" 7667
"../../../Engine/Content/EngineMaterials/Substrate/Glints2/dict_0002_0007.uasset" 7668
"../../../Engine/Content/EngineMaterials/Substrate/Glints2/dict_0002_0006.uasset" 7669
"../../../Engine/Content/EngineMaterials/Substrate/Glints2/dict_0002_0005.uasset" 7670
"../../../Engine/Content/EngineMaterials/Substrate/Glints2/dict_0002_0004.uasset" 7671
"../../../Engine/Content/EngineMaterials/Substrate/Glints2/dict_0002_0008.uasset" 7672
"../../../Engine/Content/EngineMaterials/Substrate/Glints2/dict_0002_0000.uasset" 7673
"/Engine/EngineMaterials/Substrate/Glints2/dict_0001_0253" 7674
"/Engine/EngineMaterials/Substrate/Glints2/dict_0001_0252" 7675
"/Engine/EngineMaterials/Substrate/Glints2/dict_0001_0251" 7676
"/Engine/EngineMaterials/Substrate/Glints2/dict_0001_0250" 7677
"/Engine/EngineMaterials/Substrate/Glints2/dict_0001_0249" 7678
"/Engine/EngineMaterials/Substrate/Glints2/dict_0001_0248" 7679
"/Engine/EngineMaterials/Substrate/Glints2/dict_0001_0247" 7680
"/Engine/EngineMaterials/Substrate/Glints2/dict_0001_0246" 7681
"/Engine/EngineMaterials/Substrate/Glints2/dict_0001_0245" 7682
"/Engine/EngineMaterials/Substrate/Glints2/dict_0001_0244" 7683
"/Engine/EngineMaterials/Substrate/Glints2/dict_0001_0243" 7684
"/Engine/EngineMaterials/Substrate/Glints2/dict_0001_0242" 7685
"/Engine/EngineMaterials/Substrate/Glints2/dict_0001_0241" 7686
"/Engine/EngineMaterials/Substrate/Glints2/dict_0001_0240" 7687
"/Engine/EngineMaterials/Substrate/Glints2/dict_0001_0239" 7688
"/Engine/EngineMaterials/Substrate/Glints2/dict_0001_0238" 7689
"/Engine/EngineMaterials/Substrate/Glints2/dict_0001_0237" 7690
"/Engine/EngineMaterials/Substrate/Glints2/dict_0001_0236" 7691
"/Engine/EngineMaterials/Substrate/Glints2/dict_0001_0235" 7692
"/Engine/EngineMaterials/Substrate/Glints2/dict_0001_0234" 7693
"/Engine/EngineMaterials/Substrate/Glints2/dict_0001_0233" 7694
"/Engine/EngineMaterials/Substrate/Glints2/dict_0002_0008" 7695
"../../../Engine/Content/EngineMaterials/Substrate/Glints2/dict_0002_0012.uasset" 7696
"../../../Engine/Content/EngineMaterials/Substrate/Glints2/dict_0002_0010.uasset" 7697
"../../../Engine/Content/EngineMaterials/Substrate/Glints2/dict_0002_0017.uasset" 7698
"../../../Engine/Content/EngineMaterials/Substrate/Glints2/dict_0002_0014.uasset" 7699
"../../../Engine/Content/EngineMaterials/Substrate/Glints2/dict_0002_0015.uasset" 7700
"../../../Engine/Content/EngineMaterials/Substrate/Glints2/dict_0002_0011.uasset" 7701
"../../../Engine/Content/EngineMaterials/Substrate/Glints2/dict_0002_0013.uasset" 7702
"../../../Engine/Content/EngineMaterials/Substrate/Glints2/dict_0002_0016.uasset" 7703
"../../../Engine/Content/EngineMaterials/Substrate/Glints2/dict_0002_0018.uasset" 7704
"../../../Engine/Content/EngineMaterials/Substrate/Glints2/dict_0002_0009.uasset" 7705
"../../../Engine/Content/EngineMaterials/Substrate/Glints2/dict_0002_0019.uasset" 7706
"../../../Engine/Content/EngineMaterials/Substrate/Glints2/dict_0002_0020.uasset" 7707
"../../../Engine/Content/EngineMaterials/Substrate/Glints2/dict_0002_0021.uasset" 7708
"../../../Engine/Content/EngineMaterials/Substrate/Glints2/dict_0002_0022.uasset" 7709
"../../../Engine/Content/EngineMaterials/Substrate/Glints2/dict_0002_0024.uasset" 7710
"../../../Engine/Content/EngineMaterials/Substrate/Glints2/dict_0002_0026.uasset" 7711
"../../../Engine/Content/EngineMaterials/Substrate/Glints2/dict_0002_0023.uasset" 7712
"/Engine/EngineMaterials/Substrate/Glints2/dict_0002_0007" 7713
"../../../Engine/Content/EngineMaterials/Substrate/Glints2/dict_0002_0027.uasset" 7714
"../../../Engine/Content/EngineMaterials/Substrate/Glints2/dict_0002_0025.uasset" 7715
"../../../Engine/Content/EngineMaterials/Substrate/Glints2/dict_0002_0028.uasset" 7716
"../../../Engine/Content/EngineMaterials/Substrate/Glints2/dict_0002_0029.uasset" 7717
"../../../Engine/Content/EngineMaterials/Substrate/Glints2/dict_0002_0030.uasset" 7718
"/Engine/EngineMaterials/Substrate/Glints2/dict_0002_0006" 7719
"/Engine/EngineMaterials/Substrate/Glints2/dict_0002_0005" 7720
"/Engine/EngineMaterials/Substrate/Glints2/dict_0002_0004" 7721
"/Engine/EngineMaterials/Substrate/Glints2/dict_0002_0003" 7722
"/Engine/EngineMaterials/Substrate/Glints2/dict_0002_0002" 7723
"/Engine/EngineMaterials/Substrate/Glints2/dict_0002_0001" 7724
"/Engine/EngineMaterials/Substrate/Glints2/dict_0002_0000" 7725
"/Engine/EngineMaterials/Substrate/Glints2/dict_0001_0255" 7726
"/Engine/EngineMaterials/Substrate/Glints2/dict_0002_0030" 7727
"../../../Engine/Content/EngineMaterials/Substrate/Glints2/dict_0002_0032.uasset" 7728
"../../../Engine/Content/EngineMaterials/Substrate/Glints2/dict_0002_0033.uasset" 7729
"../../../Engine/Content/EngineMaterials/Substrate/Glints2/dict_0002_0038.uasset" 7730
"../../../Engine/Content/EngineMaterials/Substrate/Glints2/dict_0002_0031.uasset" 7731
"../../../Engine/Content/EngineMaterials/Substrate/Glints2/dict_0002_0039.uasset" 7732
"../../../Engine/Content/EngineMaterials/Substrate/Glints2/dict_0002_0035.uasset" 7733
"../../../Engine/Content/EngineMaterials/Substrate/Glints2/dict_0002_0034.uasset" 7734
"../../../Engine/Content/EngineMaterials/Substrate/Glints2/dict_0002_0037.uasset" 7735
"../../../Engine/Content/EngineMaterials/Substrate/Glints2/dict_0002_0040.uasset" 7736
"../../../Engine/Content/EngineMaterials/Substrate/Glints2/dict_0002_0036.uasset" 7737
"/Engine/EngineMaterials/Substrate/Glints2/dict_0002_0029" 7738
"/Engine/EngineMaterials/Substrate/Glints2/dict_0002_0028" 7739
"/Engine/EngineMaterials/Substrate/Glints2/dict_0002_0027" 7740
"/Engine/EngineMaterials/Substrate/Glints2/dict_0002_0026" 7741
"/Engine/EngineMaterials/Substrate/Glints2/dict_0002_0025" 7742
"/Engine/EngineMaterials/Substrate/Glints2/dict_0002_0024" 7743
"/Engine/EngineMaterials/Substrate/Glints2/dict_0002_0023" 7744
"/Engine/EngineMaterials/Substrate/Glints2/dict_0002_0022" 7745
"/Engine/EngineMaterials/Substrate/Glints2/dict_0002_0021" 7746
"/Engine/EngineMaterials/Substrate/Glints2/dict_0002_0020" 7747
"/Engine/EngineMaterials/Substrate/Glints2/dict_0002_0019" 7748
"/Engine/EngineMaterials/Substrate/Glints2/dict_0002_0018" 7749
"/Engine/EngineMaterials/Substrate/Glints2/dict_0002_0017" 7750
"/Engine/EngineMaterials/Substrate/Glints2/dict_0002_0016" 7751
"/Engine/EngineMaterials/Substrate/Glints2/dict_0002_0015" 7752
"/Engine/EngineMaterials/Substrate/Glints2/dict_0002_0014" 7753
"/Engine/EngineMaterials/Substrate/Glints2/dict_0002_0013" 7754
"/Engine/EngineMaterials/Substrate/Glints2/dict_0002_0012" 7755
"/Engine/EngineMaterials/Substrate/Glints2/dict_0002_0011" 7756
"/Engine/EngineMaterials/Substrate/Glints2/dict_0002_0010" 7757
"/Engine/EngineMaterials/Substrate/Glints2/dict_0002_0009" 7758
"/Engine/EngineMaterials/Substrate/Glints2/dict_0002_0040" 7759
"../../../Engine/Content/EngineMaterials/Substrate/Glints2/dict_0002_0041.uasset" 7760
"../../../Engine/Content/EngineMaterials/Substrate/Glints2/dict_0002_0042.uasset" 7761
"../../../Engine/Content/EngineMaterials/Substrate/Glints2/dict_0002_0043.uasset" 7762
"../../../Engine/Content/EngineMaterials/Substrate/Glints2/dict_0002_0044.uasset" 7763
"../../../Engine/Content/EngineMaterials/Substrate/Glints2/dict_0002_0045.uasset" 7764
"../../../Engine/Content/EngineMaterials/Substrate/Glints2/dict_0002_0047.uasset" 7765
"../../../Engine/Content/EngineMaterials/Substrate/Glints2/dict_0002_0049.uasset" 7766
"../../../Engine/Content/EngineMaterials/Substrate/Glints2/dict_0002_0050.uasset" 7767
"../../../Engine/Content/EngineMaterials/Substrate/Glints2/dict_0002_0048.uasset" 7768
"../../../Engine/Content/EngineMaterials/Substrate/Glints2/dict_0002_0046.uasset" 7769
"/Engine/EngineMaterials/Substrate/Glints2/dict_0002_0039" 7770
"../../../Engine/Content/EngineMaterials/Substrate/Glints2/dict_0002_0051.uasset" 7771
"../../../Engine/Content/EngineMaterials/Substrate/Glints2/dict_0002_0052.uasset" 7772
"../../../Engine/Content/EngineMaterials/Substrate/Glints2/dict_0002_0053.uasset" 7773
"../../../Engine/Content/EngineMaterials/Substrate/Glints2/dict_0002_0055.uasset" 7774
"../../../Engine/Content/EngineMaterials/Substrate/Glints2/dict_0002_0056.uasset" 7775
"../../../Engine/Content/EngineMaterials/Substrate/Glints2/dict_0002_0057.uasset" 7776
"../../../Engine/Content/EngineMaterials/Substrate/Glints2/dict_0002_0058.uasset" 7777
"../../../Engine/Content/EngineMaterials/Substrate/Glints2/dict_0002_0059.uasset" 7778
"../../../Engine/Content/EngineMaterials/Substrate/Glints2/dict_0002_0054.uasset" 7779
"../../../Engine/Content/EngineMaterials/Substrate/Glints2/dict_0002_0061.uasset" 7780
"../../../Engine/Content/EngineMaterials/Substrate/Glints2/dict_0002_0062.uasset" 7781
"../../../Engine/Content/EngineMaterials/Substrate/Glints2/dict_0002_0060.uasset" 7782
"/Engine/EngineMaterials/Substrate/Glints2/dict_0002_0038" 7783
"/Engine/EngineMaterials/Substrate/Glints2/dict_0002_0037" 7784
"/Engine/EngineMaterials/Substrate/Glints2/dict_0002_0036" 7785
"/Engine/EngineMaterials/Substrate/Glints2/dict_0002_0035" 7786
"/Engine/EngineMaterials/Substrate/Glints2/dict_0002_0034" 7787
"/Engine/EngineMaterials/Substrate/Glints2/dict_0002_0033" 7788
"/Engine/EngineMaterials/Substrate/Glints2/dict_0002_0032" 7789
"/Engine/EngineMaterials/Substrate/Glints2/dict_0002_0031" 7790
"/Engine/EngineMaterials/Substrate/Glints2/dict_0002_0062" 7791
"../../../Engine/Content/EngineMaterials/Substrate/Glints2/dict_0002_0065.uasset" 7792
"../../../Engine/Content/EngineMaterials/Substrate/Glints2/dict_0002_0064.uasset" 7793
"../../../Engine/Content/EngineMaterials/Substrate/Glints2/dict_0002_0069.uasset" 7794
"../../../Engine/Content/EngineMaterials/Substrate/Glints2/dict_0002_0068.uasset" 7795
"../../../Engine/Content/EngineMaterials/Substrate/Glints2/dict_0002_0071.uasset" 7796
"../../../Engine/Content/EngineMaterials/Substrate/Glints2/dict_0002_0067.uasset" 7797
"../../../Engine/Content/EngineMaterials/Substrate/Glints2/dict_0002_0072.uasset" 7798
"../../../Engine/Content/EngineMaterials/Substrate/Glints2/dict_0002_0066.uasset" 7799
"../../../Engine/Content/EngineMaterials/Substrate/Glints2/dict_0002_0063.uasset" 7800
"../../../Engine/Content/EngineMaterials/Substrate/Glints2/dict_0002_0070.uasset" 7801
"/Engine/EngineMaterials/Substrate/Glints2/dict_0002_0061" 7802
"/Engine/EngineMaterials/Substrate/Glints2/dict_0002_0060" 7803
"/Engine/EngineMaterials/Substrate/Glints2/dict_0002_0059" 7804
"/Engine/EngineMaterials/Substrate/Glints2/dict_0002_0058" 7805
"/Engine/EngineMaterials/Substrate/Glints2/dict_0002_0057" 7806
"/Engine/EngineMaterials/Substrate/Glints2/dict_0002_0056" 7807
"/Engine/EngineMaterials/Substrate/Glints2/dict_0002_0055" 7808
"/Engine/EngineMaterials/Substrate/Glints2/dict_0002_0054" 7809
"/Engine/EngineMaterials/Substrate/Glints2/dict_0002_0053" 7810
"/Engine/EngineMaterials/Substrate/Glints2/dict_0002_0052" 7811
"/Engine/EngineMaterials/Substrate/Glints2/dict_0002_0051" 7812
"/Engine/EngineMaterials/Substrate/Glints2/dict_0002_0050" 7813
"/Engine/EngineMaterials/Substrate/Glints2/dict_0002_0049" 7814
"/Engine/EngineMaterials/Substrate/Glints2/dict_0002_0048" 7815
"/Engine/EngineMaterials/Substrate/Glints2/dict_0002_0047" 7816
"/Engine/EngineMaterials/Substrate/Glints2/dict_0002_0046" 7817
"/Engine/EngineMaterials/Substrate/Glints2/dict_0002_0045" 7818
"/Engine/EngineMaterials/Substrate/Glints2/dict_0002_0044" 7819
"/Engine/EngineMaterials/Substrate/Glints2/dict_0002_0043" 7820
"/Engine/EngineMaterials/Substrate/Glints2/dict_0002_0042" 7821
"/Engine/EngineMaterials/Substrate/Glints2/dict_0002_0041" 7822
"/Engine/EngineMaterials/Substrate/Glints2/dict_0002_0072" 7823
"../../../Engine/Content/EngineMaterials/Substrate/Glints2/dict_0002_0076.uasset" 7824
"../../../Engine/Content/EngineMaterials/Substrate/Glints2/dict_0002_0077.uasset" 7825
"../../../Engine/Content/EngineMaterials/Substrate/Glints2/dict_0002_0074.uasset" 7826
"../../../Engine/Content/EngineMaterials/Substrate/Glints2/dict_0002_0075.uasset" 7827
"../../../Engine/Content/EngineMaterials/Substrate/Glints2/dict_0002_0079.uasset" 7828
"../../../Engine/Content/EngineMaterials/Substrate/Glints2/dict_0002_0082.uasset" 7829
"../../../Engine/Content/EngineMaterials/Substrate/Glints2/dict_0002_0081.uasset" 7830
"../../../Engine/Content/EngineMaterials/Substrate/Glints2/dict_0002_0078.uasset" 7831
"../../../Engine/Content/EngineMaterials/Substrate/Glints2/dict_0002_0073.uasset" 7832
"../../../Engine/Content/EngineMaterials/Substrate/Glints2/dict_0002_0080.uasset" 7833
"../../../Engine/Content/EngineMaterials/Substrate/Glints2/dict_0002_0083.uasset" 7834
"../../../Engine/Content/EngineMaterials/Substrate/Glints2/dict_0002_0085.uasset" 7835
"../../../Engine/Content/EngineMaterials/Substrate/Glints2/dict_0002_0084.uasset" 7836
"../../../Engine/Content/EngineMaterials/Substrate/Glints2/dict_0002_0086.uasset" 7837
"../../../Engine/Content/EngineMaterials/Substrate/Glints2/dict_0002_0087.uasset" 7838
"../../../Engine/Content/EngineMaterials/Substrate/Glints2/dict_0002_0088.uasset" 7839
"../../../Engine/Content/EngineMaterials/Substrate/Glints2/dict_0002_0089.uasset" 7840
"../../../Engine/Content/EngineMaterials/Substrate/Glints2/dict_0002_0091.uasset" 7841
"../../../Engine/Content/EngineMaterials/Substrate/Glints2/dict_0002_0092.uasset" 7842
"../../../Engine/Content/EngineMaterials/Substrate/Glints2/dict_0002_0090.uasset" 7843
"/Engine/EngineMaterials/Substrate/Glints2/dict_0002_0071" 7844
"../../../Engine/Content/EngineMaterials/Substrate/Glints2/dict_0002_0094.uasset" 7845
"../../../Engine/Content/EngineMaterials/Substrate/Glints2/dict_0002_0093.uasset" 7846
"/Engine/EngineMaterials/Substrate/Glints2/dict_0002_0070" 7847
"/Engine/EngineMaterials/Substrate/Glints2/dict_0002_0069" 7848
"/Engine/EngineMaterials/Substrate/Glints2/dict_0002_0068" 7849
"/Engine/EngineMaterials/Substrate/Glints2/dict_0002_0067" 7850
"/Engine/EngineMaterials/Substrate/Glints2/dict_0002_0066" 7851
"/Engine/EngineMaterials/Substrate/Glints2/dict_0002_0065" 7852
"/Engine/EngineMaterials/Substrate/Glints2/dict_0002_0064" 7853
"/Engine/EngineMaterials/Substrate/Glints2/dict_0002_0063" 7854
"/Engine/EngineMaterials/Substrate/Glints2/dict_0002_0094" 7855
"../../../Engine/Content/EngineMaterials/Substrate/Glints2/dict_0002_0095.uasset" 7856
"../../../Engine/Content/EngineMaterials/Substrate/Glints2/dict_0002_0097.uasset" 7857
"../../../Engine/Content/EngineMaterials/Substrate/Glints2/dict_0002_0100.uasset" 7858
"../../../Engine/Content/EngineMaterials/Substrate/Glints2/dict_0002_0102.uasset" 7859
"../../../Engine/Content/EngineMaterials/Substrate/Glints2/dict_0002_0098.uasset" 7860
"../../../Engine/Content/EngineMaterials/Substrate/Glints2/dict_0002_0104.uasset" 7861
"../../../Engine/Content/EngineMaterials/Substrate/Glints2/dict_0002_0101.uasset" 7862
"../../../Engine/Content/EngineMaterials/Substrate/Glints2/dict_0002_0099.uasset" 7863
"../../../Engine/Content/EngineMaterials/Substrate/Glints2/dict_0002_0096.uasset" 7864
"../../../Engine/Content/EngineMaterials/Substrate/Glints2/dict_0002_0103.uasset" 7865
"/Engine/EngineMaterials/Substrate/Glints2/dict_0002_0093" 7866
"/Engine/EngineMaterials/Substrate/Glints2/dict_0002_0092" 7867
"/Engine/EngineMaterials/Substrate/Glints2/dict_0002_0091" 7868
"/Engine/EngineMaterials/Substrate/Glints2/dict_0002_0090" 7869
"/Engine/EngineMaterials/Substrate/Glints2/dict_0002_0089" 7870
"/Engine/EngineMaterials/Substrate/Glints2/dict_0002_0088" 7871
"/Engine/EngineMaterials/Substrate/Glints2/dict_0002_0087" 7872
"/Engine/EngineMaterials/Substrate/Glints2/dict_0002_0086" 7873
"/Engine/EngineMaterials/Substrate/Glints2/dict_0002_0085" 7874
"/Engine/EngineMaterials/Substrate/Glints2/dict_0002_0084" 7875
"/Engine/EngineMaterials/Substrate/Glints2/dict_0002_0083" 7876
"/Engine/EngineMaterials/Substrate/Glints2/dict_0002_0082" 7877
"/Engine/EngineMaterials/Substrate/Glints2/dict_0002_0081" 7878
"/Engine/EngineMaterials/Substrate/Glints2/dict_0002_0080" 7879
"/Engine/EngineMaterials/Substrate/Glints2/dict_0002_0079" 7880
"/Engine/EngineMaterials/Substrate/Glints2/dict_0002_0078" 7881
"/Engine/EngineMaterials/Substrate/Glints2/dict_0002_0077" 7882
"/Engine/EngineMaterials/Substrate/Glints2/dict_0002_0076" 7883
"/Engine/EngineMaterials/Substrate/Glints2/dict_0002_0075" 7884
"/Engine/EngineMaterials/Substrate/Glints2/dict_0002_0074" 7885
"/Engine/EngineMaterials/Substrate/Glints2/dict_0002_0073" 7886
"/Engine/EngineMaterials/Substrate/Glints2/dict_0002_0104" 7887
"../../../Engine/Content/EngineMaterials/Substrate/Glints2/dict_0002_0105.uasset" 7888
"../../../Engine/Content/EngineMaterials/Substrate/Glints2/dict_0002_0107.uasset" 7889
"../../../Engine/Content/EngineMaterials/Substrate/Glints2/dict_0002_0108.uasset" 7890
"../../../Engine/Content/EngineMaterials/Substrate/Glints2/dict_0002_0106.uasset" 7891
"../../../Engine/Content/EngineMaterials/Substrate/Glints2/dict_0002_0109.uasset" 7892
"../../../Engine/Content/EngineMaterials/Substrate/Glints2/dict_0002_0110.uasset" 7893
"../../../Engine/Content/EngineMaterials/Substrate/Glints2/dict_0002_0112.uasset" 7894
"../../../Engine/Content/EngineMaterials/Substrate/Glints2/dict_0002_0111.uasset" 7895
"../../../Engine/Content/EngineMaterials/Substrate/Glints2/dict_0002_0114.uasset" 7896
"../../../Engine/Content/EngineMaterials/Substrate/Glints2/dict_0002_0113.uasset" 7897
"../../../Engine/Content/EngineMaterials/Substrate/Glints2/dict_0002_0115.uasset" 7898
"../../../Engine/Content/EngineMaterials/Substrate/Glints2/dict_0002_0116.uasset" 7899
"/Engine/EngineMaterials/Substrate/Glints2/dict_0002_0103" 7900
"../../../Engine/Content/EngineMaterials/Substrate/Glints2/dict_0002_0117.uasset" 7901
"../../../Engine/Content/EngineMaterials/Substrate/Glints2/dict_0002_0118.uasset" 7902
"../../../Engine/Content/EngineMaterials/Substrate/Glints2/dict_0002_0119.uasset" 7903
"../../../Engine/Content/EngineMaterials/Substrate/Glints2/dict_0002_0120.uasset" 7904
"../../../Engine/Content/EngineMaterials/Substrate/Glints2/dict_0002_0122.uasset" 7905
"../../../Engine/Content/EngineMaterials/Substrate/Glints2/dict_0002_0121.uasset" 7906
"../../../Engine/Content/EngineMaterials/Substrate/Glints2/dict_0002_0123.uasset" 7907
"../../../Engine/Content/EngineMaterials/Substrate/Glints2/dict_0002_0126.uasset" 7908
"../../../Engine/Content/EngineMaterials/Substrate/Glints2/dict_0002_0125.uasset" 7909
"../../../Engine/Content/EngineMaterials/Substrate/Glints2/dict_0002_0124.uasset" 7910
"/Engine/EngineMaterials/Substrate/Glints2/dict_0002_0102" 7911
"/Engine/EngineMaterials/Substrate/Glints2/dict_0002_0101" 7912
"/Engine/EngineMaterials/Substrate/Glints2/dict_0002_0100" 7913
"/Engine/EngineMaterials/Substrate/Glints2/dict_0002_0099" 7914
"/Engine/EngineMaterials/Substrate/Glints2/dict_0002_0098" 7915
"/Engine/EngineMaterials/Substrate/Glints2/dict_0002_0097" 7916
"/Engine/EngineMaterials/Substrate/Glints2/dict_0002_0096" 7917
"/Engine/EngineMaterials/Substrate/Glints2/dict_0002_0095" 7918
"../../../Engine/Content/EngineMaterials/Substrate/Glints2/dict_0002_0128.uasset" 7919
"../../../Engine/Content/EngineMaterials/Substrate/Glints2/dict_0002_0127.uasset" 7920
"../../../Engine/Content/EngineMaterials/Substrate/Glints2/dict_0002_0129.uasset" 7921
"/Engine/EngineMaterials/Substrate/Glints2/dict_0002_0126" 7922
"../../../Engine/Content/EngineMaterials/Substrate/Glints2/dict_0002_0130.uasset" 7923
"../../../Engine/Content/EngineMaterials/Substrate/Glints2/dict_0002_0133.uasset" 7924
"../../../Engine/Content/EngineMaterials/Substrate/Glints2/dict_0002_0132.uasset" 7925
"../../../Engine/Content/EngineMaterials/Substrate/Glints2/dict_0002_0131.uasset" 7926
"../../../Engine/Content/EngineMaterials/Substrate/Glints2/dict_0002_0135.uasset" 7927
"../../../Engine/Content/EngineMaterials/Substrate/Glints2/dict_0002_0134.uasset" 7928
"../../../Engine/Content/EngineMaterials/Substrate/Glints2/dict_0002_0136.uasset" 7929
"/Engine/EngineMaterials/Substrate/Glints2/dict_0002_0125" 7930
"/Engine/EngineMaterials/Substrate/Glints2/dict_0002_0124" 7931
"/Engine/EngineMaterials/Substrate/Glints2/dict_0002_0123" 7932
"/Engine/EngineMaterials/Substrate/Glints2/dict_0002_0122" 7933
"/Engine/EngineMaterials/Substrate/Glints2/dict_0002_0121" 7934
"/Engine/EngineMaterials/Substrate/Glints2/dict_0002_0120" 7935
"/Engine/EngineMaterials/Substrate/Glints2/dict_0002_0119" 7936
"/Engine/EngineMaterials/Substrate/Glints2/dict_0002_0118" 7937
"/Engine/EngineMaterials/Substrate/Glints2/dict_0002_0117" 7938
"/Engine/EngineMaterials/Substrate/Glints2/dict_0002_0116" 7939
"/Engine/EngineMaterials/Substrate/Glints2/dict_0002_0115" 7940
"/Engine/EngineMaterials/Substrate/Glints2/dict_0002_0114" 7941
"/Engine/EngineMaterials/Substrate/Glints2/dict_0002_0113" 7942
"/Engine/EngineMaterials/Substrate/Glints2/dict_0002_0112" 7943
"/Engine/EngineMaterials/Substrate/Glints2/dict_0002_0111" 7944
"/Engine/EngineMaterials/Substrate/Glints2/dict_0002_0110" 7945
"/Engine/EngineMaterials/Substrate/Glints2/dict_0002_0109" 7946
"/Engine/EngineMaterials/Substrate/Glints2/dict_0002_0108" 7947
"/Engine/EngineMaterials/Substrate/Glints2/dict_0002_0107" 7948
"/Engine/EngineMaterials/Substrate/Glints2/dict_0002_0106" 7949
"/Engine/EngineMaterials/Substrate/Glints2/dict_0002_0105" 7950
"/Engine/EngineMaterials/Substrate/Glints2/dict_0002_0136" 7951
"../../../Engine/Content/EngineMaterials/Substrate/Glints2/dict_0002_0139.uasset" 7952
"../../../Engine/Content/EngineMaterials/Substrate/Glints2/dict_0002_0144.uasset" 7953
"../../../Engine/Content/EngineMaterials/Substrate/Glints2/dict_0002_0140.uasset" 7954
"../../../Engine/Content/EngineMaterials/Substrate/Glints2/dict_0002_0143.uasset" 7955
"../../../Engine/Content/EngineMaterials/Substrate/Glints2/dict_0002_0142.uasset" 7956
"../../../Engine/Content/EngineMaterials/Substrate/Glints2/dict_0002_0137.uasset" 7957
"../../../Engine/Content/EngineMaterials/Substrate/Glints2/dict_0002_0146.uasset" 7958
"../../../Engine/Content/EngineMaterials/Substrate/Glints2/dict_0002_0138.uasset" 7959
"../../../Engine/Content/EngineMaterials/Substrate/Glints2/dict_0002_0145.uasset" 7960
"../../../Engine/Content/EngineMaterials/Substrate/Glints2/dict_0002_0141.uasset" 7961
"/Engine/EngineMaterials/Substrate/Glints2/dict_0002_0135" 7962
"../../../Engine/Content/EngineMaterials/Substrate/Glints2/dict_0002_0147.uasset" 7963
"../../../Engine/Content/EngineMaterials/Substrate/Glints2/dict_0002_0148.uasset" 7964
"../../../Engine/Content/EngineMaterials/Substrate/Glints2/dict_0002_0149.uasset" 7965
"../../../Engine/Content/EngineMaterials/Substrate/Glints2/dict_0002_0150.uasset" 7966
"../../../Engine/Content/EngineMaterials/Substrate/Glints2/dict_0002_0153.uasset" 7967
"../../../Engine/Content/EngineMaterials/Substrate/Glints2/dict_0002_0154.uasset" 7968
"../../../Engine/Content/EngineMaterials/Substrate/Glints2/dict_0002_0156.uasset" 7969
"../../../Engine/Content/EngineMaterials/Substrate/Glints2/dict_0002_0151.uasset" 7970
"../../../Engine/Content/EngineMaterials/Substrate/Glints2/dict_0002_0152.uasset" 7971
"../../../Engine/Content/EngineMaterials/Substrate/Glints2/dict_0002_0155.uasset" 7972
"/Engine/EngineMaterials/Substrate/Glints2/dict_0002_0134" 7973
"../../../Engine/Content/EngineMaterials/Substrate/Glints2/dict_0002_0157.uasset" 7974
"../../../Engine/Content/EngineMaterials/Substrate/Glints2/dict_0002_0158.uasset" 7975
"/Engine/EngineMaterials/Substrate/Glints2/dict_0002_0133" 7976
"/Engine/EngineMaterials/Substrate/Glints2/dict_0002_0132" 7977
"/Engine/EngineMaterials/Substrate/Glints2/dict_0002_0131" 7978
"/Engine/EngineMaterials/Substrate/Glints2/dict_0002_0130" 7979
"/Engine/EngineMaterials/Substrate/Glints2/dict_0002_0129" 7980
"/Engine/EngineMaterials/Substrate/Glints2/dict_0002_0128" 7981
"/Engine/EngineMaterials/Substrate/Glints2/dict_0002_0127" 7982
"/Engine/EngineMaterials/Substrate/Glints2/dict_0002_0158" 7983
"../../../Engine/Content/EngineMaterials/Substrate/Glints2/dict_0002_0163.uasset" 7984
"../../../Engine/Content/EngineMaterials/Substrate/Glints2/dict_0002_0161.uasset" 7985
"../../../Engine/Content/EngineMaterials/Substrate/Glints2/dict_0002_0165.uasset" 7986
"../../../Engine/Content/EngineMaterials/Substrate/Glints2/dict_0002_0160.uasset" 7987
"../../../Engine/Content/EngineMaterials/Substrate/Glints2/dict_0002_0162.uasset" 7988
"../../../Engine/Content/EngineMaterials/Substrate/Glints2/dict_0002_0166.uasset" 7989
"../../../Engine/Content/EngineMaterials/Substrate/Glints2/dict_0002_0168.uasset" 7990
"../../../Engine/Content/EngineMaterials/Substrate/Glints2/dict_0002_0167.uasset" 7991
"../../../Engine/Content/EngineMaterials/Substrate/Glints2/dict_0002_0164.uasset" 7992
"../../../Engine/Content/EngineMaterials/Substrate/Glints2/dict_0002_0159.uasset" 7993
"/Engine/EngineMaterials/Substrate/Glints2/dict_0002_0157" 7994
"/Engine/EngineMaterials/Substrate/Glints2/dict_0002_0156" 7995
"/Engine/EngineMaterials/Substrate/Glints2/dict_0002_0155" 7996
"/Engine/EngineMaterials/Substrate/Glints2/dict_0002_0154" 7997
"/Engine/EngineMaterials/Substrate/Glints2/dict_0002_0153" 7998
"/Engine/EngineMaterials/Substrate/Glints2/dict_0002_0152" 7999
"/Engine/EngineMaterials/Substrate/Glints2/dict_0002_0151" 8000
"/Engine/EngineMaterials/Substrate/Glints2/dict_0002_0150" 8001
"/Engine/EngineMaterials/Substrate/Glints2/dict_0002_0149" 8002
"/Engine/EngineMaterials/Substrate/Glints2/dict_0002_0148" 8003
"/Engine/EngineMaterials/Substrate/Glints2/dict_0002_0147" 8004
"/Engine/EngineMaterials/Substrate/Glints2/dict_0002_0146" 8005
"/Engine/EngineMaterials/Substrate/Glints2/dict_0002_0145" 8006
"/Engine/EngineMaterials/Substrate/Glints2/dict_0002_0144" 8007
"/Engine/EngineMaterials/Substrate/Glints2/dict_0002_0143" 8008
"/Engine/EngineMaterials/Substrate/Glints2/dict_0002_0142" 8009
"/Engine/EngineMaterials/Substrate/Glints2/dict_0002_0141" 8010
"/Engine/EngineMaterials/Substrate/Glints2/dict_0002_0140" 8011
"/Engine/EngineMaterials/Substrate/Glints2/dict_0002_0139" 8012
"/Engine/EngineMaterials/Substrate/Glints2/dict_0002_0138" 8013
"/Engine/EngineMaterials/Substrate/Glints2/dict_0002_0137" 8014
"/Engine/EngineMaterials/Substrate/Glints2/dict_0002_0168" 8015
"../../../Engine/Content/EngineMaterials/Substrate/Glints2/dict_0002_0169.uasset" 8016
"../../../Engine/Content/EngineMaterials/Substrate/Glints2/dict_0002_0170.uasset" 8017
"../../../Engine/Content/EngineMaterials/Substrate/Glints2/dict_0002_0172.uasset" 8018
"../../../Engine/Content/EngineMaterials/Substrate/Glints2/dict_0002_0174.uasset" 8019
"../../../Engine/Content/EngineMaterials/Substrate/Glints2/dict_0002_0173.uasset" 8020
"../../../Engine/Content/EngineMaterials/Substrate/Glints2/dict_0002_0178.uasset" 8021
"../../../Engine/Content/EngineMaterials/Substrate/Glints2/dict_0002_0176.uasset" 8022
"../../../Engine/Content/EngineMaterials/Substrate/Glints2/dict_0002_0175.uasset" 8023
"../../../Engine/Content/EngineMaterials/Substrate/Glints2/dict_0002_0171.uasset" 8024
"../../../Engine/Content/EngineMaterials/Substrate/Glints2/dict_0002_0177.uasset" 8025
"../../../Engine/Content/EngineMaterials/Substrate/Glints2/dict_0002_0179.uasset" 8026
"../../../Engine/Content/EngineMaterials/Substrate/Glints2/dict_0002_0180.uasset" 8027
"/Engine/EngineMaterials/Substrate/Glints2/dict_0002_0167" 8028
"../../../Engine/Content/EngineMaterials/Substrate/Glints2/dict_0002_0181.uasset" 8029
"../../../Engine/Content/EngineMaterials/Substrate/Glints2/dict_0002_0182.uasset" 8030
"../../../Engine/Content/EngineMaterials/Substrate/Glints2/dict_0002_0183.uasset" 8031
"../../../Engine/Content/EngineMaterials/Substrate/Glints2/dict_0002_0184.uasset" 8032
"../../../Engine/Content/EngineMaterials/Substrate/Glints2/dict_0002_0185.uasset" 8033
"../../../Engine/Content/EngineMaterials/Substrate/Glints2/dict_0002_0186.uasset" 8034
"../../../Engine/Content/EngineMaterials/Substrate/Glints2/dict_0002_0187.uasset" 8035
"../../../Engine/Content/EngineMaterials/Substrate/Glints2/dict_0002_0188.uasset" 8036
"../../../Engine/Content/EngineMaterials/Substrate/Glints2/dict_0002_0190.uasset" 8037
"../../../Engine/Content/EngineMaterials/Substrate/Glints2/dict_0002_0189.uasset" 8038
"/Engine/EngineMaterials/Substrate/Glints2/dict_0002_0166" 8039
"/Engine/EngineMaterials/Substrate/Glints2/dict_0002_0165" 8040
"/Engine/EngineMaterials/Substrate/Glints2/dict_0002_0164" 8041
"/Engine/EngineMaterials/Substrate/Glints2/dict_0002_0163" 8042
"/Engine/EngineMaterials/Substrate/Glints2/dict_0002_0162" 8043
"/Engine/EngineMaterials/Substrate/Glints2/dict_0002_0161" 8044
"/Engine/EngineMaterials/Substrate/Glints2/dict_0002_0160" 8045
"/Engine/EngineMaterials/Substrate/Glints2/dict_0002_0159" 8046
"/Engine/EngineMaterials/Substrate/Glints2/dict_0002_0190" 8047
"../../../Engine/Content/EngineMaterials/Substrate/Glints2/dict_0002_0191.uasset" 8048
"../../../Engine/Content/EngineMaterials/Substrate/Glints2/dict_0002_0192.uasset" 8049
"../../../Engine/Content/EngineMaterials/Substrate/Glints2/dict_0002_0193.uasset" 8050
"../../../Engine/Content/EngineMaterials/Substrate/Glints2/dict_0002_0194.uasset" 8051
"../../../Engine/Content/EngineMaterials/Substrate/Glints2/dict_0002_0195.uasset" 8052
"../../../Engine/Content/EngineMaterials/Substrate/Glints2/dict_0002_0198.uasset" 8053
"../../../Engine/Content/EngineMaterials/Substrate/Glints2/dict_0002_0196.uasset" 8054
"../../../Engine/Content/EngineMaterials/Substrate/Glints2/dict_0002_0200.uasset" 8055
"../../../Engine/Content/EngineMaterials/Substrate/Glints2/dict_0002_0199.uasset" 8056
"../../../Engine/Content/EngineMaterials/Substrate/Glints2/dict_0002_0197.uasset" 8057
"/Engine/EngineMaterials/Substrate/Glints2/dict_0002_0189" 8058
"/Engine/EngineMaterials/Substrate/Glints2/dict_0002_0188" 8059
"/Engine/EngineMaterials/Substrate/Glints2/dict_0002_0187" 8060
"/Engine/EngineMaterials/Substrate/Glints2/dict_0002_0186" 8061
"/Engine/EngineMaterials/Substrate/Glints2/dict_0002_0185" 8062
"/Engine/EngineMaterials/Substrate/Glints2/dict_0002_0184" 8063
"/Engine/EngineMaterials/Substrate/Glints2/dict_0002_0183" 8064
"/Engine/EngineMaterials/Substrate/Glints2/dict_0002_0182" 8065
"/Engine/EngineMaterials/Substrate/Glints2/dict_0002_0181" 8066
"/Engine/EngineMaterials/Substrate/Glints2/dict_0002_0180" 8067
"/Engine/EngineMaterials/Substrate/Glints2/dict_0002_0179" 8068
"/Engine/EngineMaterials/Substrate/Glints2/dict_0002_0178" 8069
"/Engine/EngineMaterials/Substrate/Glints2/dict_0002_0177" 8070
"/Engine/EngineMaterials/Substrate/Glints2/dict_0002_0176" 8071
"/Engine/EngineMaterials/Substrate/Glints2/dict_0002_0175" 8072
"/Engine/EngineMaterials/Substrate/Glints2/dict_0002_0174" 8073
"/Engine/EngineMaterials/Substrate/Glints2/dict_0002_0173" 8074
"/Engine/EngineMaterials/Substrate/Glints2/dict_0002_0172" 8075
"/Engine/EngineMaterials/Substrate/Glints2/dict_0002_0171" 8076
"/Engine/EngineMaterials/Substrate/Glints2/dict_0002_0170" 8077
"/Engine/EngineMaterials/Substrate/Glints2/dict_0002_0169" 8078
"/Engine/EngineMaterials/Substrate/Glints2/dict_0002_0200" 8079
"../../../Engine/Content/EngineMaterials/Substrate/Glints2/dict_0002_0202.uasset" 8080
"../../../Engine/Content/EngineMaterials/Substrate/Glints2/dict_0002_0201.uasset" 8081
"../../../Engine/Content/EngineMaterials/Substrate/Glints2/dict_0002_0206.uasset" 8082
"../../../Engine/Content/EngineMaterials/Substrate/Glints2/dict_0002_0207.uasset" 8083
"../../../Engine/Content/EngineMaterials/Substrate/Glints2/dict_0002_0203.uasset" 8084
"../../../Engine/Content/EngineMaterials/Substrate/Glints2/dict_0002_0210.uasset" 8085
"../../../Engine/Content/EngineMaterials/Substrate/Glints2/dict_0002_0204.uasset" 8086
"../../../Engine/Content/EngineMaterials/Substrate/Glints2/dict_0002_0205.uasset" 8087
"../../../Engine/Content/EngineMaterials/Substrate/Glints2/dict_0002_0209.uasset" 8088
"../../../Engine/Content/EngineMaterials/Substrate/Glints2/dict_0002_0208.uasset" 8089
"../../../Engine/Content/EngineMaterials/Substrate/Glints2/dict_0002_0211.uasset" 8090
"/Engine/EngineMaterials/Substrate/Glints2/dict_0002_0199" 8091
"../../../Engine/Content/EngineMaterials/Substrate/Glints2/dict_0002_0214.uasset" 8092
"../../../Engine/Content/EngineMaterials/Substrate/Glints2/dict_0002_0213.uasset" 8093
"../../../Engine/Content/EngineMaterials/Substrate/Glints2/dict_0002_0215.uasset" 8094
"../../../Engine/Content/EngineMaterials/Substrate/Glints2/dict_0002_0212.uasset" 8095
"../../../Engine/Content/EngineMaterials/Substrate/Glints2/dict_0002_0220.uasset" 8096
"../../../Engine/Content/EngineMaterials/Substrate/Glints2/dict_0002_0218.uasset" 8097
"../../../Engine/Content/EngineMaterials/Substrate/Glints2/dict_0002_0217.uasset" 8098
"../../../Engine/Content/EngineMaterials/Substrate/Glints2/dict_0002_0219.uasset" 8099
"../../../Engine/Content/EngineMaterials/Substrate/Glints2/dict_0002_0222.uasset" 8100
"/Engine/EngineMaterials/Substrate/Glints2/dict_0002_0198" 8101
"../../../Engine/Content/EngineMaterials/Substrate/Glints2/dict_0002_0216.uasset" 8102
"../../../Engine/Content/EngineMaterials/Substrate/Glints2/dict_0002_0221.uasset" 8103
"/Engine/EngineMaterials/Substrate/Glints2/dict_0002_0197" 8104
"/Engine/EngineMaterials/Substrate/Glints2/dict_0002_0196" 8105
"/Engine/EngineMaterials/Substrate/Glints2/dict_0002_0195" 8106
"/Engine/EngineMaterials/Substrate/Glints2/dict_0002_0194" 8107
"/Engine/EngineMaterials/Substrate/Glints2/dict_0002_0193" 8108
"/Engine/EngineMaterials/Substrate/Glints2/dict_0002_0192" 8109
"/Engine/EngineMaterials/Substrate/Glints2/dict_0002_0191" 8110
"/Engine/EngineMaterials/Substrate/Glints2/dict_0002_0222" 8111
"../../../Engine/Content/EngineMaterials/Substrate/Glints2/dict_0002_0224.uasset" 8112
"../../../Engine/Content/EngineMaterials/Substrate/Glints2/dict_0002_0225.uasset" 8113
"../../../Engine/Content/EngineMaterials/Substrate/Glints2/dict_0002_0226.uasset" 8114
"../../../Engine/Content/EngineMaterials/Substrate/Glints2/dict_0002_0227.uasset" 8115
"../../../Engine/Content/EngineMaterials/Substrate/Glints2/dict_0002_0229.uasset" 8116
"../../../Engine/Content/EngineMaterials/Substrate/Glints2/dict_0002_0231.uasset" 8117
"../../../Engine/Content/EngineMaterials/Substrate/Glints2/dict_0002_0232.uasset" 8118
"../../../Engine/Content/EngineMaterials/Substrate/Glints2/dict_0002_0223.uasset" 8119
"../../../Engine/Content/EngineMaterials/Substrate/Glints2/dict_0002_0230.uasset" 8120
"../../../Engine/Content/EngineMaterials/Substrate/Glints2/dict_0002_0228.uasset" 8121
"/Engine/EngineMaterials/Substrate/Glints2/dict_0002_0221" 8122
"/Engine/EngineMaterials/Substrate/Glints2/dict_0002_0220" 8123
"/Engine/EngineMaterials/Substrate/Glints2/dict_0002_0219" 8124
"/Engine/EngineMaterials/Substrate/Glints2/dict_0002_0218" 8125
"/Engine/EngineMaterials/Substrate/Glints2/dict_0002_0217" 8126
"/Engine/EngineMaterials/Substrate/Glints2/dict_0002_0216" 8127
"/Engine/EngineMaterials/Substrate/Glints2/dict_0002_0215" 8128
"/Engine/EngineMaterials/Substrate/Glints2/dict_0002_0214" 8129
"/Engine/EngineMaterials/Substrate/Glints2/dict_0002_0213" 8130
"/Engine/EngineMaterials/Substrate/Glints2/dict_0002_0212" 8131
"/Engine/EngineMaterials/Substrate/Glints2/dict_0002_0211" 8132
"/Engine/EngineMaterials/Substrate/Glints2/dict_0002_0210" 8133
"/Engine/EngineMaterials/Substrate/Glints2/dict_0002_0209" 8134
"/Engine/EngineMaterials/Substrate/Glints2/dict_0002_0208" 8135
"/Engine/EngineMaterials/Substrate/Glints2/dict_0002_0207" 8136
"/Engine/EngineMaterials/Substrate/Glints2/dict_0002_0206" 8137
"/Engine/EngineMaterials/Substrate/Glints2/dict_0002_0205" 8138
"/Engine/EngineMaterials/Substrate/Glints2/dict_0002_0204" 8139
"/Engine/EngineMaterials/Substrate/Glints2/dict_0002_0203" 8140
"/Engine/EngineMaterials/Substrate/Glints2/dict_0002_0202" 8141
"/Engine/EngineMaterials/Substrate/Glints2/dict_0002_0201" 8142
"../../../Engine/Content/EngineMaterials/Substrate/Glints2/dict_0002_0235.uasset" 8143
"../../../Engine/Content/EngineMaterials/Substrate/Glints2/dict_0002_0238.uasset" 8144
"../../../Engine/Content/EngineMaterials/Substrate/Glints2/dict_0002_0240.uasset" 8145
"../../../Engine/Content/EngineMaterials/Substrate/Glints2/dict_0002_0239.uasset" 8146
"../../../Engine/Content/EngineMaterials/Substrate/Glints2/dict_0002_0241.uasset" 8147
"../../../Engine/Content/EngineMaterials/Substrate/Glints2/dict_0002_0242.uasset" 8148
"../../../Engine/Content/EngineMaterials/Substrate/Glints2/dict_0002_0237.uasset" 8149
"/Engine/EngineMaterials/Substrate/Glints2/dict_0002_0232" 8150
"../../../Engine/Content/EngineMaterials/Substrate/Glints2/dict_0002_0236.uasset" 8151
"../../../Engine/Content/EngineMaterials/Substrate/Glints2/dict_0002_0233.uasset" 8152
"../../../Engine/Content/EngineMaterials/Substrate/Glints2/dict_0002_0234.uasset" 8153
"../../../Engine/Content/EngineMaterials/Substrate/Glints2/dict_0002_0243.uasset" 8154
"../../../Engine/Content/EngineMaterials/Substrate/Glints2/dict_0002_0244.uasset" 8155
"../../../Engine/Content/EngineMaterials/Substrate/Glints2/dict_0002_0246.uasset" 8156
"../../../Engine/Content/EngineMaterials/Substrate/Glints2/dict_0002_0247.uasset" 8157
"../../../Engine/Content/EngineMaterials/Substrate/Glints2/dict_0002_0248.uasset" 8158
"../../../Engine/Content/EngineMaterials/Substrate/Glints2/dict_0002_0245.uasset" 8159
"../../../Engine/Content/EngineMaterials/Substrate/Glints2/dict_0002_0249.uasset" 8160
"../../../Engine/Content/EngineMaterials/Substrate/Glints2/dict_0002_0250.uasset" 8161
"../../../Engine/Content/EngineMaterials/Substrate/Glints2/dict_0002_0251.uasset" 8162
"../../../Engine/Content/EngineMaterials/Substrate/Glints2/dict_0002_0253.uasset" 8163
"../../../Engine/Content/EngineMaterials/Substrate/Glints2/dict_0002_0252.uasset" 8164
"../../../Engine/Content/EngineMaterials/Substrate/Glints2/dict_0002_0254.uasset" 8165
"/Engine/EngineMaterials/Substrate/Glints2/dict_0002_0231" 8166
"/Engine/EngineMaterials/Substrate/Glints2/dict_0002_0230" 8167
"/Engine/EngineMaterials/Substrate/Glints2/dict_0002_0229" 8168
"/Engine/EngineMaterials/Substrate/Glints2/dict_0002_0228" 8169
"/Engine/EngineMaterials/Substrate/Glints2/dict_0002_0227" 8170
"/Engine/EngineMaterials/Substrate/Glints2/dict_0002_0226" 8171
"/Engine/EngineMaterials/Substrate/Glints2/dict_0002_0225" 8172
"/Engine/EngineMaterials/Substrate/Glints2/dict_0002_0224" 8173
"/Engine/EngineMaterials/Substrate/Glints2/dict_0002_0223" 8174
"/Engine/EngineMaterials/Substrate/Glints2/dict_0002_0254" 8175
"../../../Engine/Content/EngineMaterials/Substrate/Glints2/dict_0002_0255.uasset" 8176
"../../../Engine/Content/EngineMaterials/Substrate/Glints2/dict_0003_0000.uasset" 8177
"../../../Engine/Content/EngineMaterials/Substrate/Glints2/dict_0003_0002.uasset" 8178
"/Engine/EngineMaterials/Substrate/Glints2/dict_0002_0253" 8179
"../../../Engine/Content/EngineMaterials/Substrate/Glints2/dict_0003_0001.uasset" 8180
"../../../Engine/Content/EngineMaterials/Substrate/Glints2/dict_0003_0004.uasset" 8181
"../../../Engine/Content/EngineMaterials/Substrate/Glints2/dict_0003_0005.uasset" 8182
"../../../Engine/Content/EngineMaterials/Substrate/Glints2/dict_0003_0008.uasset" 8183
"../../../Engine/Content/EngineMaterials/Substrate/Glints2/dict_0003_0006.uasset" 8184
"../../../Engine/Content/EngineMaterials/Substrate/Glints2/dict_0003_0003.uasset" 8185
"../../../Engine/Content/EngineMaterials/Substrate/Glints2/dict_0003_0007.uasset" 8186
"/Engine/EngineMaterials/Substrate/Glints2/dict_0002_0252" 8187
"/Engine/EngineMaterials/Substrate/Glints2/dict_0002_0251" 8188
"/Engine/EngineMaterials/Substrate/Glints2/dict_0002_0250" 8189
"/Engine/EngineMaterials/Substrate/Glints2/dict_0002_0249" 8190
"/Engine/EngineMaterials/Substrate/Glints2/dict_0002_0248" 8191
"/Engine/EngineMaterials/Substrate/Glints2/dict_0002_0247" 8192
"/Engine/EngineMaterials/Substrate/Glints2/dict_0002_0246" 8193
"/Engine/EngineMaterials/Substrate/Glints2/dict_0002_0245" 8194
"/Engine/EngineMaterials/Substrate/Glints2/dict_0002_0244" 8195
"/Engine/EngineMaterials/Substrate/Glints2/dict_0002_0243" 8196
"/Engine/EngineMaterials/Substrate/Glints2/dict_0002_0242" 8197
"/Engine/EngineMaterials/Substrate/Glints2/dict_0002_0241" 8198
"/Engine/EngineMaterials/Substrate/Glints2/dict_0002_0240" 8199
"/Engine/EngineMaterials/Substrate/Glints2/dict_0002_0239" 8200
"/Engine/EngineMaterials/Substrate/Glints2/dict_0002_0238" 8201
"/Engine/EngineMaterials/Substrate/Glints2/dict_0002_0237" 8202
"/Engine/EngineMaterials/Substrate/Glints2/dict_0002_0236" 8203
"/Engine/EngineMaterials/Substrate/Glints2/dict_0002_0235" 8204
"/Engine/EngineMaterials/Substrate/Glints2/dict_0002_0234" 8205
"/Engine/EngineMaterials/Substrate/Glints2/dict_0002_0233" 8206
"/Engine/EngineMaterials/Substrate/Glints2/dict_0003_0008" 8207
"../../../Engine/Content/EngineMaterials/Substrate/Glints2/dict_0003_0010.uasset" 8208
"../../../Engine/Content/EngineMaterials/Substrate/Glints2/dict_0003_0012.uasset" 8209
"../../../Engine/Content/EngineMaterials/Substrate/Glints2/dict_0003_0011.uasset" 8210
"../../../Engine/Content/EngineMaterials/Substrate/Glints2/dict_0003_0015.uasset" 8211
"../../../Engine/Content/EngineMaterials/Substrate/Glints2/dict_0003_0013.uasset" 8212
"../../../Engine/Content/EngineMaterials/Substrate/Glints2/dict_0003_0016.uasset" 8213
"../../../Engine/Content/EngineMaterials/Substrate/Glints2/dict_0003_0009.uasset" 8214
"../../../Engine/Content/EngineMaterials/Substrate/Glints2/dict_0003_0017.uasset" 8215
"../../../Engine/Content/EngineMaterials/Substrate/Glints2/dict_0003_0014.uasset" 8216
"../../../Engine/Content/EngineMaterials/Substrate/Glints2/dict_0003_0018.uasset" 8217
"../../../Engine/Content/EngineMaterials/Substrate/Glints2/dict_0003_0019.uasset" 8218
"../../../Engine/Content/EngineMaterials/Substrate/Glints2/dict_0003_0021.uasset" 8219
"/Engine/EngineMaterials/Substrate/Glints2/dict_0003_0007" 8220
"../../../Engine/Content/EngineMaterials/Substrate/Glints2/dict_0003_0022.uasset" 8221
"../../../Engine/Content/EngineMaterials/Substrate/Glints2/dict_0003_0023.uasset" 8222
"../../../Engine/Content/EngineMaterials/Substrate/Glints2/dict_0003_0020.uasset" 8223
"../../../Engine/Content/EngineMaterials/Substrate/Glints2/dict_0003_0024.uasset" 8224
"../../../Engine/Content/EngineMaterials/Substrate/Glints2/dict_0003_0025.uasset" 8225
"../../../Engine/Content/EngineMaterials/Substrate/Glints2/dict_0003_0026.uasset" 8226
"../../../Engine/Content/EngineMaterials/Substrate/Glints2/dict_0003_0028.uasset" 8227
"../../../Engine/Content/EngineMaterials/Substrate/Glints2/dict_0003_0027.uasset" 8228
"../../../Engine/Content/EngineMaterials/Substrate/Glints2/dict_0003_0029.uasset" 8229
"../../../Engine/Content/EngineMaterials/Substrate/Glints2/dict_0003_0030.uasset" 8230
"/Engine/EngineMaterials/Substrate/Glints2/dict_0003_0006" 8231
"/Engine/EngineMaterials/Substrate/Glints2/dict_0003_0005" 8232
"/Engine/EngineMaterials/Substrate/Glints2/dict_0003_0004" 8233
"/Engine/EngineMaterials/Substrate/Glints2/dict_0003_0003" 8234
"/Engine/EngineMaterials/Substrate/Glints2/dict_0003_0002" 8235
"/Engine/EngineMaterials/Substrate/Glints2/dict_0003_0001" 8236
"/Engine/EngineMaterials/Substrate/Glints2/dict_0003_0000" 8237
"/Engine/EngineMaterials/Substrate/Glints2/dict_0002_0255" 8238
"/Engine/EngineMaterials/Substrate/Glints2/dict_0003_0030" 8239
"../../../Engine/Content/EngineMaterials/Substrate/Glints2/dict_0003_0032.uasset" 8240
"../../../Engine/Content/EngineMaterials/Substrate/Glints2/dict_0003_0034.uasset" 8241
"../../../Engine/Content/EngineMaterials/Substrate/Glints2/dict_0003_0036.uasset" 8242
"../../../Engine/Content/EngineMaterials/Substrate/Glints2/dict_0003_0037.uasset" 8243
"../../../Engine/Content/EngineMaterials/Substrate/Glints2/dict_0003_0033.uasset" 8244
"../../../Engine/Content/EngineMaterials/Substrate/Glints2/dict_0003_0040.uasset" 8245
"../../../Engine/Content/EngineMaterials/Substrate/Glints2/dict_0003_0038.uasset" 8246
"../../../Engine/Content/EngineMaterials/Substrate/Glints2/dict_0003_0031.uasset" 8247
"../../../Engine/Content/EngineMaterials/Substrate/Glints2/dict_0003_0039.uasset" 8248
"../../../Engine/Content/EngineMaterials/Substrate/Glints2/dict_0003_0035.uasset" 8249
"/Engine/EngineMaterials/Substrate/Glints2/dict_0003_0029" 8250
"/Engine/EngineMaterials/Substrate/Glints2/dict_0003_0028" 8251
"/Engine/EngineMaterials/Substrate/Glints2/dict_0003_0027" 8252
"/Engine/EngineMaterials/Substrate/Glints2/dict_0003_0026" 8253
"/Engine/EngineMaterials/Substrate/Glints2/dict_0003_0025" 8254
"/Engine/EngineMaterials/Substrate/Glints2/dict_0003_0024" 8255
"/Engine/EngineMaterials/Substrate/Glints2/dict_0003_0023" 8256
"/Engine/EngineMaterials/Substrate/Glints2/dict_0003_0022" 8257
"/Engine/EngineMaterials/Substrate/Glints2/dict_0003_0021" 8258
"/Engine/EngineMaterials/Substrate/Glints2/dict_0003_0020" 8259
"/Engine/EngineMaterials/Substrate/Glints2/dict_0003_0019" 8260
"/Engine/EngineMaterials/Substrate/Glints2/dict_0003_0018" 8261
"/Engine/EngineMaterials/Substrate/Glints2/dict_0003_0017" 8262
"/Engine/EngineMaterials/Substrate/Glints2/dict_0003_0016" 8263
"/Engine/EngineMaterials/Substrate/Glints2/dict_0003_0015" 8264
"/Engine/EngineMaterials/Substrate/Glints2/dict_0003_0014" 8265
"/Engine/EngineMaterials/Substrate/Glints2/dict_0003_0013" 8266
"/Engine/EngineMaterials/Substrate/Glints2/dict_0003_0012" 8267
"/Engine/EngineMaterials/Substrate/Glints2/dict_0003_0011" 8268
"/Engine/EngineMaterials/Substrate/Glints2/dict_0003_0010" 8269
"/Engine/EngineMaterials/Substrate/Glints2/dict_0003_0009" 8270
"/Engine/EngineMaterials/Substrate/Glints2/dict_0003_0040" 8271
"../../../Engine/Content/EngineMaterials/Substrate/Glints2/dict_0003_0043.uasset" 8272
"../../../Engine/Content/EngineMaterials/Substrate/Glints2/dict_0003_0041.uasset" 8273
"../../../Engine/Content/EngineMaterials/Substrate/Glints2/dict_0003_0045.uasset" 8274
"../../../Engine/Content/EngineMaterials/Substrate/Glints2/dict_0003_0046.uasset" 8275
"../../../Engine/Content/EngineMaterials/Substrate/Glints2/dict_0003_0049.uasset" 8276
"../../../Engine/Content/EngineMaterials/Substrate/Glints2/dict_0003_0044.uasset" 8277
"../../../Engine/Content/EngineMaterials/Substrate/Glints2/dict_0003_0042.uasset" 8278
"../../../Engine/Content/EngineMaterials/Substrate/Glints2/dict_0003_0047.uasset" 8279
"../../../Engine/Content/EngineMaterials/Substrate/Glints2/dict_0003_0048.uasset" 8280
"../../../Engine/Content/EngineMaterials/Substrate/Glints2/dict_0003_0050.uasset" 8281
"/Engine/EngineMaterials/Substrate/Glints2/dict_0003_0039" 8282
"../../../Engine/Content/EngineMaterials/Substrate/Glints2/dict_0003_0051.uasset" 8283
"../../../Engine/Content/EngineMaterials/Substrate/Glints2/dict_0003_0053.uasset" 8284
"../../../Engine/Content/EngineMaterials/Substrate/Glints2/dict_0003_0052.uasset" 8285
"../../../Engine/Content/EngineMaterials/Substrate/Glints2/dict_0003_0054.uasset" 8286
"../../../Engine/Content/EngineMaterials/Substrate/Glints2/dict_0003_0055.uasset" 8287
"../../../Engine/Content/EngineMaterials/Substrate/Glints2/dict_0003_0056.uasset" 8288
"../../../Engine/Content/EngineMaterials/Substrate/Glints2/dict_0003_0057.uasset" 8289
"../../../Engine/Content/EngineMaterials/Substrate/Glints2/dict_0003_0058.uasset" 8290
"../../../Engine/Content/EngineMaterials/Substrate/Glints2/dict_0003_0060.uasset" 8291
"../../../Engine/Content/EngineMaterials/Substrate/Glints2/dict_0003_0059.uasset" 8292
"../../../Engine/Content/EngineMaterials/Substrate/Glints2/dict_0003_0061.uasset" 8293
"../../../Engine/Content/EngineMaterials/Substrate/Glints2/dict_0003_0062.uasset" 8294
"/Engine/EngineMaterials/Substrate/Glints2/dict_0003_0038" 8295
"/Engine/EngineMaterials/Substrate/Glints2/dict_0003_0037" 8296
"/Engine/EngineMaterials/Substrate/Glints2/dict_0003_0036" 8297
"/Engine/EngineMaterials/Substrate/Glints2/dict_0003_0035" 8298
"/Engine/EngineMaterials/Substrate/Glints2/dict_0003_0034" 8299
"/Engine/EngineMaterials/Substrate/Glints2/dict_0003_0033" 8300
"/Engine/EngineMaterials/Substrate/Glints2/dict_0003_0032" 8301
"/Engine/EngineMaterials/Substrate/Glints2/dict_0003_0031" 8302
"/Engine/EngineMaterials/Substrate/Glints2/dict_0003_0062" 8303
"../../../Engine/Content/EngineMaterials/Substrate/Glints2/dict_0003_0063.uasset" 8304
"../../../Engine/Content/EngineMaterials/Substrate/Glints2/dict_0003_0064.uasset" 8305
"../../../Engine/Content/EngineMaterials/Substrate/Glints2/dict_0003_0065.uasset" 8306
"../../../Engine/Content/EngineMaterials/Substrate/Glints2/dict_0003_0066.uasset" 8307
"../../../Engine/Content/EngineMaterials/Substrate/Glints2/dict_0003_0067.uasset" 8308
"../../../Engine/Content/EngineMaterials/Substrate/Glints2/dict_0003_0069.uasset" 8309
"../../../Engine/Content/EngineMaterials/Substrate/Glints2/dict_0003_0071.uasset" 8310
"../../../Engine/Content/EngineMaterials/Substrate/Glints2/dict_0003_0068.uasset" 8311
"../../../Engine/Content/EngineMaterials/Substrate/Glints2/dict_0003_0070.uasset" 8312
"../../../Engine/Content/EngineMaterials/Substrate/Glints2/dict_0003_0072.uasset" 8313
"/Engine/EngineMaterials/Substrate/Glints2/dict_0003_0061" 8314
"/Engine/EngineMaterials/Substrate/Glints2/dict_0003_0060" 8315
"/Engine/EngineMaterials/Substrate/Glints2/dict_0003_0059" 8316
"/Engine/EngineMaterials/Substrate/Glints2/dict_0003_0058" 8317
"/Engine/EngineMaterials/Substrate/Glints2/dict_0003_0057" 8318
"/Engine/EngineMaterials/Substrate/Glints2/dict_0003_0056" 8319
"/Engine/EngineMaterials/Substrate/Glints2/dict_0003_0055" 8320
"/Engine/EngineMaterials/Substrate/Glints2/dict_0003_0054" 8321
"/Engine/EngineMaterials/Substrate/Glints2/dict_0003_0053" 8322
"/Engine/EngineMaterials/Substrate/Glints2/dict_0003_0052" 8323
"/Engine/EngineMaterials/Substrate/Glints2/dict_0003_0051" 8324
"/Engine/EngineMaterials/Substrate/Glints2/dict_0003_0050" 8325
"/Engine/EngineMaterials/Substrate/Glints2/dict_0003_0049" 8326
"/Engine/EngineMaterials/Substrate/Glints2/dict_0003_0048" 8327
"/Engine/EngineMaterials/Substrate/Glints2/dict_0003_0047" 8328
"/Engine/EngineMaterials/Substrate/Glints2/dict_0003_0046" 8329
"/Engine/EngineMaterials/Substrate/Glints2/dict_0003_0045" 8330
"/Engine/EngineMaterials/Substrate/Glints2/dict_0003_0044" 8331
"/Engine/EngineMaterials/Substrate/Glints2/dict_0003_0043" 8332
"/Engine/EngineMaterials/Substrate/Glints2/dict_0003_0042" 8333
"/Engine/EngineMaterials/Substrate/Glints2/dict_0003_0041" 8334
"/Engine/EngineMaterials/Substrate/Glints2/dict_0003_0072" 8335
"../../../Engine/Content/EngineMaterials/Substrate/Glints2/dict_0003_0074.uasset" 8336
"../../../Engine/Content/EngineMaterials/Substrate/Glints2/dict_0003_0075.uasset" 8337
"../../../Engine/Content/EngineMaterials/Substrate/Glints2/dict_0003_0077.uasset" 8338
"../../../Engine/Content/EngineMaterials/Substrate/Glints2/dict_0003_0073.uasset" 8339
"../../../Engine/Content/EngineMaterials/Substrate/Glints2/dict_0003_0076.uasset" 8340
"../../../Engine/Content/EngineMaterials/Substrate/Glints2/dict_0003_0078.uasset" 8341
"../../../Engine/Content/EngineMaterials/Substrate/Glints2/dict_0003_0080.uasset" 8342
"../../../Engine/Content/EngineMaterials/Substrate/Glints2/dict_0003_0082.uasset" 8343
"../../../Engine/Content/EngineMaterials/Substrate/Glints2/dict_0003_0079.uasset" 8344
"../../../Engine/Content/EngineMaterials/Substrate/Glints2/dict_0003_0081.uasset" 8345
"../../../Engine/Content/EngineMaterials/Substrate/Glints2/dict_0003_0085.uasset" 8346
"/Engine/EngineMaterials/Substrate/Glints2/dict_0003_0071" 8347
"../../../Engine/Content/EngineMaterials/Substrate/Glints2/dict_0003_0084.uasset" 8348
"../../../Engine/Content/EngineMaterials/Substrate/Glints2/dict_0003_0088.uasset" 8349
"../../../Engine/Content/EngineMaterials/Substrate/Glints2/dict_0003_0089.uasset" 8350
"../../../Engine/Content/EngineMaterials/Substrate/Glints2/dict_0003_0086.uasset" 8351
"../../../Engine/Content/EngineMaterials/Substrate/Glints2/dict_0003_0091.uasset" 8352
"../../../Engine/Content/EngineMaterials/Substrate/Glints2/dict_0003_0090.uasset" 8353
"../../../Engine/Content/EngineMaterials/Substrate/Glints2/dict_0003_0083.uasset" 8354
"../../../Engine/Content/EngineMaterials/Substrate/Glints2/dict_0003_0087.uasset" 8355
"../../../Engine/Content/EngineMaterials/Substrate/Glints2/dict_0003_0092.uasset" 8356
"../../../Engine/Content/EngineMaterials/Substrate/Glints2/dict_0003_0093.uasset" 8357
"../../../Engine/Content/EngineMaterials/Substrate/Glints2/dict_0003_0094.uasset" 8358
"/Engine/EngineMaterials/Substrate/Glints2/dict_0003_0070" 8359
"/Engine/EngineMaterials/Substrate/Glints2/dict_0003_0069" 8360
"/Engine/EngineMaterials/Substrate/Glints2/dict_0003_0068" 8361
"/Engine/EngineMaterials/Substrate/Glints2/dict_0003_0067" 8362
"/Engine/EngineMaterials/Substrate/Glints2/dict_0003_0066" 8363
"/Engine/EngineMaterials/Substrate/Glints2/dict_0003_0065" 8364
"/Engine/EngineMaterials/Substrate/Glints2/dict_0003_0064" 8365
"/Engine/EngineMaterials/Substrate/Glints2/dict_0003_0063" 8366
"/Engine/EngineMaterials/Substrate/Glints2/dict_0003_0094" 8367
"../../../Engine/Content/EngineMaterials/Substrate/Glints2/dict_0003_0095.uasset" 8368
"../../../Engine/Content/EngineMaterials/Substrate/Glints2/dict_0003_0099.uasset" 8369
"../../../Engine/Content/EngineMaterials/Substrate/Glints2/dict_0003_0097.uasset" 8370
"../../../Engine/Content/EngineMaterials/Substrate/Glints2/dict_0003_0102.uasset" 8371
"../../../Engine/Content/EngineMaterials/Substrate/Glints2/dict_0003_0103.uasset" 8372
"../../../Engine/Content/EngineMaterials/Substrate/Glints2/dict_0003_0101.uasset" 8373
"../../../Engine/Content/EngineMaterials/Substrate/Glints2/dict_0003_0096.uasset" 8374
"../../../Engine/Content/EngineMaterials/Substrate/Glints2/dict_0003_0098.uasset" 8375
"../../../Engine/Content/EngineMaterials/Substrate/Glints2/dict_0003_0104.uasset" 8376
"../../../Engine/Content/EngineMaterials/Substrate/Glints2/dict_0003_0100.uasset" 8377
"/Engine/EngineMaterials/Substrate/Glints2/dict_0003_0093" 8378
"/Engine/EngineMaterials/Substrate/Glints2/dict_0003_0092" 8379
"/Engine/EngineMaterials/Substrate/Glints2/dict_0003_0091" 8380
"/Engine/EngineMaterials/Substrate/Glints2/dict_0003_0090" 8381
"/Engine/EngineMaterials/Substrate/Glints2/dict_0003_0089" 8382
"/Engine/EngineMaterials/Substrate/Glints2/dict_0003_0088" 8383
"/Engine/EngineMaterials/Substrate/Glints2/dict_0003_0087" 8384
"/Engine/EngineMaterials/Substrate/Glints2/dict_0003_0086" 8385
"/Engine/EngineMaterials/Substrate/Glints2/dict_0003_0085" 8386
"/Engine/EngineMaterials/Substrate/Glints2/dict_0003_0084" 8387
"/Engine/EngineMaterials/Substrate/Glints2/dict_0003_0083" 8388
"/Engine/EngineMaterials/Substrate/Glints2/dict_0003_0082" 8389
"/Engine/EngineMaterials/Substrate/Glints2/dict_0003_0081" 8390
"/Engine/EngineMaterials/Substrate/Glints2/dict_0003_0080" 8391
"/Engine/EngineMaterials/Substrate/Glints2/dict_0003_0079" 8392
"/Engine/EngineMaterials/Substrate/Glints2/dict_0003_0078" 8393
"/Engine/EngineMaterials/Substrate/Glints2/dict_0003_0077" 8394
"/Engine/EngineMaterials/Substrate/Glints2/dict_0003_0076" 8395
"/Engine/EngineMaterials/Substrate/Glints2/dict_0003_0075" 8396
"/Engine/EngineMaterials/Substrate/Glints2/dict_0003_0074" 8397
"/Engine/EngineMaterials/Substrate/Glints2/dict_0003_0073" 8398
"/Engine/EngineMaterials/Substrate/Glints2/dict_0003_0104" 8399
"../../../Engine/Content/EngineMaterials/Substrate/Glints2/dict_0003_0109.uasset" 8400
"../../../Engine/Content/EngineMaterials/Substrate/Glints2/dict_0003_0108.uasset" 8401
"../../../Engine/Content/EngineMaterials/Substrate/Glints2/dict_0003_0111.uasset" 8402
"../../../Engine/Content/EngineMaterials/Substrate/Glints2/dict_0003_0110.uasset" 8403
"../../../Engine/Content/EngineMaterials/Substrate/Glints2/dict_0003_0112.uasset" 8404
"../../../Engine/Content/EngineMaterials/Substrate/Glints2/dict_0003_0106.uasset" 8405
"../../../Engine/Content/EngineMaterials/Substrate/Glints2/dict_0003_0113.uasset" 8406
"../../../Engine/Content/EngineMaterials/Substrate/Glints2/dict_0003_0114.uasset" 8407
"../../../Engine/Content/EngineMaterials/Substrate/Glints2/dict_0003_0105.uasset" 8408
"../../../Engine/Content/EngineMaterials/Substrate/Glints2/dict_0003_0107.uasset" 8409
"../../../Engine/Content/EngineMaterials/Substrate/Glints2/dict_0003_0116.uasset" 8410
"../../../Engine/Content/EngineMaterials/Substrate/Glints2/dict_0003_0117.uasset" 8411
"../../../Engine/Content/EngineMaterials/Substrate/Glints2/dict_0003_0118.uasset" 8412
"/Engine/EngineMaterials/Substrate/Glints2/dict_0003_0103" 8413
"../../../Engine/Content/EngineMaterials/Substrate/Glints2/dict_0003_0119.uasset" 8414
"../../../Engine/Content/EngineMaterials/Substrate/Glints2/dict_0003_0115.uasset" 8415
"../../../Engine/Content/EngineMaterials/Substrate/Glints2/dict_0003_0120.uasset" 8416
"../../../Engine/Content/EngineMaterials/Substrate/Glints2/dict_0003_0121.uasset" 8417
"../../../Engine/Content/EngineMaterials/Substrate/Glints2/dict_0003_0123.uasset" 8418
"../../../Engine/Content/EngineMaterials/Substrate/Glints2/dict_0003_0124.uasset" 8419
"../../../Engine/Content/EngineMaterials/Substrate/Glints2/dict_0003_0125.uasset" 8420
"../../../Engine/Content/EngineMaterials/Substrate/Glints2/dict_0003_0126.uasset" 8421
"../../../Engine/Content/EngineMaterials/Substrate/Glints2/dict_0003_0122.uasset" 8422
"/Engine/EngineMaterials/Substrate/Glints2/dict_0003_0102" 8423
"/Engine/EngineMaterials/Substrate/Glints2/dict_0003_0101" 8424
"/Engine/EngineMaterials/Substrate/Glints2/dict_0003_0100" 8425
"/Engine/EngineMaterials/Substrate/Glints2/dict_0003_0099" 8426
"/Engine/EngineMaterials/Substrate/Glints2/dict_0003_0098" 8427
"/Engine/EngineMaterials/Substrate/Glints2/dict_0003_0097" 8428
"/Engine/EngineMaterials/Substrate/Glints2/dict_0003_0096" 8429
"/Engine/EngineMaterials/Substrate/Glints2/dict_0003_0095" 8430
"/Engine/EngineMaterials/Substrate/Glints2/dict_0003_0126" 8431
"../../../Engine/Content/EngineMaterials/Substrate/Glints2/dict_0003_0129.uasset" 8432
"../../../Engine/Content/EngineMaterials/Substrate/Glints2/dict_0003_0131.uasset" 8433
"../../../Engine/Content/EngineMaterials/Substrate/Glints2/dict_0003_0127.uasset" 8434
"../../../Engine/Content/EngineMaterials/Substrate/Glints2/dict_0003_0136.uasset" 8435
"../../../Engine/Content/EngineMaterials/Substrate/Glints2/dict_0003_0134.uasset" 8436
"/Engine/EngineMaterials/Substrate/Glints2/dict_0003_0125" 8437
"../../../Engine/Content/EngineMaterials/Substrate/Glints2/dict_0003_0135.uasset" 8438
"../../../Engine/Content/EngineMaterials/Substrate/Glints2/dict_0003_0133.uasset" 8439
"../../../Engine/Content/EngineMaterials/Substrate/Glints2/dict_0003_0132.uasset" 8440
"../../../Engine/Content/EngineMaterials/Substrate/Glints2/dict_0003_0130.uasset" 8441
"../../../Engine/Content/EngineMaterials/Substrate/Glints2/dict_0003_0128.uasset" 8442
"/Engine/EngineMaterials/Substrate/Glints2/dict_0003_0124" 8443
"/Engine/EngineMaterials/Substrate/Glints2/dict_0003_0123" 8444
"/Engine/EngineMaterials/Substrate/Glints2/dict_0003_0122" 8445
"/Engine/EngineMaterials/Substrate/Glints2/dict_0003_0121" 8446
"/Engine/EngineMaterials/Substrate/Glints2/dict_0003_0120" 8447
"/Engine/EngineMaterials/Substrate/Glints2/dict_0003_0119" 8448
"/Engine/EngineMaterials/Substrate/Glints2/dict_0003_0118" 8449
"/Engine/EngineMaterials/Substrate/Glints2/dict_0003_0117" 8450
"/Engine/EngineMaterials/Substrate/Glints2/dict_0003_0116" 8451
"/Engine/EngineMaterials/Substrate/Glints2/dict_0003_0115" 8452
"/Engine/EngineMaterials/Substrate/Glints2/dict_0003_0114" 8453
"/Engine/EngineMaterials/Substrate/Glints2/dict_0003_0113" 8454
"/Engine/EngineMaterials/Substrate/Glints2/dict_0003_0112" 8455
"/Engine/EngineMaterials/Substrate/Glints2/dict_0003_0111" 8456
"/Engine/EngineMaterials/Substrate/Glints2/dict_0003_0110" 8457
"/Engine/EngineMaterials/Substrate/Glints2/dict_0003_0109" 8458
"/Engine/EngineMaterials/Substrate/Glints2/dict_0003_0108" 8459
"/Engine/EngineMaterials/Substrate/Glints2/dict_0003_0107" 8460
"/Engine/EngineMaterials/Substrate/Glints2/dict_0003_0106" 8461
"/Engine/EngineMaterials/Substrate/Glints2/dict_0003_0105" 8462
"/Engine/EngineMaterials/Substrate/Glints2/dict_0003_0136" 8463
"../../../Engine/Content/EngineMaterials/Substrate/Glints2/dict_0003_0140.uasset" 8464
"../../../Engine/Content/EngineMaterials/Substrate/Glints2/dict_0003_0141.uasset" 8465
"../../../Engine/Content/EngineMaterials/Substrate/Glints2/dict_0003_0145.uasset" 8466
"../../../Engine/Content/EngineMaterials/Substrate/Glints2/dict_0003_0146.uasset" 8467
"../../../Engine/Content/EngineMaterials/Substrate/Glints2/dict_0003_0144.uasset" 8468
"../../../Engine/Content/EngineMaterials/Substrate/Glints2/dict_0003_0143.uasset" 8469
"../../../Engine/Content/EngineMaterials/Substrate/Glints2/dict_0003_0139.uasset" 8470
"../../../Engine/Content/EngineMaterials/Substrate/Glints2/dict_0003_0138.uasset" 8471
"../../../Engine/Content/EngineMaterials/Substrate/Glints2/dict_0003_0137.uasset" 8472
"../../../Engine/Content/EngineMaterials/Substrate/Glints2/dict_0003_0142.uasset" 8473
"../../../Engine/Content/EngineMaterials/Substrate/Glints2/dict_0003_0148.uasset" 8474
"../../../Engine/Content/EngineMaterials/Substrate/Glints2/dict_0003_0147.uasset" 8475
"../../../Engine/Content/EngineMaterials/Substrate/Glints2/dict_0003_0149.uasset" 8476
"../../../Engine/Content/EngineMaterials/Substrate/Glints2/dict_0003_0150.uasset" 8477
"../../../Engine/Content/EngineMaterials/Substrate/Glints2/dict_0003_0154.uasset" 8478
"../../../Engine/Content/EngineMaterials/Substrate/Glints2/dict_0003_0151.uasset" 8479
"../../../Engine/Content/EngineMaterials/Substrate/Glints2/dict_0003_0153.uasset" 8480
"/Engine/EngineMaterials/Substrate/Glints2/dict_0003_0135" 8481
"../../../Engine/Content/EngineMaterials/Substrate/Glints2/dict_0003_0156.uasset" 8482
"../../../Engine/Content/EngineMaterials/Substrate/Glints2/dict_0003_0152.uasset" 8483
"../../../Engine/Content/EngineMaterials/Substrate/Glints2/dict_0003_0155.uasset" 8484
"../../../Engine/Content/EngineMaterials/Substrate/Glints2/dict_0003_0157.uasset" 8485
"../../../Engine/Content/EngineMaterials/Substrate/Glints2/dict_0003_0158.uasset" 8486
"/Engine/EngineMaterials/Substrate/Glints2/dict_0003_0134" 8487
"/Engine/EngineMaterials/Substrate/Glints2/dict_0003_0133" 8488
"/Engine/EngineMaterials/Substrate/Glints2/dict_0003_0132" 8489
"/Engine/EngineMaterials/Substrate/Glints2/dict_0003_0131" 8490
"/Engine/EngineMaterials/Substrate/Glints2/dict_0003_0130" 8491
"/Engine/EngineMaterials/Substrate/Glints2/dict_0003_0129" 8492
"/Engine/EngineMaterials/Substrate/Glints2/dict_0003_0128" 8493
"/Engine/EngineMaterials/Substrate/Glints2/dict_0003_0127" 8494
"/Engine/EngineMaterials/Substrate/Glints2/dict_0003_0158" 8495
"../../../Engine/Content/EngineMaterials/Substrate/Glints2/dict_0003_0160.uasset" 8496
"../../../Engine/Content/EngineMaterials/Substrate/Glints2/dict_0003_0161.uasset" 8497
"../../../Engine/Content/EngineMaterials/Substrate/Glints2/dict_0003_0164.uasset" 8498
"../../../Engine/Content/EngineMaterials/Substrate/Glints2/dict_0003_0165.uasset" 8499
"../../../Engine/Content/EngineMaterials/Substrate/Glints2/dict_0003_0166.uasset" 8500
"../../../Engine/Content/EngineMaterials/Substrate/Glints2/dict_0003_0162.uasset" 8501
"../../../Engine/Content/EngineMaterials/Substrate/Glints2/dict_0003_0167.uasset" 8502
"../../../Engine/Content/EngineMaterials/Substrate/Glints2/dict_0003_0168.uasset" 8503
"../../../Engine/Content/EngineMaterials/Substrate/Glints2/dict_0003_0163.uasset" 8504
"../../../Engine/Content/EngineMaterials/Substrate/Glints2/dict_0003_0159.uasset" 8505
"/Engine/EngineMaterials/Substrate/Glints2/dict_0003_0157" 8506
"/Engine/EngineMaterials/Substrate/Glints2/dict_0003_0156" 8507
"/Engine/EngineMaterials/Substrate/Glints2/dict_0003_0155" 8508
"/Engine/EngineMaterials/Substrate/Glints2/dict_0003_0154" 8509
"/Engine/EngineMaterials/Substrate/Glints2/dict_0003_0153" 8510
"/Engine/EngineMaterials/Substrate/Glints2/dict_0003_0152" 8511
"/Engine/EngineMaterials/Substrate/Glints2/dict_0003_0151" 8512
"/Engine/EngineMaterials/Substrate/Glints2/dict_0003_0150" 8513
"/Engine/EngineMaterials/Substrate/Glints2/dict_0003_0149" 8514
"/Engine/EngineMaterials/Substrate/Glints2/dict_0003_0148" 8515
"/Engine/EngineMaterials/Substrate/Glints2/dict_0003_0147" 8516
"/Engine/EngineMaterials/Substrate/Glints2/dict_0003_0146" 8517
"/Engine/EngineMaterials/Substrate/Glints2/dict_0003_0145" 8518
"/Engine/EngineMaterials/Substrate/Glints2/dict_0003_0144" 8519
"/Engine/EngineMaterials/Substrate/Glints2/dict_0003_0143" 8520
"/Engine/EngineMaterials/Substrate/Glints2/dict_0003_0142" 8521
"/Engine/EngineMaterials/Substrate/Glints2/dict_0003_0141" 8522
"/Engine/EngineMaterials/Substrate/Glints2/dict_0003_0140" 8523
"/Engine/EngineMaterials/Substrate/Glints2/dict_0003_0139" 8524
"/Engine/EngineMaterials/Substrate/Glints2/dict_0003_0138" 8525
"/Engine/EngineMaterials/Substrate/Glints2/dict_0003_0137" 8526
"/Engine/EngineMaterials/Substrate/Glints2/dict_0003_0168" 8527
"../../../Engine/Content/EngineMaterials/Substrate/Glints2/dict_0003_0170.uasset" 8528
"../../../Engine/Content/EngineMaterials/Substrate/Glints2/dict_0003_0171.uasset" 8529
"../../../Engine/Content/EngineMaterials/Substrate/Glints2/dict_0003_0173.uasset" 8530
"../../../Engine/Content/EngineMaterials/Substrate/Glints2/dict_0003_0174.uasset" 8531
"../../../Engine/Content/EngineMaterials/Substrate/Glints2/dict_0003_0175.uasset" 8532
"../../../Engine/Content/EngineMaterials/Substrate/Glints2/dict_0003_0178.uasset" 8533
"../../../Engine/Content/EngineMaterials/Substrate/Glints2/dict_0003_0176.uasset" 8534
"../../../Engine/Content/EngineMaterials/Substrate/Glints2/dict_0003_0169.uasset" 8535
"../../../Engine/Content/EngineMaterials/Substrate/Glints2/dict_0003_0177.uasset" 8536
"../../../Engine/Content/EngineMaterials/Substrate/Glints2/dict_0003_0172.uasset" 8537
"../../../Engine/Content/EngineMaterials/Substrate/Glints2/dict_0003_0179.uasset" 8538
"/Engine/EngineMaterials/Substrate/Glints2/dict_0003_0167" 8539
"../../../Engine/Content/EngineMaterials/Substrate/Glints2/dict_0003_0180.uasset" 8540
"../../../Engine/Content/EngineMaterials/Substrate/Glints2/dict_0003_0181.uasset" 8541
"../../../Engine/Content/EngineMaterials/Substrate/Glints2/dict_0003_0183.uasset" 8542
"../../../Engine/Content/EngineMaterials/Substrate/Glints2/dict_0003_0182.uasset" 8543
"../../../Engine/Content/EngineMaterials/Substrate/Glints2/dict_0003_0185.uasset" 8544
"../../../Engine/Content/EngineMaterials/Substrate/Glints2/dict_0003_0184.uasset" 8545
"../../../Engine/Content/EngineMaterials/Substrate/Glints2/dict_0003_0186.uasset" 8546
"../../../Engine/Content/EngineMaterials/Substrate/Glints2/dict_0003_0188.uasset" 8547
"../../../Engine/Content/EngineMaterials/Substrate/Glints2/dict_0003_0187.uasset" 8548
"../../../Engine/Content/EngineMaterials/Substrate/Glints2/dict_0003_0189.uasset" 8549
"../../../Engine/Content/EngineMaterials/Substrate/Glints2/dict_0003_0190.uasset" 8550
"/Engine/EngineMaterials/Substrate/Glints2/dict_0003_0166" 8551
"/Engine/EngineMaterials/Substrate/Glints2/dict_0003_0165" 8552
"/Engine/EngineMaterials/Substrate/Glints2/dict_0003_0164" 8553
"/Engine/EngineMaterials/Substrate/Glints2/dict_0003_0163" 8554
"/Engine/EngineMaterials/Substrate/Glints2/dict_0003_0162" 8555
"/Engine/EngineMaterials/Substrate/Glints2/dict_0003_0161" 8556
"/Engine/EngineMaterials/Substrate/Glints2/dict_0003_0160" 8557
"/Engine/EngineMaterials/Substrate/Glints2/dict_0003_0159" 8558
"/Engine/EngineMaterials/Substrate/Glints2/dict_0003_0190" 8559
"../../../Engine/Content/EngineMaterials/Substrate/Glints2/dict_0003_0193.uasset" 8560
"../../../Engine/Content/EngineMaterials/Substrate/Glints2/dict_0003_0194.uasset" 8561
"../../../Engine/Content/EngineMaterials/Substrate/Glints2/dict_0003_0195.uasset" 8562
"../../../Engine/Content/EngineMaterials/Substrate/Glints2/dict_0003_0192.uasset" 8563
"../../../Engine/Content/EngineMaterials/Substrate/Glints2/dict_0003_0198.uasset" 8564
"../../../Engine/Content/EngineMaterials/Substrate/Glints2/dict_0003_0200.uasset" 8565
"../../../Engine/Content/EngineMaterials/Substrate/Glints2/dict_0003_0197.uasset" 8566
"../../../Engine/Content/EngineMaterials/Substrate/Glints2/dict_0003_0199.uasset" 8567
"../../../Engine/Content/EngineMaterials/Substrate/Glints2/dict_0003_0191.uasset" 8568
"../../../Engine/Content/EngineMaterials/Substrate/Glints2/dict_0003_0196.uasset" 8569
"/Engine/EngineMaterials/Substrate/Glints2/dict_0003_0189" 8570
"/Engine/EngineMaterials/Substrate/Glints2/dict_0003_0188" 8571
"/Engine/EngineMaterials/Substrate/Glints2/dict_0003_0187" 8572
"/Engine/EngineMaterials/Substrate/Glints2/dict_0003_0186" 8573
"/Engine/EngineMaterials/Substrate/Glints2/dict_0003_0185" 8574
"/Engine/EngineMaterials/Substrate/Glints2/dict_0003_0184" 8575
"/Engine/EngineMaterials/Substrate/Glints2/dict_0003_0183" 8576
"/Engine/EngineMaterials/Substrate/Glints2/dict_0003_0182" 8577
"/Engine/EngineMaterials/Substrate/Glints2/dict_0003_0181" 8578
"/Engine/EngineMaterials/Substrate/Glints2/dict_0003_0180" 8579
"/Engine/EngineMaterials/Substrate/Glints2/dict_0003_0179" 8580
"/Engine/EngineMaterials/Substrate/Glints2/dict_0003_0178" 8581
"/Engine/EngineMaterials/Substrate/Glints2/dict_0003_0177" 8582
"/Engine/EngineMaterials/Substrate/Glints2/dict_0003_0176" 8583
"/Engine/EngineMaterials/Substrate/Glints2/dict_0003_0175" 8584
"/Engine/EngineMaterials/Substrate/Glints2/dict_0003_0174" 8585
"/Engine/EngineMaterials/Substrate/Glints2/dict_0003_0173" 8586
"/Engine/EngineMaterials/Substrate/Glints2/dict_0003_0172" 8587
"/Engine/EngineMaterials/Substrate/Glints2/dict_0003_0171" 8588
"/Engine/EngineMaterials/Substrate/Glints2/dict_0003_0170" 8589
"/Engine/EngineMaterials/Substrate/Glints2/dict_0003_0169" 8590
"/Engine/EngineMaterials/Substrate/Glints2/dict_0003_0200" 8591
"../../../Engine/Content/EngineMaterials/Substrate/Glints2/dict_0003_0203.uasset" 8592
"../../../Engine/Content/EngineMaterials/Substrate/Glints2/dict_0003_0201.uasset" 8593
"../../../Engine/Content/EngineMaterials/Substrate/Glints2/dict_0003_0202.uasset" 8594
"../../../Engine/Content/EngineMaterials/Substrate/Glints2/dict_0003_0209.uasset" 8595
"../../../Engine/Content/EngineMaterials/Substrate/Glints2/dict_0003_0208.uasset" 8596
"../../../Engine/Content/EngineMaterials/Substrate/Glints2/dict_0003_0210.uasset" 8597
"../../../Engine/Content/EngineMaterials/Substrate/Glints2/dict_0003_0204.uasset" 8598
"../../../Engine/Content/EngineMaterials/Substrate/Glints2/dict_0003_0205.uasset" 8599
"../../../Engine/Content/EngineMaterials/Substrate/Glints2/dict_0003_0206.uasset" 8600
"../../../Engine/Content/EngineMaterials/Substrate/Glints2/dict_0003_0207.uasset" 8601
"../../../Engine/Content/EngineMaterials/Substrate/Glints2/dict_0003_0211.uasset" 8602
"../../../Engine/Content/EngineMaterials/Substrate/Glints2/dict_0003_0212.uasset" 8603
"../../../Engine/Content/EngineMaterials/Substrate/Glints2/dict_0003_0213.uasset" 8604
"../../../Engine/Content/EngineMaterials/Substrate/Glints2/dict_0003_0214.uasset" 8605
"/Engine/EngineMaterials/Substrate/Glints2/dict_0003_0199" 8606
"../../../Engine/Content/EngineMaterials/Substrate/Glints2/dict_0003_0216.uasset" 8607
"../../../Engine/Content/EngineMaterials/Substrate/Glints2/dict_0003_0217.uasset" 8608
"../../../Engine/Content/EngineMaterials/Substrate/Glints2/dict_0003_0219.uasset" 8609
"../../../Engine/Content/EngineMaterials/Substrate/Glints2/dict_0003_0221.uasset" 8610
"../../../Engine/Content/EngineMaterials/Substrate/Glints2/dict_0003_0220.uasset" 8611
"../../../Engine/Content/EngineMaterials/Substrate/Glints2/dict_0003_0218.uasset" 8612
"../../../Engine/Content/EngineMaterials/Substrate/Glints2/dict_0003_0222.uasset" 8613
"../../../Engine/Content/EngineMaterials/Substrate/Glints2/dict_0003_0215.uasset" 8614
"/Engine/EngineMaterials/Substrate/Glints2/dict_0003_0198" 8615
"/Engine/EngineMaterials/Substrate/Glints2/dict_0003_0197" 8616
"/Engine/EngineMaterials/Substrate/Glints2/dict_0003_0196" 8617
"/Engine/EngineMaterials/Substrate/Glints2/dict_0003_0195" 8618
"/Engine/EngineMaterials/Substrate/Glints2/dict_0003_0194" 8619
"/Engine/EngineMaterials/Substrate/Glints2/dict_0003_0193" 8620
"/Engine/EngineMaterials/Substrate/Glints2/dict_0003_0192" 8621
"/Engine/EngineMaterials/Substrate/Glints2/dict_0003_0191" 8622
"/Engine/EngineMaterials/Substrate/Glints2/dict_0003_0222" 8623
"../../../Engine/Content/EngineMaterials/Substrate/Glints2/dict_0003_0224.uasset" 8624
"../../../Engine/Content/EngineMaterials/Substrate/Glints2/dict_0003_0225.uasset" 8625
"../../../Engine/Content/EngineMaterials/Substrate/Glints2/dict_0003_0227.uasset" 8626
"../../../Engine/Content/EngineMaterials/Substrate/Glints2/dict_0003_0223.uasset" 8627
"../../../Engine/Content/EngineMaterials/Substrate/Glints2/dict_0003_0226.uasset" 8628
"../../../Engine/Content/EngineMaterials/Substrate/Glints2/dict_0003_0231.uasset" 8629
"../../../Engine/Content/EngineMaterials/Substrate/Glints2/dict_0003_0229.uasset" 8630
"../../../Engine/Content/EngineMaterials/Substrate/Glints2/dict_0003_0230.uasset" 8631
"../../../Engine/Content/EngineMaterials/Substrate/Glints2/dict_0003_0228.uasset" 8632
"../../../Engine/Content/EngineMaterials/Substrate/Glints2/dict_0003_0232.uasset" 8633
"/Engine/EngineMaterials/Substrate/Glints2/dict_0003_0221" 8634
"/Engine/EngineMaterials/Substrate/Glints2/dict_0003_0220" 8635
"/Engine/EngineMaterials/Substrate/Glints2/dict_0003_0219" 8636
"/Engine/EngineMaterials/Substrate/Glints2/dict_0003_0218" 8637
"/Engine/EngineMaterials/Substrate/Glints2/dict_0003_0217" 8638
"/Engine/EngineMaterials/Substrate/Glints2/dict_0003_0216" 8639
"/Engine/EngineMaterials/Substrate/Glints2/dict_0003_0215" 8640
"/Engine/EngineMaterials/Substrate/Glints2/dict_0003_0214" 8641
"/Engine/EngineMaterials/Substrate/Glints2/dict_0003_0213" 8642
"/Engine/EngineMaterials/Substrate/Glints2/dict_0003_0212" 8643
"/Engine/EngineMaterials/Substrate/Glints2/dict_0003_0211" 8644
"/Engine/EngineMaterials/Substrate/Glints2/dict_0003_0210" 8645
"/Engine/EngineMaterials/Substrate/Glints2/dict_0003_0209" 8646
"/Engine/EngineMaterials/Substrate/Glints2/dict_0003_0208" 8647
"/Engine/EngineMaterials/Substrate/Glints2/dict_0003_0207" 8648
"/Engine/EngineMaterials/Substrate/Glints2/dict_0003_0206" 8649
"/Engine/EngineMaterials/Substrate/Glints2/dict_0003_0205" 8650
"/Engine/EngineMaterials/Substrate/Glints2/dict_0003_0204" 8651
"/Engine/EngineMaterials/Substrate/Glints2/dict_0003_0203" 8652
"/Engine/EngineMaterials/Substrate/Glints2/dict_0003_0202" 8653
"/Engine/EngineMaterials/Substrate/Glints2/dict_0003_0201" 8654
"/Engine/EngineMaterials/Substrate/Glints2/dict_0003_0232" 8655
"../../../Engine/Content/EngineMaterials/Substrate/Glints2/dict_0003_0234.uasset" 8656
"../../../Engine/Content/EngineMaterials/Substrate/Glints2/dict_0003_0233.uasset" 8657
"../../../Engine/Content/EngineMaterials/Substrate/Glints2/dict_0003_0237.uasset" 8658
"../../../Engine/Content/EngineMaterials/Substrate/Glints2/dict_0003_0238.uasset" 8659
"../../../Engine/Content/EngineMaterials/Substrate/Glints2/dict_0003_0242.uasset" 8660
"../../../Engine/Content/EngineMaterials/Substrate/Glints2/dict_0003_0236.uasset" 8661
"../../../Engine/Content/EngineMaterials/Substrate/Glints2/dict_0003_0239.uasset" 8662
"../../../Engine/Content/EngineMaterials/Substrate/Glints2/dict_0003_0241.uasset" 8663
"../../../Engine/Content/EngineMaterials/Substrate/Glints2/dict_0003_0240.uasset" 8664
"../../../Engine/Content/EngineMaterials/Substrate/Glints2/dict_0003_0235.uasset" 8665
"../../../Engine/Content/EngineMaterials/Substrate/Glints2/dict_0003_0243.uasset" 8666
"/Engine/EngineMaterials/Substrate/Glints2/dict_0003_0231" 8667
"../../../Engine/Content/EngineMaterials/Substrate/Glints2/dict_0003_0244.uasset" 8668
"../../../Engine/Content/EngineMaterials/Substrate/Glints2/dict_0003_0245.uasset" 8669
"../../../Engine/Content/EngineMaterials/Substrate/Glints2/dict_0003_0248.uasset" 8670
"../../../Engine/Content/EngineMaterials/Substrate/Glints2/dict_0003_0249.uasset" 8671
"../../../Engine/Content/EngineMaterials/Substrate/Glints2/dict_0003_0250.uasset" 8672
"../../../Engine/Content/EngineMaterials/Substrate/Glints2/dict_0003_0253.uasset" 8673
"../../../Engine/Content/EngineMaterials/Substrate/Glints2/dict_0003_0251.uasset" 8674
"../../../Engine/Content/EngineMaterials/Substrate/Glints2/dict_0003_0252.uasset" 8675
"../../../Engine/Content/EngineMaterials/Substrate/Glints2/dict_0003_0247.uasset" 8676
"../../../Engine/Content/EngineMaterials/Substrate/Glints2/dict_0003_0254.uasset" 8677
"../../../Engine/Content/EngineMaterials/Substrate/Glints2/dict_0003_0246.uasset" 8678
"/Engine/EngineMaterials/Substrate/Glints2/dict_0003_0230" 8679
"/Engine/EngineMaterials/Substrate/Glints2/dict_0003_0229" 8680
"/Engine/EngineMaterials/Substrate/Glints2/dict_0003_0228" 8681
"/Engine/EngineMaterials/Substrate/Glints2/dict_0003_0227" 8682
"/Engine/EngineMaterials/Substrate/Glints2/dict_0003_0226" 8683
"/Engine/EngineMaterials/Substrate/Glints2/dict_0003_0225" 8684
"/Engine/EngineMaterials/Substrate/Glints2/dict_0003_0224" 8685
"/Engine/EngineMaterials/Substrate/Glints2/dict_0003_0223" 8686
"/Engine/EngineMaterials/Substrate/Glints2/dict_0003_0254" 8687
"../../../Engine/Content/EngineMaterials/Substrate/Glints2/dict_0004_0000.uasset" 8688
"../../../Engine/Content/EngineMaterials/Substrate/Glints2/dict_0003_0255.uasset" 8689
"../../../Engine/Content/EngineMaterials/Substrate/Glints2/dict_0004_0001.uasset" 8690
"../../../Engine/Content/EngineMaterials/Substrate/Glints2/dict_0004_0003.uasset" 8691
"../../../Engine/Content/EngineMaterials/Substrate/Glints2/dict_0004_0005.uasset" 8692
"../../../Engine/Content/EngineMaterials/Substrate/Glints2/dict_0004_0006.uasset" 8693
"../../../Engine/Content/EngineMaterials/Substrate/Glints2/dict_0004_0002.uasset" 8694
"../../../Engine/Content/EngineMaterials/Substrate/Glints2/dict_0004_0004.uasset" 8695
"../../../Engine/Content/EngineMaterials/Substrate/Glints2/dict_0004_0008.uasset" 8696
"../../../Engine/Content/EngineMaterials/Substrate/Glints2/dict_0004_0007.uasset" 8697
"/Engine/EngineMaterials/Substrate/Glints2/dict_0003_0253" 8698
"/Engine/EngineMaterials/Substrate/Glints2/dict_0003_0252" 8699
"/Engine/EngineMaterials/Substrate/Glints2/dict_0003_0251" 8700
"/Engine/EngineMaterials/Substrate/Glints2/dict_0003_0250" 8701
"/Engine/EngineMaterials/Substrate/Glints2/dict_0003_0249" 8702
"/Engine/EngineMaterials/Substrate/Glints2/dict_0003_0248" 8703
"/Engine/EngineMaterials/Substrate/Glints2/dict_0003_0247" 8704
"/Engine/EngineMaterials/Substrate/Glints2/dict_0003_0246" 8705
"/Engine/EngineMaterials/Substrate/Glints2/dict_0003_0245" 8706
"/Engine/EngineMaterials/Substrate/Glints2/dict_0003_0244" 8707
"/Engine/EngineMaterials/Substrate/Glints2/dict_0003_0243" 8708
"/Engine/EngineMaterials/Substrate/Glints2/dict_0003_0242" 8709
"/Engine/EngineMaterials/Substrate/Glints2/dict_0003_0241" 8710
"/Engine/EngineMaterials/Substrate/Glints2/dict_0003_0240" 8711
"/Engine/EngineMaterials/Substrate/Glints2/dict_0003_0239" 8712
"/Engine/EngineMaterials/Substrate/Glints2/dict_0003_0238" 8713
"/Engine/EngineMaterials/Substrate/Glints2/dict_0003_0237" 8714
"/Engine/EngineMaterials/Substrate/Glints2/dict_0003_0236" 8715
"/Engine/EngineMaterials/Substrate/Glints2/dict_0003_0235" 8716
"/Engine/EngineMaterials/Substrate/Glints2/dict_0003_0234" 8717
"/Engine/EngineMaterials/Substrate/Glints2/dict_0003_0233" 8718
"/Engine/EngineMaterials/Substrate/Glints2/dict_0004_0008" 8719
"../../../Engine/Content/EngineMaterials/Substrate/Glints2/dict_0004_0010.uasset" 8720
"../../../Engine/Content/EngineMaterials/Substrate/Glints2/dict_0004_0009.uasset" 8721
"../../../Engine/Content/EngineMaterials/Substrate/Glints2/dict_0004_0012.uasset" 8722
"../../../Engine/Content/EngineMaterials/Substrate/Glints2/dict_0004_0013.uasset" 8723
"../../../Engine/Content/EngineMaterials/Substrate/Glints2/dict_0004_0017.uasset" 8724
"../../../Engine/Content/EngineMaterials/Substrate/Glints2/dict_0004_0016.uasset" 8725
"../../../Engine/Content/EngineMaterials/Substrate/Glints2/dict_0004_0011.uasset" 8726
"../../../Engine/Content/EngineMaterials/Substrate/Glints2/dict_0004_0018.uasset" 8727
"../../../Engine/Content/EngineMaterials/Substrate/Glints2/dict_0004_0015.uasset" 8728
"../../../Engine/Content/EngineMaterials/Substrate/Glints2/dict_0004_0014.uasset" 8729
"../../../Engine/Content/EngineMaterials/Substrate/Glints2/dict_0004_0020.uasset" 8730
"../../../Engine/Content/EngineMaterials/Substrate/Glints2/dict_0004_0019.uasset" 8731
"/Engine/EngineMaterials/Substrate/Glints2/dict_0004_0007" 8732
"../../../Engine/Content/EngineMaterials/Substrate/Glints2/dict_0004_0021.uasset" 8733
"../../../Engine/Content/EngineMaterials/Substrate/Glints2/dict_0004_0022.uasset" 8734
"../../../Engine/Content/EngineMaterials/Substrate/Glints2/dict_0004_0023.uasset" 8735
"../../../Engine/Content/EngineMaterials/Substrate/Glints2/dict_0004_0025.uasset" 8736
"../../../Engine/Content/EngineMaterials/Substrate/Glints2/dict_0004_0026.uasset" 8737
"../../../Engine/Content/EngineMaterials/Substrate/Glints2/dict_0004_0027.uasset" 8738
"../../../Engine/Content/EngineMaterials/Substrate/Glints2/dict_0004_0028.uasset" 8739
"../../../Engine/Content/EngineMaterials/Substrate/Glints2/dict_0004_0024.uasset" 8740
"../../../Engine/Content/EngineMaterials/Substrate/Glints2/dict_0004_0029.uasset" 8741
"../../../Engine/Content/EngineMaterials/Substrate/Glints2/dict_0004_0030.uasset" 8742
"/Engine/EngineMaterials/Substrate/Glints2/dict_0004_0006" 8743
"/Engine/EngineMaterials/Substrate/Glints2/dict_0004_0005" 8744
"/Engine/EngineMaterials/Substrate/Glints2/dict_0004_0004" 8745
"/Engine/EngineMaterials/Substrate/Glints2/dict_0004_0003" 8746
"/Engine/EngineMaterials/Substrate/Glints2/dict_0004_0002" 8747
"/Engine/EngineMaterials/Substrate/Glints2/dict_0004_0001" 8748
"/Engine/EngineMaterials/Substrate/Glints2/dict_0004_0000" 8749
"/Engine/EngineMaterials/Substrate/Glints2/dict_0003_0255" 8750
"/Engine/EngineMaterials/Substrate/Glints2/dict_0004_0030" 8751
"../../../Engine/Content/EngineMaterials/Substrate/Glints2/dict_0004_0032.uasset" 8752
"../../../Engine/Content/EngineMaterials/Substrate/Glints2/dict_0004_0034.uasset" 8753
"../../../Engine/Content/EngineMaterials/Substrate/Glints2/dict_0004_0031.uasset" 8754
"../../../Engine/Content/EngineMaterials/Substrate/Glints2/dict_0004_0038.uasset" 8755
"../../../Engine/Content/EngineMaterials/Substrate/Glints2/dict_0004_0040.uasset" 8756
"../../../Engine/Content/EngineMaterials/Substrate/Glints2/dict_0004_0036.uasset" 8757
"../../../Engine/Content/EngineMaterials/Substrate/Glints2/dict_0004_0035.uasset" 8758
"../../../Engine/Content/EngineMaterials/Substrate/Glints2/dict_0004_0037.uasset" 8759
"../../../Engine/Content/EngineMaterials/Substrate/Glints2/dict_0004_0033.uasset" 8760
"../../../Engine/Content/EngineMaterials/Substrate/Glints2/dict_0004_0039.uasset" 8761
"/Engine/EngineMaterials/Substrate/Glints2/dict_0004_0029" 8762
"/Engine/EngineMaterials/Substrate/Glints2/dict_0004_0028" 8763
"/Engine/EngineMaterials/Substrate/Glints2/dict_0004_0027" 8764
"/Engine/EngineMaterials/Substrate/Glints2/dict_0004_0026" 8765
"/Engine/EngineMaterials/Substrate/Glints2/dict_0004_0025" 8766
"/Engine/EngineMaterials/Substrate/Glints2/dict_0004_0024" 8767
"/Engine/EngineMaterials/Substrate/Glints2/dict_0004_0023" 8768
"/Engine/EngineMaterials/Substrate/Glints2/dict_0004_0022" 8769
"/Engine/EngineMaterials/Substrate/Glints2/dict_0004_0021" 8770
"/Engine/EngineMaterials/Substrate/Glints2/dict_0004_0020" 8771
"/Engine/EngineMaterials/Substrate/Glints2/dict_0004_0019" 8772
"/Engine/EngineMaterials/Substrate/Glints2/dict_0004_0018" 8773
"/Engine/EngineMaterials/Substrate/Glints2/dict_0004_0017" 8774
"/Engine/EngineMaterials/Substrate/Glints2/dict_0004_0016" 8775
"/Engine/EngineMaterials/Substrate/Glints2/dict_0004_0015" 8776
"/Engine/EngineMaterials/Substrate/Glints2/dict_0004_0014" 8777
"/Engine/EngineMaterials/Substrate/Glints2/dict_0004_0013" 8778
"/Engine/EngineMaterials/Substrate/Glints2/dict_0004_0012" 8779
"/Engine/EngineMaterials/Substrate/Glints2/dict_0004_0011" 8780
"/Engine/EngineMaterials/Substrate/Glints2/dict_0004_0010" 8781
"/Engine/EngineMaterials/Substrate/Glints2/dict_0004_0009" 8782
"/Engine/EngineMaterials/Substrate/Glints2/dict_0004_0040" 8783
"../../../Engine/Content/EngineMaterials/Substrate/Glints2/dict_0004_0041.uasset" 8784
"../../../Engine/Content/EngineMaterials/Substrate/Glints2/dict_0004_0042.uasset" 8785
"../../../Engine/Content/EngineMaterials/Substrate/Glints2/dict_0004_0047.uasset" 8786
"../../../Engine/Content/EngineMaterials/Substrate/Glints2/dict_0004_0046.uasset" 8787
"../../../Engine/Content/EngineMaterials/Substrate/Glints2/dict_0004_0048.uasset" 8788
"../../../Engine/Content/EngineMaterials/Substrate/Glints2/dict_0004_0050.uasset" 8789
"../../../Engine/Content/EngineMaterials/Substrate/Glints2/dict_0004_0044.uasset" 8790
"../../../Engine/Content/EngineMaterials/Substrate/Glints2/dict_0004_0049.uasset" 8791
"../../../Engine/Content/EngineMaterials/Substrate/Glints2/dict_0004_0045.uasset" 8792
"../../../Engine/Content/EngineMaterials/Substrate/Glints2/dict_0004_0043.uasset" 8793
"/Engine/EngineMaterials/Substrate/Glints2/dict_0004_0039" 8794
"../../../Engine/Content/EngineMaterials/Substrate/Glints2/dict_0004_0051.uasset" 8795
"../../../Engine/Content/EngineMaterials/Substrate/Glints2/dict_0004_0052.uasset" 8796
"../../../Engine/Content/EngineMaterials/Substrate/Glints2/dict_0004_0053.uasset" 8797
"../../../Engine/Content/EngineMaterials/Substrate/Glints2/dict_0004_0054.uasset" 8798
"../../../Engine/Content/EngineMaterials/Substrate/Glints2/dict_0004_0055.uasset" 8799
"../../../Engine/Content/EngineMaterials/Substrate/Glints2/dict_0004_0057.uasset" 8800
"../../../Engine/Content/EngineMaterials/Substrate/Glints2/dict_0004_0056.uasset" 8801
"../../../Engine/Content/EngineMaterials/Substrate/Glints2/dict_0004_0059.uasset" 8802
"../../../Engine/Content/EngineMaterials/Substrate/Glints2/dict_0004_0058.uasset" 8803
"../../../Engine/Content/EngineMaterials/Substrate/Glints2/dict_0004_0061.uasset" 8804
"../../../Engine/Content/EngineMaterials/Substrate/Glints2/dict_0004_0060.uasset" 8805
"../../../Engine/Content/EngineMaterials/Substrate/Glints2/dict_0004_0062.uasset" 8806
"/Engine/EngineMaterials/Substrate/Glints2/dict_0004_0038" 8807
"/Engine/EngineMaterials/Substrate/Glints2/dict_0004_0037" 8808
"/Engine/EngineMaterials/Substrate/Glints2/dict_0004_0036" 8809
"/Engine/EngineMaterials/Substrate/Glints2/dict_0004_0035" 8810
"/Engine/EngineMaterials/Substrate/Glints2/dict_0004_0034" 8811
"/Engine/EngineMaterials/Substrate/Glints2/dict_0004_0033" 8812
"/Engine/EngineMaterials/Substrate/Glints2/dict_0004_0032" 8813
"/Engine/EngineMaterials/Substrate/Glints2/dict_0004_0031" 8814
"/Engine/EngineMaterials/Substrate/Glints2/dict_0004_0062" 8815
"../../../Engine/Content/EngineMaterials/Substrate/Glints2/dict_0004_0065.uasset" 8816
"../../../Engine/Content/EngineMaterials/Substrate/Glints2/dict_0004_0064.uasset" 8817
"../../../Engine/Content/EngineMaterials/Substrate/Glints2/dict_0004_0066.uasset" 8818
"../../../Engine/Content/EngineMaterials/Substrate/Glints2/dict_0004_0070.uasset" 8819
"../../../Engine/Content/EngineMaterials/Substrate/Glints2/dict_0004_0067.uasset" 8820
"../../../Engine/Content/EngineMaterials/Substrate/Glints2/dict_0004_0071.uasset" 8821
"../../../Engine/Content/EngineMaterials/Substrate/Glints2/dict_0004_0072.uasset" 8822
"../../../Engine/Content/EngineMaterials/Substrate/Glints2/dict_0004_0063.uasset" 8823
"../../../Engine/Content/EngineMaterials/Substrate/Glints2/dict_0004_0069.uasset" 8824
"../../../Engine/Content/EngineMaterials/Substrate/Glints2/dict_0004_0068.uasset" 8825
"/Engine/EngineMaterials/Substrate/Glints2/dict_0004_0061" 8826
"/Engine/EngineMaterials/Substrate/Glints2/dict_0004_0060" 8827
"/Engine/EngineMaterials/Substrate/Glints2/dict_0004_0059" 8828
"/Engine/EngineMaterials/Substrate/Glints2/dict_0004_0058" 8829
"/Engine/EngineMaterials/Substrate/Glints2/dict_0004_0057" 8830
"/Engine/EngineMaterials/Substrate/Glints2/dict_0004_0056" 8831
"/Engine/EngineMaterials/Substrate/Glints2/dict_0004_0055" 8832
"/Engine/EngineMaterials/Substrate/Glints2/dict_0004_0054" 8833
"/Engine/EngineMaterials/Substrate/Glints2/dict_0004_0053" 8834
"/Engine/EngineMaterials/Substrate/Glints2/dict_0004_0052" 8835
"/Engine/EngineMaterials/Substrate/Glints2/dict_0004_0051" 8836
"/Engine/EngineMaterials/Substrate/Glints2/dict_0004_0050" 8837
"/Engine/EngineMaterials/Substrate/Glints2/dict_0004_0049" 8838
"/Engine/EngineMaterials/Substrate/Glints2/dict_0004_0048" 8839
"/Engine/EngineMaterials/Substrate/Glints2/dict_0004_0047" 8840
"/Engine/EngineMaterials/Substrate/Glints2/dict_0004_0046" 8841
"/Engine/EngineMaterials/Substrate/Glints2/dict_0004_0045" 8842
"/Engine/EngineMaterials/Substrate/Glints2/dict_0004_0044" 8843
"/Engine/EngineMaterials/Substrate/Glints2/dict_0004_0043" 8844
"/Engine/EngineMaterials/Substrate/Glints2/dict_0004_0042" 8845
"/Engine/EngineMaterials/Substrate/Glints2/dict_0004_0041" 8846
"/Engine/EngineMaterials/Substrate/Glints2/dict_0004_0072" 8847
"../../../Engine/Content/EngineMaterials/Substrate/Glints2/dict_0004_0073.uasset" 8848
"../../../Engine/Content/EngineMaterials/Substrate/Glints2/dict_0004_0079.uasset" 8849
"../../../Engine/Content/EngineMaterials/Substrate/Glints2/dict_0004_0080.uasset" 8850
"../../../Engine/Content/EngineMaterials/Substrate/Glints2/dict_0004_0075.uasset" 8851
"../../../Engine/Content/EngineMaterials/Substrate/Glints2/dict_0004_0077.uasset" 8852
"../../../Engine/Content/EngineMaterials/Substrate/Glints2/dict_0004_0074.uasset" 8853
"../../../Engine/Content/EngineMaterials/Substrate/Glints2/dict_0004_0081.uasset" 8854
"../../../Engine/Content/EngineMaterials/Substrate/Glints2/dict_0004_0078.uasset" 8855
"../../../Engine/Content/EngineMaterials/Substrate/Glints2/dict_0004_0076.uasset" 8856
"../../../Engine/Content/EngineMaterials/Substrate/Glints2/dict_0004_0082.uasset" 8857
"../../../Engine/Content/EngineMaterials/Substrate/Glints2/dict_0004_0083.uasset" 8858
"../../../Engine/Content/EngineMaterials/Substrate/Glints2/dict_0004_0084.uasset" 8859
"../../../Engine/Content/EngineMaterials/Substrate/Glints2/dict_0004_0085.uasset" 8860
"/Engine/EngineMaterials/Substrate/Glints2/dict_0004_0071" 8861
"../../../Engine/Content/EngineMaterials/Substrate/Glints2/dict_0004_0086.uasset" 8862
"../../../Engine/Content/EngineMaterials/Substrate/Glints2/dict_0004_0088.uasset" 8863
"../../../Engine/Content/EngineMaterials/Substrate/Glints2/dict_0004_0090.uasset" 8864
"../../../Engine/Content/EngineMaterials/Substrate/Glints2/dict_0004_0087.uasset" 8865
"../../../Engine/Content/EngineMaterials/Substrate/Glints2/dict_0004_0089.uasset" 8866
"../../../Engine/Content/EngineMaterials/Substrate/Glints2/dict_0004_0091.uasset" 8867
"../../../Engine/Content/EngineMaterials/Substrate/Glints2/dict_0004_0092.uasset" 8868
"../../../Engine/Content/EngineMaterials/Substrate/Glints2/dict_0004_0093.uasset" 8869
"../../../Engine/Content/EngineMaterials/Substrate/Glints2/dict_0004_0094.uasset" 8870
"/Engine/EngineMaterials/Substrate/Glints2/dict_0004_0070" 8871
"/Engine/EngineMaterials/Substrate/Glints2/dict_0004_0069" 8872
"/Engine/EngineMaterials/Substrate/Glints2/dict_0004_0068" 8873
"/Engine/EngineMaterials/Substrate/Glints2/dict_0004_0067" 8874
"/Engine/EngineMaterials/Substrate/Glints2/dict_0004_0066" 8875
"/Engine/EngineMaterials/Substrate/Glints2/dict_0004_0065" 8876
"/Engine/EngineMaterials/Substrate/Glints2/dict_0004_0064" 8877
"/Engine/EngineMaterials/Substrate/Glints2/dict_0004_0063" 8878
"/Engine/EngineMaterials/Substrate/Glints2/dict_0004_0094" 8879
"../../../Engine/Content/EngineMaterials/Substrate/Glints2/dict_0004_0095.uasset" 8880
"../../../Engine/Content/EngineMaterials/Substrate/Glints2/dict_0004_0097.uasset" 8881
"../../../Engine/Content/EngineMaterials/Substrate/Glints2/dict_0004_0096.uasset" 8882
"../../../Engine/Content/EngineMaterials/Substrate/Glints2/dict_0004_0098.uasset" 8883
"../../../Engine/Content/EngineMaterials/Substrate/Glints2/dict_0004_0100.uasset" 8884
"../../../Engine/Content/EngineMaterials/Substrate/Glints2/dict_0004_0099.uasset" 8885
"../../../Engine/Content/EngineMaterials/Substrate/Glints2/dict_0004_0101.uasset" 8886
"../../../Engine/Content/EngineMaterials/Substrate/Glints2/dict_0004_0102.uasset" 8887
"../../../Engine/Content/EngineMaterials/Substrate/Glints2/dict_0004_0104.uasset" 8888
"../../../Engine/Content/EngineMaterials/Substrate/Glints2/dict_0004_0103.uasset" 8889
"/Engine/EngineMaterials/Substrate/Glints2/dict_0004_0093" 8890
"/Engine/EngineMaterials/Substrate/Glints2/dict_0004_0092" 8891
"/Engine/EngineMaterials/Substrate/Glints2/dict_0004_0091" 8892
"/Engine/EngineMaterials/Substrate/Glints2/dict_0004_0090" 8893
"/Engine/EngineMaterials/Substrate/Glints2/dict_0004_0089" 8894
"/Engine/EngineMaterials/Substrate/Glints2/dict_0004_0088" 8895
"/Engine/EngineMaterials/Substrate/Glints2/dict_0004_0087" 8896
"/Engine/EngineMaterials/Substrate/Glints2/dict_0004_0086" 8897
"/Engine/EngineMaterials/Substrate/Glints2/dict_0004_0085" 8898
"/Engine/EngineMaterials/Substrate/Glints2/dict_0004_0084" 8899
"/Engine/EngineMaterials/Substrate/Glints2/dict_0004_0083" 8900
"/Engine/EngineMaterials/Substrate/Glints2/dict_0004_0082" 8901
"/Engine/EngineMaterials/Substrate/Glints2/dict_0004_0081" 8902
"/Engine/EngineMaterials/Substrate/Glints2/dict_0004_0080" 8903
"/Engine/EngineMaterials/Substrate/Glints2/dict_0004_0079" 8904
"/Engine/EngineMaterials/Substrate/Glints2/dict_0004_0078" 8905
"/Engine/EngineMaterials/Substrate/Glints2/dict_0004_0077" 8906
"/Engine/EngineMaterials/Substrate/Glints2/dict_0004_0076" 8907
"/Engine/EngineMaterials/Substrate/Glints2/dict_0004_0075" 8908
"/Engine/EngineMaterials/Substrate/Glints2/dict_0004_0074" 8909
"/Engine/EngineMaterials/Substrate/Glints2/dict_0004_0073" 8910
"/Engine/EngineMaterials/Substrate/Glints2/dict_0004_0104" 8911
"../../../Engine/Content/EngineMaterials/Substrate/Glints2/dict_0004_0107.uasset" 8912
"../../../Engine/Content/EngineMaterials/Substrate/Glints2/dict_0004_0105.uasset" 8913
"../../../Engine/Content/EngineMaterials/Substrate/Glints2/dict_0004_0108.uasset" 8914
"../../../Engine/Content/EngineMaterials/Substrate/Glints2/dict_0004_0112.uasset" 8915
"../../../Engine/Content/EngineMaterials/Substrate/Glints2/dict_0004_0114.uasset" 8916
"../../../Engine/Content/EngineMaterials/Substrate/Glints2/dict_0004_0113.uasset" 8917
"../../../Engine/Content/EngineMaterials/Substrate/Glints2/dict_0004_0111.uasset" 8918
"../../../Engine/Content/EngineMaterials/Substrate/Glints2/dict_0004_0109.uasset" 8919
"../../../Engine/Content/EngineMaterials/Substrate/Glints2/dict_0004_0110.uasset" 8920
"../../../Engine/Content/EngineMaterials/Substrate/Glints2/dict_0004_0106.uasset" 8921
"../../../Engine/Content/EngineMaterials/Substrate/Glints2/dict_0004_0115.uasset" 8922
"../../../Engine/Content/EngineMaterials/Substrate/Glints2/dict_0004_0116.uasset" 8923
"../../../Engine/Content/EngineMaterials/Substrate/Glints2/dict_0004_0117.uasset" 8924
"../../../Engine/Content/EngineMaterials/Substrate/Glints2/dict_0004_0118.uasset" 8925
"../../../Engine/Content/EngineMaterials/Substrate/Glints2/dict_0004_0120.uasset" 8926
"../../../Engine/Content/EngineMaterials/Substrate/Glints2/dict_0004_0119.uasset" 8927
"/Engine/EngineMaterials/Substrate/Glints2/dict_0004_0103" 8928
"../../../Engine/Content/EngineMaterials/Substrate/Glints2/dict_0004_0122.uasset" 8929
"../../../Engine/Content/EngineMaterials/Substrate/Glints2/dict_0004_0121.uasset" 8930
"../../../Engine/Content/EngineMaterials/Substrate/Glints2/dict_0004_0123.uasset" 8931
"../../../Engine/Content/EngineMaterials/Substrate/Glints2/dict_0004_0124.uasset" 8932
"../../../Engine/Content/EngineMaterials/Substrate/Glints2/dict_0004_0125.uasset" 8933
"../../../Engine/Content/EngineMaterials/Substrate/Glints2/dict_0004_0126.uasset" 8934
"/Engine/EngineMaterials/Substrate/Glints2/dict_0004_0102" 8935
"/Engine/EngineMaterials/Substrate/Glints2/dict_0004_0101" 8936
"/Engine/EngineMaterials/Substrate/Glints2/dict_0004_0100" 8937
"/Engine/EngineMaterials/Substrate/Glints2/dict_0004_0099" 8938
"/Engine/EngineMaterials/Substrate/Glints2/dict_0004_0098" 8939
"/Engine/EngineMaterials/Substrate/Glints2/dict_0004_0097" 8940
"/Engine/EngineMaterials/Substrate/Glints2/dict_0004_0096" 8941
"/Engine/EngineMaterials/Substrate/Glints2/dict_0004_0095" 8942
"/Engine/EngineMaterials/Substrate/Glints2/dict_0004_0126" 8943
"../../../Engine/Content/EngineMaterials/Substrate/Glints2/dict_0004_0128.uasset" 8944
"../../../Engine/Content/EngineMaterials/Substrate/Glints2/dict_0004_0130.uasset" 8945
"../../../Engine/Content/EngineMaterials/Substrate/Glints2/dict_0004_0129.uasset" 8946
"../../../Engine/Content/EngineMaterials/Substrate/Glints2/dict_0004_0127.uasset" 8947
"../../../Engine/Content/EngineMaterials/Substrate/Glints2/dict_0004_0134.uasset" 8948
"../../../Engine/Content/EngineMaterials/Substrate/Glints2/dict_0004_0136.uasset" 8949
"../../../Engine/Content/EngineMaterials/Substrate/Glints2/dict_0004_0131.uasset" 8950
"../../../Engine/Content/EngineMaterials/Substrate/Glints2/dict_0004_0135.uasset" 8951
"../../../Engine/Content/EngineMaterials/Substrate/Glints2/dict_0004_0132.uasset" 8952
"../../../Engine/Content/EngineMaterials/Substrate/Glints2/dict_0004_0133.uasset" 8953
"/Engine/EngineMaterials/Substrate/Glints2/dict_0004_0125" 8954
"/Engine/EngineMaterials/Substrate/Glints2/dict_0004_0124" 8955
"/Engine/EngineMaterials/Substrate/Glints2/dict_0004_0123" 8956
"/Engine/EngineMaterials/Substrate/Glints2/dict_0004_0122" 8957
"/Engine/EngineMaterials/Substrate/Glints2/dict_0004_0121" 8958
"/Engine/EngineMaterials/Substrate/Glints2/dict_0004_0120" 8959
"/Engine/EngineMaterials/Substrate/Glints2/dict_0004_0119" 8960
"/Engine/EngineMaterials/Substrate/Glints2/dict_0004_0118" 8961
"/Engine/EngineMaterials/Substrate/Glints2/dict_0004_0117" 8962
"/Engine/EngineMaterials/Substrate/Glints2/dict_0004_0116" 8963
"/Engine/EngineMaterials/Substrate/Glints2/dict_0004_0115" 8964
"/Engine/EngineMaterials/Substrate/Glints2/dict_0004_0114" 8965
"/Engine/EngineMaterials/Substrate/Glints2/dict_0004_0113" 8966
"/Engine/EngineMaterials/Substrate/Glints2/dict_0004_0112" 8967
"/Engine/EngineMaterials/Substrate/Glints2/dict_0004_0111" 8968
"/Engine/EngineMaterials/Substrate/Glints2/dict_0004_0110" 8969
"/Engine/EngineMaterials/Substrate/Glints2/dict_0004_0109" 8970
"/Engine/EngineMaterials/Substrate/Glints2/dict_0004_0108" 8971
"/Engine/EngineMaterials/Substrate/Glints2/dict_0004_0107" 8972
"/Engine/EngineMaterials/Substrate/Glints2/dict_0004_0106" 8973
"/Engine/EngineMaterials/Substrate/Glints2/dict_0004_0105" 8974
"../../../Engine/Content/EngineMaterials/Substrate/Glints2/dict_0004_0139.uasset" 8975
"../../../Engine/Content/EngineMaterials/Substrate/Glints2/dict_0004_0138.uasset" 8976
"../../../Engine/Content/EngineMaterials/Substrate/Glints2/dict_0004_0137.uasset" 8977
"../../../Engine/Content/EngineMaterials/Substrate/Glints2/dict_0004_0140.uasset" 8978
"/Engine/EngineMaterials/Substrate/Glints2/dict_0004_0136" 8979
"../../../Engine/Content/EngineMaterials/Substrate/Glints2/dict_0004_0144.uasset" 8980
"../../../Engine/Content/EngineMaterials/Substrate/Glints2/dict_0004_0146.uasset" 8981
"../../../Engine/Content/EngineMaterials/Substrate/Glints2/dict_0004_0141.uasset" 8982
"../../../Engine/Content/EngineMaterials/Substrate/Glints2/dict_0004_0142.uasset" 8983
"../../../Engine/Content/EngineMaterials/Substrate/Glints2/dict_0004_0145.uasset" 8984
"../../../Engine/Content/EngineMaterials/Substrate/Glints2/dict_0004_0143.uasset" 8985
"../../../Engine/Content/EngineMaterials/Substrate/Glints2/dict_0004_0149.uasset" 8986
"../../../Engine/Content/EngineMaterials/Substrate/Glints2/dict_0004_0148.uasset" 8987
"../../../Engine/Content/EngineMaterials/Substrate/Glints2/dict_0004_0147.uasset" 8988
"../../../Engine/Content/EngineMaterials/Substrate/Glints2/dict_0004_0150.uasset" 8989
"../../../Engine/Content/EngineMaterials/Substrate/Glints2/dict_0004_0151.uasset" 8990
"../../../Engine/Content/EngineMaterials/Substrate/Glints2/dict_0004_0153.uasset" 8991
"../../../Engine/Content/EngineMaterials/Substrate/Glints2/dict_0004_0152.uasset" 8992
"../../../Engine/Content/EngineMaterials/Substrate/Glints2/dict_0004_0154.uasset" 8993
"../../../Engine/Content/EngineMaterials/Substrate/Glints2/dict_0004_0155.uasset" 8994
"../../../Engine/Content/EngineMaterials/Substrate/Glints2/dict_0004_0156.uasset" 8995
"../../../Engine/Content/EngineMaterials/Substrate/Glints2/dict_0004_0157.uasset" 8996
"../../../Engine/Content/EngineMaterials/Substrate/Glints2/dict_0004_0158.uasset" 8997
"/Engine/EngineMaterials/Substrate/Glints2/dict_0004_0135" 8998
"/Engine/EngineMaterials/Substrate/Glints2/dict_0004_0134" 8999
"/Engine/EngineMaterials/Substrate/Glints2/dict_0004_0133" 9000
"/Engine/EngineMaterials/Substrate/Glints2/dict_0004_0132" 9001
"/Engine/EngineMaterials/Substrate/Glints2/dict_0004_0131" 9002
"/Engine/EngineMaterials/Substrate/Glints2/dict_0004_0130" 9003
"/Engine/EngineMaterials/Substrate/Glints2/dict_0004_0129" 9004
"/Engine/EngineMaterials/Substrate/Glints2/dict_0004_0128" 9005
"/Engine/EngineMaterials/Substrate/Glints2/dict_0004_0127" 9006
"../../../Engine/Content/EngineMaterials/Substrate/Glints2/dict_0004_0159.uasset" 9007
"../../../Engine/Content/EngineMaterials/Substrate/Glints2/dict_0004_0162.uasset" 9008
"/Engine/EngineMaterials/Substrate/Glints2/dict_0004_0158" 9009
"../../../Engine/Content/EngineMaterials/Substrate/Glints2/dict_0004_0163.uasset" 9010
"../../../Engine/Content/EngineMaterials/Substrate/Glints2/dict_0004_0161.uasset" 9011
"../../../Engine/Content/EngineMaterials/Substrate/Glints2/dict_0004_0160.uasset" 9012
"../../../Engine/Content/EngineMaterials/Substrate/Glints2/dict_0004_0164.uasset" 9013
"../../../Engine/Content/EngineMaterials/Substrate/Glints2/dict_0004_0166.uasset" 9014
"../../../Engine/Content/EngineMaterials/Substrate/Glints2/dict_0004_0168.uasset" 9015
"../../../Engine/Content/EngineMaterials/Substrate/Glints2/dict_0004_0165.uasset" 9016
"../../../Engine/Content/EngineMaterials/Substrate/Glints2/dict_0004_0167.uasset" 9017
"/Engine/EngineMaterials/Substrate/Glints2/dict_0004_0157" 9018
"/Engine/EngineMaterials/Substrate/Glints2/dict_0004_0156" 9019
"/Engine/EngineMaterials/Substrate/Glints2/dict_0004_0155" 9020
"/Engine/EngineMaterials/Substrate/Glints2/dict_0004_0154" 9021
"/Engine/EngineMaterials/Substrate/Glints2/dict_0004_0153" 9022
"/Engine/EngineMaterials/Substrate/Glints2/dict_0004_0152" 9023
"/Engine/EngineMaterials/Substrate/Glints2/dict_0004_0151" 9024
"/Engine/EngineMaterials/Substrate/Glints2/dict_0004_0150" 9025
"/Engine/EngineMaterials/Substrate/Glints2/dict_0004_0149" 9026
"/Engine/EngineMaterials/Substrate/Glints2/dict_0004_0148" 9027
"/Engine/EngineMaterials/Substrate/Glints2/dict_0004_0147" 9028
"/Engine/EngineMaterials/Substrate/Glints2/dict_0004_0146" 9029
"/Engine/EngineMaterials/Substrate/Glints2/dict_0004_0145" 9030
"/Engine/EngineMaterials/Substrate/Glints2/dict_0004_0144" 9031
"/Engine/EngineMaterials/Substrate/Glints2/dict_0004_0143" 9032
"/Engine/EngineMaterials/Substrate/Glints2/dict_0004_0142" 9033
"/Engine/EngineMaterials/Substrate/Glints2/dict_0004_0141" 9034
"/Engine/EngineMaterials/Substrate/Glints2/dict_0004_0140" 9035
"/Engine/EngineMaterials/Substrate/Glints2/dict_0004_0159" 9036
"/Engine/EngineMaterials/Substrate/Glints2/dict_0004_0139" 9037
"/Engine/EngineMaterials/Substrate/Glints2/dict_0004_0138" 9038
"/Engine/EngineMaterials/Substrate/Glints2/dict_0004_0137" 9039
"../../../Engine/Content/EngineMaterials/Substrate/Glints2/dict_0004_0170.uasset" 9040
"../../../Engine/Content/EngineMaterials/Substrate/Glints2/dict_0004_0169.uasset" 9041
"../../../Engine/Content/EngineMaterials/Substrate/Glints2/dict_0004_0171.uasset" 9042
"../../../Engine/Content/EngineMaterials/Substrate/Glints2/dict_0004_0172.uasset" 9043
"/Engine/EngineMaterials/Substrate/Glints2/dict_0004_0168" 9044
"../../../Engine/Content/EngineMaterials/Substrate/Glints2/dict_0004_0173.uasset" 9045
"../../../Engine/Content/EngineMaterials/Substrate/Glints2/dict_0004_0178.uasset" 9046
"../../../Engine/Content/EngineMaterials/Substrate/Glints2/dict_0004_0177.uasset" 9047
"../../../Engine/Content/EngineMaterials/Substrate/Glints2/dict_0004_0175.uasset" 9048
"../../../Engine/Content/EngineMaterials/Substrate/Glints2/dict_0004_0176.uasset" 9049
"../../../Engine/Content/EngineMaterials/Substrate/Glints2/dict_0004_0174.uasset" 9050
"../../../Engine/Content/EngineMaterials/Substrate/Glints2/dict_0004_0179.uasset" 9051
"../../../Engine/Content/EngineMaterials/Substrate/Glints2/dict_0004_0180.uasset" 9052
"../../../Engine/Content/EngineMaterials/Substrate/Glints2/dict_0004_0184.uasset" 9053
"../../../Engine/Content/EngineMaterials/Substrate/Glints2/dict_0004_0185.uasset" 9054
"../../../Engine/Content/EngineMaterials/Substrate/Glints2/dict_0004_0182.uasset" 9055
"../../../Engine/Content/EngineMaterials/Substrate/Glints2/dict_0004_0183.uasset" 9056
"../../../Engine/Content/EngineMaterials/Substrate/Glints2/dict_0004_0181.uasset" 9057
"../../../Engine/Content/EngineMaterials/Substrate/Glints2/dict_0004_0186.uasset" 9058
"../../../Engine/Content/EngineMaterials/Substrate/Glints2/dict_0004_0187.uasset" 9059
"../../../Engine/Content/EngineMaterials/Substrate/Glints2/dict_0004_0188.uasset" 9060
"../../../Engine/Content/EngineMaterials/Substrate/Glints2/dict_0004_0191.uasset" 9061
"../../../Engine/Content/EngineMaterials/Substrate/Glints2/dict_0004_0189.uasset" 9062
"../../../Engine/Content/EngineMaterials/Substrate/Glints2/dict_0004_0190.uasset" 9063
"/Engine/EngineMaterials/Substrate/Glints2/dict_0004_0167" 9064
"/Engine/EngineMaterials/Substrate/Glints2/dict_0004_0166" 9065
"/Engine/EngineMaterials/Substrate/Glints2/dict_0004_0165" 9066
"/Engine/EngineMaterials/Substrate/Glints2/dict_0004_0164" 9067
"/Engine/EngineMaterials/Substrate/Glints2/dict_0004_0163" 9068
"/Engine/EngineMaterials/Substrate/Glints2/dict_0004_0162" 9069
"/Engine/EngineMaterials/Substrate/Glints2/dict_0004_0161" 9070
"/Engine/EngineMaterials/Substrate/Glints2/dict_0004_0160" 9071
"/Engine/EngineMaterials/Substrate/Glints2/dict_0004_0191" 9072
"../../../Engine/Content/EngineMaterials/Substrate/Glints2/dict_0004_0192.uasset" 9073
"../../../Engine/Content/EngineMaterials/Substrate/Glints2/dict_0004_0197.uasset" 9074
"../../../Engine/Content/EngineMaterials/Substrate/Glints2/dict_0004_0198.uasset" 9075
"../../../Engine/Content/EngineMaterials/Substrate/Glints2/dict_0004_0199.uasset" 9076
"../../../Engine/Content/EngineMaterials/Substrate/Glints2/dict_0004_0193.uasset" 9077
"../../../Engine/Content/EngineMaterials/Substrate/Glints2/dict_0004_0196.uasset" 9078
"../../../Engine/Content/EngineMaterials/Substrate/Glints2/dict_0004_0195.uasset" 9079
"../../../Engine/Content/EngineMaterials/Substrate/Glints2/dict_0004_0194.uasset" 9080
"../../../Engine/Content/EngineMaterials/Substrate/Glints2/dict_0004_0200.uasset" 9081
"/Engine/EngineMaterials/Substrate/Glints2/dict_0004_0190" 9082
"/Engine/EngineMaterials/Substrate/Glints2/dict_0004_0189" 9083
"/Engine/EngineMaterials/Substrate/Glints2/dict_0004_0188" 9084
"/Engine/EngineMaterials/Substrate/Glints2/dict_0004_0187" 9085
"/Engine/EngineMaterials/Substrate/Glints2/dict_0004_0186" 9086
"/Engine/EngineMaterials/Substrate/Glints2/dict_0004_0185" 9087
"/Engine/EngineMaterials/Substrate/Glints2/dict_0004_0184" 9088
"/Engine/EngineMaterials/Substrate/Glints2/dict_0004_0183" 9089
"/Engine/EngineMaterials/Substrate/Glints2/dict_0004_0182" 9090
"/Engine/EngineMaterials/Substrate/Glints2/dict_0004_0181" 9091
"/Engine/EngineMaterials/Substrate/Glints2/dict_0004_0180" 9092
"/Engine/EngineMaterials/Substrate/Glints2/dict_0004_0179" 9093
"/Engine/EngineMaterials/Substrate/Glints2/dict_0004_0178" 9094
"/Engine/EngineMaterials/Substrate/Glints2/dict_0004_0177" 9095
"/Engine/EngineMaterials/Substrate/Glints2/dict_0004_0176" 9096
"/Engine/EngineMaterials/Substrate/Glints2/dict_0004_0175" 9097
"/Engine/EngineMaterials/Substrate/Glints2/dict_0004_0174" 9098
"/Engine/EngineMaterials/Substrate/Glints2/dict_0004_0173" 9099
"/Engine/EngineMaterials/Substrate/Glints2/dict_0004_0172" 9100
"/Engine/EngineMaterials/Substrate/Glints2/dict_0004_0171" 9101
"/Engine/EngineMaterials/Substrate/Glints2/dict_0004_0170" 9102
"/Engine/EngineMaterials/Substrate/Glints2/dict_0004_0169" 9103
"/Engine/EngineMaterials/Substrate/Glints2/dict_0004_0200" 9104
"../../../Engine/Content/EngineMaterials/Substrate/Glints2/dict_0004_0203.uasset" 9105
"../../../Engine/Content/EngineMaterials/Substrate/Glints2/dict_0004_0202.uasset" 9106
"../../../Engine/Content/EngineMaterials/Substrate/Glints2/dict_0004_0205.uasset" 9107
"../../../Engine/Content/EngineMaterials/Substrate/Glints2/dict_0004_0209.uasset" 9108
"../../../Engine/Content/EngineMaterials/Substrate/Glints2/dict_0004_0208.uasset" 9109
"../../../Engine/Content/EngineMaterials/Substrate/Glints2/dict_0004_0206.uasset" 9110
"../../../Engine/Content/EngineMaterials/Substrate/Glints2/dict_0004_0207.uasset" 9111
"../../../Engine/Content/EngineMaterials/Substrate/Glints2/dict_0004_0204.uasset" 9112
"../../../Engine/Content/EngineMaterials/Substrate/Glints2/dict_0004_0201.uasset" 9113
"../../../Engine/Content/EngineMaterials/Substrate/Glints2/dict_0004_0210.uasset" 9114
"../../../Engine/Content/EngineMaterials/Substrate/Glints2/dict_0004_0212.uasset" 9115
"../../../Engine/Content/EngineMaterials/Substrate/Glints2/dict_0004_0211.uasset" 9116
"../../../Engine/Content/EngineMaterials/Substrate/Glints2/dict_0004_0215.uasset" 9117
"../../../Engine/Content/EngineMaterials/Substrate/Glints2/dict_0004_0214.uasset" 9118
"../../../Engine/Content/EngineMaterials/Substrate/Glints2/dict_0004_0217.uasset" 9119
"/Engine/EngineMaterials/Substrate/Glints2/dict_0004_0199" 9120
"../../../Engine/Content/EngineMaterials/Substrate/Glints2/dict_0004_0219.uasset" 9121
"../../../Engine/Content/EngineMaterials/Substrate/Glints2/dict_0004_0213.uasset" 9122
"../../../Engine/Content/EngineMaterials/Substrate/Glints2/dict_0004_0218.uasset" 9123
"../../../Engine/Content/EngineMaterials/Substrate/Glints2/dict_0004_0216.uasset" 9124
"../../../Engine/Content/EngineMaterials/Substrate/Glints2/dict_0004_0220.uasset" 9125
"../../../Engine/Content/EngineMaterials/Substrate/Glints2/dict_0004_0221.uasset" 9126
"../../../Engine/Content/EngineMaterials/Substrate/Glints2/dict_0004_0222.uasset" 9127
"../../../Engine/Content/EngineMaterials/Substrate/Glints2/dict_0004_0223.uasset" 9128
"/Engine/EngineMaterials/Substrate/Glints2/dict_0004_0198" 9129
"/Engine/EngineMaterials/Substrate/Glints2/dict_0004_0197" 9130
"/Engine/EngineMaterials/Substrate/Glints2/dict_0004_0196" 9131
"/Engine/EngineMaterials/Substrate/Glints2/dict_0004_0195" 9132
"/Engine/EngineMaterials/Substrate/Glints2/dict_0004_0194" 9133
"/Engine/EngineMaterials/Substrate/Glints2/dict_0004_0193" 9134
"/Engine/EngineMaterials/Substrate/Glints2/dict_0004_0192" 9135
"/Engine/EngineMaterials/Substrate/Glints2/dict_0004_0223" 9136
"../../../Engine/Content/EngineMaterials/Substrate/Glints2/dict_0004_0226.uasset" 9137
"../../../Engine/Content/EngineMaterials/Substrate/Glints2/dict_0004_0228.uasset" 9138
"../../../Engine/Content/EngineMaterials/Substrate/Glints2/dict_0004_0224.uasset" 9139
"../../../Engine/Content/EngineMaterials/Substrate/Glints2/dict_0004_0229.uasset" 9140
"../../../Engine/Content/EngineMaterials/Substrate/Glints2/dict_0004_0230.uasset" 9141
"../../../Engine/Content/EngineMaterials/Substrate/Glints2/dict_0004_0225.uasset" 9142
"../../../Engine/Content/EngineMaterials/Substrate/Glints2/dict_0004_0231.uasset" 9143
"../../../Engine/Content/EngineMaterials/Substrate/Glints2/dict_0004_0232.uasset" 9144
"../../../Engine/Content/EngineMaterials/Substrate/Glints2/dict_0004_0227.uasset" 9145
"/Engine/EngineMaterials/Substrate/Glints2/dict_0004_0222" 9146
"/Engine/EngineMaterials/Substrate/Glints2/dict_0004_0221" 9147
"/Engine/EngineMaterials/Substrate/Glints2/dict_0004_0220" 9148
"/Engine/EngineMaterials/Substrate/Glints2/dict_0004_0219" 9149
"/Engine/EngineMaterials/Substrate/Glints2/dict_0004_0218" 9150
"/Engine/EngineMaterials/Substrate/Glints2/dict_0004_0217" 9151
"/Engine/EngineMaterials/Substrate/Glints2/dict_0004_0216" 9152
"/Engine/EngineMaterials/Substrate/Glints2/dict_0004_0215" 9153
"/Engine/EngineMaterials/Substrate/Glints2/dict_0004_0214" 9154
"/Engine/EngineMaterials/Substrate/Glints2/dict_0004_0213" 9155
"/Engine/EngineMaterials/Substrate/Glints2/dict_0004_0212" 9156
"/Engine/EngineMaterials/Substrate/Glints2/dict_0004_0211" 9157
"/Engine/EngineMaterials/Substrate/Glints2/dict_0004_0210" 9158
"/Engine/EngineMaterials/Substrate/Glints2/dict_0004_0209" 9159
"/Engine/EngineMaterials/Substrate/Glints2/dict_0004_0208" 9160
"/Engine/EngineMaterials/Substrate/Glints2/dict_0004_0207" 9161
"/Engine/EngineMaterials/Substrate/Glints2/dict_0004_0206" 9162
"/Engine/EngineMaterials/Substrate/Glints2/dict_0004_0205" 9163
"/Engine/EngineMaterials/Substrate/Glints2/dict_0004_0204" 9164
"/Engine/EngineMaterials/Substrate/Glints2/dict_0004_0203" 9165
"/Engine/EngineMaterials/Substrate/Glints2/dict_0004_0202" 9166
"/Engine/EngineMaterials/Substrate/Glints2/dict_0004_0201" 9167
"/Engine/EngineMaterials/Substrate/Glints2/dict_0004_0232" 9168
"../../../Engine/Content/EngineMaterials/Substrate/Glints2/dict_0004_0233.uasset" 9169
"../../../Engine/Content/EngineMaterials/Substrate/Glints2/dict_0004_0235.uasset" 9170
"../../../Engine/Content/EngineMaterials/Substrate/Glints2/dict_0004_0237.uasset" 9171
"../../../Engine/Content/EngineMaterials/Substrate/Glints2/dict_0004_0241.uasset" 9172
"../../../Engine/Content/EngineMaterials/Substrate/Glints2/dict_0004_0238.uasset" 9173
"../../../Engine/Content/EngineMaterials/Substrate/Glints2/dict_0004_0242.uasset" 9174
"../../../Engine/Content/EngineMaterials/Substrate/Glints2/dict_0004_0240.uasset" 9175
"../../../Engine/Content/EngineMaterials/Substrate/Glints2/dict_0004_0239.uasset" 9176
"../../../Engine/Content/EngineMaterials/Substrate/Glints2/dict_0004_0236.uasset" 9177
"../../../Engine/Content/EngineMaterials/Substrate/Glints2/dict_0004_0243.uasset" 9178
"../../../Engine/Content/EngineMaterials/Substrate/Glints2/dict_0004_0234.uasset" 9179
"../../../Engine/Content/EngineMaterials/Substrate/Glints2/dict_0004_0244.uasset" 9180
"/Engine/EngineMaterials/Substrate/Glints2/dict_0004_0231" 9181
"../../../Engine/Content/EngineMaterials/Substrate/Glints2/dict_0004_0246.uasset" 9182
"../../../Engine/Content/EngineMaterials/Substrate/Glints2/dict_0004_0247.uasset" 9183
"../../../Engine/Content/EngineMaterials/Substrate/Glints2/dict_0004_0245.uasset" 9184
"../../../Engine/Content/EngineMaterials/Substrate/Glints2/dict_0004_0250.uasset" 9185
"../../../Engine/Content/EngineMaterials/Substrate/Glints2/dict_0004_0253.uasset" 9186
"../../../Engine/Content/EngineMaterials/Substrate/Glints2/dict_0004_0248.uasset" 9187
"../../../Engine/Content/EngineMaterials/Substrate/Glints2/dict_0004_0252.uasset" 9188
"../../../Engine/Content/EngineMaterials/Substrate/Glints2/dict_0004_0254.uasset" 9189
"../../../Engine/Content/EngineMaterials/Substrate/Glints2/dict_0004_0251.uasset" 9190
"../../../Engine/Content/EngineMaterials/Substrate/Glints2/dict_0004_0249.uasset" 9191
"../../../Engine/Content/EngineMaterials/Substrate/Glints2/dict_0004_0255.uasset" 9192
"/Engine/EngineMaterials/Substrate/Glints2/dict_0004_0230" 9193
"/Engine/EngineMaterials/Substrate/Glints2/dict_0004_0229" 9194
"/Engine/EngineMaterials/Substrate/Glints2/dict_0004_0228" 9195
"/Engine/EngineMaterials/Substrate/Glints2/dict_0004_0227" 9196
"/Engine/EngineMaterials/Substrate/Glints2/dict_0004_0226" 9197
"/Engine/EngineMaterials/Substrate/Glints2/dict_0004_0225" 9198
"/Engine/EngineMaterials/Substrate/Glints2/dict_0004_0224" 9199
"/Engine/EngineMaterials/Substrate/Glints2/dict_0004_0255" 9200
"../../../Engine/Content/EngineMaterials/Substrate/Glints2/dict_0005_0000.uasset" 9201
"../../../Engine/Content/EngineMaterials/Substrate/Glints2/dict_0005_0002.uasset" 9202
"../../../Engine/Content/EngineMaterials/Substrate/Glints2/dict_0005_0006.uasset" 9203
"../../../Engine/Content/EngineMaterials/Substrate/Glints2/dict_0005_0004.uasset" 9204
"../../../Engine/Content/EngineMaterials/Substrate/Glints2/dict_0005_0001.uasset" 9205
"../../../Engine/Content/EngineMaterials/Substrate/Glints2/dict_0005_0007.uasset" 9206
"../../../Engine/Content/EngineMaterials/Substrate/Glints2/dict_0005_0005.uasset" 9207
"../../../Engine/Content/EngineMaterials/Substrate/Glints2/dict_0005_0003.uasset" 9208
"../../../Engine/Content/EngineMaterials/Substrate/Glints2/dict_0005_0008.uasset" 9209
"/Engine/EngineMaterials/Substrate/Glints2/dict_0004_0254" 9210
"/Engine/EngineMaterials/Substrate/Glints2/dict_0004_0253" 9211
"/Engine/EngineMaterials/Substrate/Glints2/dict_0004_0252" 9212
"/Engine/EngineMaterials/Substrate/Glints2/dict_0004_0251" 9213
"/Engine/EngineMaterials/Substrate/Glints2/dict_0004_0250" 9214
"/Engine/EngineMaterials/Substrate/Glints2/dict_0004_0249" 9215
"/Engine/EngineMaterials/Substrate/Glints2/dict_0004_0248" 9216
"/Engine/EngineMaterials/Substrate/Glints2/dict_0004_0247" 9217
"/Engine/EngineMaterials/Substrate/Glints2/dict_0004_0246" 9218
"/Engine/EngineMaterials/Substrate/Glints2/dict_0004_0245" 9219
"/Engine/EngineMaterials/Substrate/Glints2/dict_0004_0244" 9220
"/Engine/EngineMaterials/Substrate/Glints2/dict_0004_0243" 9221
"/Engine/EngineMaterials/Substrate/Glints2/dict_0004_0242" 9222
"/Engine/EngineMaterials/Substrate/Glints2/dict_0004_0241" 9223
"/Engine/EngineMaterials/Substrate/Glints2/dict_0004_0240" 9224
"/Engine/EngineMaterials/Substrate/Glints2/dict_0004_0239" 9225
"/Engine/EngineMaterials/Substrate/Glints2/dict_0004_0238" 9226
"/Engine/EngineMaterials/Substrate/Glints2/dict_0004_0237" 9227
"/Engine/EngineMaterials/Substrate/Glints2/dict_0004_0236" 9228
"/Engine/EngineMaterials/Substrate/Glints2/dict_0004_0235" 9229
"/Engine/EngineMaterials/Substrate/Glints2/dict_0004_0234" 9230
"/Engine/EngineMaterials/Substrate/Glints2/dict_0004_0233" 9231
"/Engine/EngineMaterials/Substrate/Glints2/dict_0005_0008" 9232
"../../../Engine/Content/EngineMaterials/Substrate/Glints2/dict_0005_0013.uasset" 9233
"../../../Engine/Content/EngineMaterials/Substrate/Glints2/dict_0005_0015.uasset" 9234
"../../../Engine/Content/EngineMaterials/Substrate/Glints2/dict_0005_0010.uasset" 9235
"../../../Engine/Content/EngineMaterials/Substrate/Glints2/dict_0005_0011.uasset" 9236
"../../../Engine/Content/EngineMaterials/Substrate/Glints2/dict_0005_0018.uasset" 9237
"../../../Engine/Content/EngineMaterials/Substrate/Glints2/dict_0005_0016.uasset" 9238
"../../../Engine/Content/EngineMaterials/Substrate/Glints2/dict_0005_0014.uasset" 9239
"../../../Engine/Content/EngineMaterials/Substrate/Glints2/dict_0005_0009.uasset" 9240
"../../../Engine/Content/EngineMaterials/Substrate/Glints2/dict_0005_0017.uasset" 9241
"/Engine/EngineMaterials/Substrate/Glints2/dict_0005_0007" 9242
"../../../Engine/Content/EngineMaterials/Substrate/Glints2/dict_0005_0012.uasset" 9243
"../../../Engine/Content/EngineMaterials/Substrate/Glints2/dict_0005_0020.uasset" 9244
"../../../Engine/Content/EngineMaterials/Substrate/Glints2/dict_0005_0022.uasset" 9245
"../../../Engine/Content/EngineMaterials/Substrate/Glints2/dict_0005_0023.uasset" 9246
"../../../Engine/Content/EngineMaterials/Substrate/Glints2/dict_0005_0021.uasset" 9247
"../../../Engine/Content/EngineMaterials/Substrate/Glints2/dict_0005_0019.uasset" 9248
"../../../Engine/Content/EngineMaterials/Substrate/Glints2/dict_0005_0024.uasset" 9249
"../../../Engine/Content/EngineMaterials/Substrate/Glints2/dict_0005_0026.uasset" 9250
"../../../Engine/Content/EngineMaterials/Substrate/Glints2/dict_0005_0027.uasset" 9251
"../../../Engine/Content/EngineMaterials/Substrate/Glints2/dict_0005_0025.uasset" 9252
"../../../Engine/Content/EngineMaterials/Substrate/Glints2/dict_0005_0028.uasset" 9253
"/Engine/EngineMaterials/Substrate/Glints2/dict_0005_0006" 9254
"../../../Engine/Content/EngineMaterials/Substrate/Glints2/dict_0005_0031.uasset" 9255
"../../../Engine/Content/EngineMaterials/Substrate/Glints2/dict_0005_0029.uasset" 9256
"../../../Engine/Content/EngineMaterials/Substrate/Glints2/dict_0005_0030.uasset" 9257
"/Engine/EngineMaterials/Substrate/Glints2/dict_0005_0005" 9258
"/Engine/EngineMaterials/Substrate/Glints2/dict_0005_0004" 9259
"/Engine/EngineMaterials/Substrate/Glints2/dict_0005_0003" 9260
"/Engine/EngineMaterials/Substrate/Glints2/dict_0005_0002" 9261
"/Engine/EngineMaterials/Substrate/Glints2/dict_0005_0001" 9262
"/Engine/EngineMaterials/Substrate/Glints2/dict_0005_0000" 9263
"/Engine/EngineMaterials/Substrate/Glints2/dict_0005_0031" 9264
"../../../Engine/Content/EngineMaterials/Substrate/Glints2/dict_0005_0033.uasset" 9265
"../../../Engine/Content/EngineMaterials/Substrate/Glints2/dict_0005_0035.uasset" 9266
"../../../Engine/Content/EngineMaterials/Substrate/Glints2/dict_0005_0036.uasset" 9267
"../../../Engine/Content/EngineMaterials/Substrate/Glints2/dict_0005_0038.uasset" 9268
"../../../Engine/Content/EngineMaterials/Substrate/Glints2/dict_0005_0040.uasset" 9269
"../../../Engine/Content/EngineMaterials/Substrate/Glints2/dict_0005_0034.uasset" 9270
"../../../Engine/Content/EngineMaterials/Substrate/Glints2/dict_0005_0032.uasset" 9271
"../../../Engine/Content/EngineMaterials/Substrate/Glints2/dict_0005_0039.uasset" 9272
"../../../Engine/Content/EngineMaterials/Substrate/Glints2/dict_0005_0037.uasset" 9273
"/Engine/EngineMaterials/Substrate/Glints2/dict_0005_0030" 9274
"/Engine/EngineMaterials/Substrate/Glints2/dict_0005_0029" 9275
"/Engine/EngineMaterials/Substrate/Glints2/dict_0005_0028" 9276
"/Engine/EngineMaterials/Substrate/Glints2/dict_0005_0027" 9277
"/Engine/EngineMaterials/Substrate/Glints2/dict_0005_0026" 9278
"/Engine/EngineMaterials/Substrate/Glints2/dict_0005_0025" 9279
"/Engine/EngineMaterials/Substrate/Glints2/dict_0005_0024" 9280
"/Engine/EngineMaterials/Substrate/Glints2/dict_0005_0023" 9281
"/Engine/EngineMaterials/Substrate/Glints2/dict_0005_0022" 9282
"/Engine/EngineMaterials/Substrate/Glints2/dict_0005_0021" 9283
"/Engine/EngineMaterials/Substrate/Glints2/dict_0005_0020" 9284
"/Engine/EngineMaterials/Substrate/Glints2/dict_0005_0019" 9285
"/Engine/EngineMaterials/Substrate/Glints2/dict_0005_0018" 9286
"/Engine/EngineMaterials/Substrate/Glints2/dict_0005_0017" 9287
"/Engine/EngineMaterials/Substrate/Glints2/dict_0005_0016" 9288
"/Engine/EngineMaterials/Substrate/Glints2/dict_0005_0015" 9289
"/Engine/EngineMaterials/Substrate/Glints2/dict_0005_0014" 9290
"/Engine/EngineMaterials/Substrate/Glints2/dict_0005_0013" 9291
"/Engine/EngineMaterials/Substrate/Glints2/dict_0005_0012" 9292
"/Engine/EngineMaterials/Substrate/Glints2/dict_0005_0011" 9293
"/Engine/EngineMaterials/Substrate/Glints2/dict_0005_0010" 9294
"/Engine/EngineMaterials/Substrate/Glints2/dict_0005_0009" 9295
"/Engine/EngineMaterials/Substrate/Glints2/dict_0005_0040" 9296
"../../../Engine/Content/EngineMaterials/Substrate/Glints2/dict_0005_0041.uasset" 9297
"../../../Engine/Content/EngineMaterials/Substrate/Glints2/dict_0005_0042.uasset" 9298
"../../../Engine/Content/EngineMaterials/Substrate/Glints2/dict_0005_0046.uasset" 9299
"../../../Engine/Content/EngineMaterials/Substrate/Glints2/dict_0005_0044.uasset" 9300
"../../../Engine/Content/EngineMaterials/Substrate/Glints2/dict_0005_0043.uasset" 9301
"../../../Engine/Content/EngineMaterials/Substrate/Glints2/dict_0005_0048.uasset" 9302
"/Engine/EngineMaterials/Substrate/Glints2/dict_0005_0039" 9303
"../../../Engine/Content/EngineMaterials/Substrate/Glints2/dict_0005_0049.uasset" 9304
"../../../Engine/Content/EngineMaterials/Substrate/Glints2/dict_0005_0050.uasset" 9305
"../../../Engine/Content/EngineMaterials/Substrate/Glints2/dict_0005_0052.uasset" 9306
"../../../Engine/Content/EngineMaterials/Substrate/Glints2/dict_0005_0051.uasset" 9307
"../../../Engine/Content/EngineMaterials/Substrate/Glints2/dict_0005_0054.uasset" 9308
"../../../Engine/Content/EngineMaterials/Substrate/Glints2/dict_0005_0053.uasset" 9309
"../../../Engine/Content/EngineMaterials/Substrate/Glints2/dict_0005_0047.uasset" 9310
"../../../Engine/Content/EngineMaterials/Substrate/Glints2/dict_0005_0045.uasset" 9311
"/Engine/EngineMaterials/Substrate/Glints2/dict_0005_0038" 9312
"../../../Engine/Content/EngineMaterials/Substrate/Glints2/dict_0005_0056.uasset" 9313
"../../../Engine/Content/EngineMaterials/Substrate/Glints2/dict_0005_0055.uasset" 9314
"../../../Engine/Content/EngineMaterials/Substrate/Glints2/dict_0005_0057.uasset" 9315
"../../../Engine/Content/EngineMaterials/Substrate/Glints2/dict_0005_0060.uasset" 9316
"../../../Engine/Content/EngineMaterials/Substrate/Glints2/dict_0005_0058.uasset" 9317
"../../../Engine/Content/EngineMaterials/Substrate/Glints2/dict_0005_0063.uasset" 9318
"../../../Engine/Content/EngineMaterials/Substrate/Glints2/dict_0005_0062.uasset" 9319
"../../../Engine/Content/EngineMaterials/Substrate/Glints2/dict_0005_0059.uasset" 9320
"../../../Engine/Content/EngineMaterials/Substrate/Glints2/dict_0005_0061.uasset" 9321
"/Engine/EngineMaterials/Substrate/Glints2/dict_0005_0037" 9322
"/Engine/EngineMaterials/Substrate/Glints2/dict_0005_0036" 9323
"/Engine/EngineMaterials/Substrate/Glints2/dict_0005_0035" 9324
"/Engine/EngineMaterials/Substrate/Glints2/dict_0005_0034" 9325
"/Engine/EngineMaterials/Substrate/Glints2/dict_0005_0033" 9326
"/Engine/EngineMaterials/Substrate/Glints2/dict_0005_0032" 9327
"/Engine/EngineMaterials/Substrate/Glints2/dict_0005_0063" 9328
"../../../Engine/Content/EngineMaterials/Substrate/Glints2/dict_0005_0064.uasset" 9329
"../../../Engine/Content/EngineMaterials/Substrate/Glints2/dict_0005_0065.uasset" 9330
"../../../Engine/Content/EngineMaterials/Substrate/Glints2/dict_0005_0067.uasset" 9331
"../../../Engine/Content/EngineMaterials/Substrate/Glints2/dict_0005_0070.uasset" 9332
"../../../Engine/Content/EngineMaterials/Substrate/Glints2/dict_0005_0068.uasset" 9333
"../../../Engine/Content/EngineMaterials/Substrate/Glints2/dict_0005_0069.uasset" 9334
"../../../Engine/Content/EngineMaterials/Substrate/Glints2/dict_0005_0072.uasset" 9335
"../../../Engine/Content/EngineMaterials/Substrate/Glints2/dict_0005_0071.uasset" 9336
"../../../Engine/Content/EngineMaterials/Substrate/Glints2/dict_0005_0066.uasset" 9337
"/Engine/EngineMaterials/Substrate/Glints2/dict_0005_0062" 9338
"/Engine/EngineMaterials/Substrate/Glints2/dict_0005_0061" 9339
"/Engine/EngineMaterials/Substrate/Glints2/dict_0005_0060" 9340
"/Engine/EngineMaterials/Substrate/Glints2/dict_0005_0059" 9341
"/Engine/EngineMaterials/Substrate/Glints2/dict_0005_0058" 9342
"/Engine/EngineMaterials/Substrate/Glints2/dict_0005_0057" 9343
"/Engine/EngineMaterials/Substrate/Glints2/dict_0005_0056" 9344
"/Engine/EngineMaterials/Substrate/Glints2/dict_0005_0055" 9345
"/Engine/EngineMaterials/Substrate/Glints2/dict_0005_0054" 9346
"/Engine/EngineMaterials/Substrate/Glints2/dict_0005_0053" 9347
"/Engine/EngineMaterials/Substrate/Glints2/dict_0005_0052" 9348
"/Engine/EngineMaterials/Substrate/Glints2/dict_0005_0051" 9349
"/Engine/EngineMaterials/Substrate/Glints2/dict_0005_0050" 9350
"/Engine/EngineMaterials/Substrate/Glints2/dict_0005_0049" 9351
"/Engine/EngineMaterials/Substrate/Glints2/dict_0005_0048" 9352
"/Engine/EngineMaterials/Substrate/Glints2/dict_0005_0047" 9353
"/Engine/EngineMaterials/Substrate/Glints2/dict_0005_0046" 9354
"/Engine/EngineMaterials/Substrate/Glints2/dict_0005_0045" 9355
"/Engine/EngineMaterials/Substrate/Glints2/dict_0005_0044" 9356
"/Engine/EngineMaterials/Substrate/Glints2/dict_0005_0043" 9357
"/Engine/EngineMaterials/Substrate/Glints2/dict_0005_0042" 9358
"/Engine/EngineMaterials/Substrate/Glints2/dict_0005_0041" 9359
"/Engine/EngineMaterials/Substrate/Glints2/dict_0005_0072" 9360
"../../../Engine/Content/EngineMaterials/Substrate/Glints2/dict_0005_0074.uasset" 9361
"../../../Engine/Content/EngineMaterials/Substrate/Glints2/dict_0005_0073.uasset" 9362
"../../../Engine/Content/EngineMaterials/Substrate/Glints2/dict_0005_0075.uasset" 9363
"../../../Engine/Content/EngineMaterials/Substrate/Glints2/dict_0005_0077.uasset" 9364
"../../../Engine/Content/EngineMaterials/Substrate/Glints2/dict_0005_0076.uasset" 9365
"../../../Engine/Content/EngineMaterials/Substrate/Glints2/dict_0005_0080.uasset" 9366
"../../../Engine/Content/EngineMaterials/Substrate/Glints2/dict_0005_0079.uasset" 9367
"../../../Engine/Content/EngineMaterials/Substrate/Glints2/dict_0005_0082.uasset" 9368
"../../../Engine/Content/EngineMaterials/Substrate/Glints2/dict_0005_0081.uasset" 9369
"../../../Engine/Content/EngineMaterials/Substrate/Glints2/dict_0005_0078.uasset" 9370
"../../../Engine/Content/EngineMaterials/Substrate/Glints2/dict_0005_0083.uasset" 9371
"../../../Engine/Content/EngineMaterials/Substrate/Glints2/dict_0005_0084.uasset" 9372
"/Engine/EngineMaterials/Substrate/Glints2/dict_0005_0071" 9373
"../../../Engine/Content/EngineMaterials/Substrate/Glints2/dict_0005_0085.uasset" 9374
"../../../Engine/Content/EngineMaterials/Substrate/Glints2/dict_0005_0087.uasset" 9375
"../../../Engine/Content/EngineMaterials/Substrate/Glints2/dict_0005_0086.uasset" 9376
"../../../Engine/Content/EngineMaterials/Substrate/Glints2/dict_0005_0088.uasset" 9377
"../../../Engine/Content/EngineMaterials/Substrate/Glints2/dict_0005_0089.uasset" 9378
"../../../Engine/Content/EngineMaterials/Substrate/Glints2/dict_0005_0091.uasset" 9379
"../../../Engine/Content/EngineMaterials/Substrate/Glints2/dict_0005_0092.uasset" 9380
"../../../Engine/Content/EngineMaterials/Substrate/Glints2/dict_0005_0090.uasset" 9381
"../../../Engine/Content/EngineMaterials/Substrate/Glints2/dict_0005_0094.uasset" 9382
"../../../Engine/Content/EngineMaterials/Substrate/Glints2/dict_0005_0095.uasset" 9383
"../../../Engine/Content/EngineMaterials/Substrate/Glints2/dict_0005_0093.uasset" 9384
"/Engine/EngineMaterials/Substrate/Glints2/dict_0005_0070" 9385
"/Engine/EngineMaterials/Substrate/Glints2/dict_0005_0069" 9386
"/Engine/EngineMaterials/Substrate/Glints2/dict_0005_0068" 9387
"/Engine/EngineMaterials/Substrate/Glints2/dict_0005_0067" 9388
"/Engine/EngineMaterials/Substrate/Glints2/dict_0005_0066" 9389
"/Engine/EngineMaterials/Substrate/Glints2/dict_0005_0065" 9390
"/Engine/EngineMaterials/Substrate/Glints2/dict_0005_0064" 9391
"/Engine/EngineMaterials/Substrate/Glints2/dict_0005_0095" 9392
"../../../Engine/Content/EngineMaterials/Substrate/Glints2/dict_0005_0096.uasset" 9393
"../../../Engine/Content/EngineMaterials/Substrate/Glints2/dict_0005_0098.uasset" 9394
"../../../Engine/Content/EngineMaterials/Substrate/Glints2/dict_0005_0097.uasset" 9395
"../../../Engine/Content/EngineMaterials/Substrate/Glints2/dict_0005_0100.uasset" 9396
"../../../Engine/Content/EngineMaterials/Substrate/Glints2/dict_0005_0101.uasset" 9397
"../../../Engine/Content/EngineMaterials/Substrate/Glints2/dict_0005_0099.uasset" 9398
"../../../Engine/Content/EngineMaterials/Substrate/Glints2/dict_0005_0102.uasset" 9399
"../../../Engine/Content/EngineMaterials/Substrate/Glints2/dict_0005_0103.uasset" 9400
"../../../Engine/Content/EngineMaterials/Substrate/Glints2/dict_0005_0104.uasset" 9401
"/Engine/EngineMaterials/Substrate/Glints2/dict_0005_0094" 9402
"/Engine/EngineMaterials/Substrate/Glints2/dict_0005_0093" 9403
"/Engine/EngineMaterials/Substrate/Glints2/dict_0005_0092" 9404
"/Engine/EngineMaterials/Substrate/Glints2/dict_0005_0091" 9405
"/Engine/EngineMaterials/Substrate/Glints2/dict_0005_0090" 9406
"/Engine/EngineMaterials/Substrate/Glints2/dict_0005_0089" 9407
"/Engine/EngineMaterials/Substrate/Glints2/dict_0005_0088" 9408
"/Engine/EngineMaterials/Substrate/Glints2/dict_0005_0087" 9409
"/Engine/EngineMaterials/Substrate/Glints2/dict_0005_0086" 9410
"/Engine/EngineMaterials/Substrate/Glints2/dict_0005_0085" 9411
"/Engine/EngineMaterials/Substrate/Glints2/dict_0005_0084" 9412
"/Engine/EngineMaterials/Substrate/Glints2/dict_0005_0083" 9413
"/Engine/EngineMaterials/Substrate/Glints2/dict_0005_0082" 9414
"/Engine/EngineMaterials/Substrate/Glints2/dict_0005_0081" 9415
"/Engine/EngineMaterials/Substrate/Glints2/dict_0005_0080" 9416
"/Engine/EngineMaterials/Substrate/Glints2/dict_0005_0079" 9417
"/Engine/EngineMaterials/Substrate/Glints2/dict_0005_0078" 9418
"/Engine/EngineMaterials/Substrate/Glints2/dict_0005_0077" 9419
"/Engine/EngineMaterials/Substrate/Glints2/dict_0005_0076" 9420
"/Engine/EngineMaterials/Substrate/Glints2/dict_0005_0075" 9421
"/Engine/EngineMaterials/Substrate/Glints2/dict_0005_0074" 9422
"/Engine/EngineMaterials/Substrate/Glints2/dict_0005_0073" 9423
"../../../Engine/Content/EngineMaterials/Substrate/Glints2/dict_0005_0107.uasset" 9424
"../../../Engine/Content/EngineMaterials/Substrate/Glints2/dict_0005_0106.uasset" 9425
"../../../Engine/Content/EngineMaterials/Substrate/Glints2/dict_0005_0113.uasset" 9426
"../../../Engine/Content/EngineMaterials/Substrate/Glints2/dict_0005_0109.uasset" 9427
"/Engine/EngineMaterials/Substrate/Glints2/dict_0005_0104" 9428
"../../../Engine/Content/EngineMaterials/Substrate/Glints2/dict_0005_0110.uasset" 9429
"../../../Engine/Content/EngineMaterials/Substrate/Glints2/dict_0005_0112.uasset" 9430
"../../../Engine/Content/EngineMaterials/Substrate/Glints2/dict_0005_0108.uasset" 9431
"../../../Engine/Content/EngineMaterials/Substrate/Glints2/dict_0005_0105.uasset" 9432
"../../../Engine/Content/EngineMaterials/Substrate/Glints2/dict_0005_0114.uasset" 9433
"../../../Engine/Content/EngineMaterials/Substrate/Glints2/dict_0005_0111.uasset" 9434
"../../../Engine/Content/EngineMaterials/Substrate/Glints2/dict_0005_0115.uasset" 9435
"../../../Engine/Content/EngineMaterials/Substrate/Glints2/dict_0005_0118.uasset" 9436
"../../../Engine/Content/EngineMaterials/Substrate/Glints2/dict_0005_0117.uasset" 9437
"../../../Engine/Content/EngineMaterials/Substrate/Glints2/dict_0005_0116.uasset" 9438
"../../../Engine/Content/EngineMaterials/Substrate/Glints2/dict_0005_0119.uasset" 9439
"../../../Engine/Content/EngineMaterials/Substrate/Glints2/dict_0005_0120.uasset" 9440
"../../../Engine/Content/EngineMaterials/Substrate/Glints2/dict_0005_0121.uasset" 9441
"../../../Engine/Content/EngineMaterials/Substrate/Glints2/dict_0005_0122.uasset" 9442
"../../../Engine/Content/EngineMaterials/Substrate/Glints2/dict_0005_0123.uasset" 9443
"../../../Engine/Content/EngineMaterials/Substrate/Glints2/dict_0005_0125.uasset" 9444
"../../../Engine/Content/EngineMaterials/Substrate/Glints2/dict_0005_0127.uasset" 9445
"../../../Engine/Content/EngineMaterials/Substrate/Glints2/dict_0005_0124.uasset" 9446
"../../../Engine/Content/EngineMaterials/Substrate/Glints2/dict_0005_0126.uasset" 9447
"/Engine/EngineMaterials/Substrate/Glints2/dict_0005_0103" 9448
"/Engine/EngineMaterials/Substrate/Glints2/dict_0005_0102" 9449
"/Engine/EngineMaterials/Substrate/Glints2/dict_0005_0101" 9450
"/Engine/EngineMaterials/Substrate/Glints2/dict_0005_0100" 9451
"/Engine/EngineMaterials/Substrate/Glints2/dict_0005_0099" 9452
"/Engine/EngineMaterials/Substrate/Glints2/dict_0005_0098" 9453
"/Engine/EngineMaterials/Substrate/Glints2/dict_0005_0097" 9454
"/Engine/EngineMaterials/Substrate/Glints2/dict_0005_0096" 9455
"/Engine/EngineMaterials/Substrate/Glints2/dict_0005_0127" 9456
"../../../Engine/Content/EngineMaterials/Substrate/Glints2/dict_0005_0128.uasset" 9457
"../../../Engine/Content/EngineMaterials/Substrate/Glints2/dict_0005_0129.uasset" 9458
"../../../Engine/Content/EngineMaterials/Substrate/Glints2/dict_0005_0130.uasset" 9459
"../../../Engine/Content/EngineMaterials/Substrate/Glints2/dict_0005_0131.uasset" 9460
"../../../Engine/Content/EngineMaterials/Substrate/Glints2/dict_0005_0132.uasset" 9461
"../../../Engine/Content/EngineMaterials/Substrate/Glints2/dict_0005_0133.uasset" 9462
"../../../Engine/Content/EngineMaterials/Substrate/Glints2/dict_0005_0134.uasset" 9463
"../../../Engine/Content/EngineMaterials/Substrate/Glints2/dict_0005_0136.uasset" 9464
"../../../Engine/Content/EngineMaterials/Substrate/Glints2/dict_0005_0135.uasset" 9465
"/Engine/EngineMaterials/Substrate/Glints2/dict_0005_0126" 9466
"/Engine/EngineMaterials/Substrate/Glints2/dict_0005_0125" 9467
"/Engine/EngineMaterials/Substrate/Glints2/dict_0005_0124" 9468
"/Engine/EngineMaterials/Substrate/Glints2/dict_0005_0123" 9469
"/Engine/EngineMaterials/Substrate/Glints2/dict_0005_0122" 9470
"/Engine/EngineMaterials/Substrate/Glints2/dict_0005_0121" 9471
"/Engine/EngineMaterials/Substrate/Glints2/dict_0005_0120" 9472
"/Engine/EngineMaterials/Substrate/Glints2/dict_0005_0119" 9473
"/Engine/EngineMaterials/Substrate/Glints2/dict_0005_0118" 9474
"/Engine/EngineMaterials/Substrate/Glints2/dict_0005_0117" 9475
"/Engine/EngineMaterials/Substrate/Glints2/dict_0005_0116" 9476
"/Engine/EngineMaterials/Substrate/Glints2/dict_0005_0115" 9477
"/Engine/EngineMaterials/Substrate/Glints2/dict_0005_0114" 9478
"/Engine/EngineMaterials/Substrate/Glints2/dict_0005_0113" 9479
"/Engine/EngineMaterials/Substrate/Glints2/dict_0005_0112" 9480
"/Engine/EngineMaterials/Substrate/Glints2/dict_0005_0111" 9481
"/Engine/EngineMaterials/Substrate/Glints2/dict_0005_0110" 9482
"/Engine/EngineMaterials/Substrate/Glints2/dict_0005_0109" 9483
"/Engine/EngineMaterials/Substrate/Glints2/dict_0005_0108" 9484
"/Engine/EngineMaterials/Substrate/Glints2/dict_0005_0107" 9485
"/Engine/EngineMaterials/Substrate/Glints2/dict_0005_0106" 9486
"/Engine/EngineMaterials/Substrate/Glints2/dict_0005_0105" 9487
"/Engine/EngineMaterials/Substrate/Glints2/dict_0005_0136" 9488
"../../../Engine/Content/EngineMaterials/Substrate/Glints2/dict_0005_0138.uasset" 9489
"../../../Engine/Content/EngineMaterials/Substrate/Glints2/dict_0005_0137.uasset" 9490
"../../../Engine/Content/EngineMaterials/Substrate/Glints2/dict_0005_0139.uasset" 9491
"../../../Engine/Content/EngineMaterials/Substrate/Glints2/dict_0005_0145.uasset" 9492
"../../../Engine/Content/EngineMaterials/Substrate/Glints2/dict_0005_0140.uasset" 9493
"../../../Engine/Content/EngineMaterials/Substrate/Glints2/dict_0005_0146.uasset" 9494
"../../../Engine/Content/EngineMaterials/Substrate/Glints2/dict_0005_0141.uasset" 9495
"../../../Engine/Content/EngineMaterials/Substrate/Glints2/dict_0005_0143.uasset" 9496
"../../../Engine/Content/EngineMaterials/Substrate/Glints2/dict_0005_0144.uasset" 9497
"../../../Engine/Content/EngineMaterials/Substrate/Glints2/dict_0005_0142.uasset" 9498
"../../../Engine/Content/EngineMaterials/Substrate/Glints2/dict_0005_0147.uasset" 9499
"/Engine/EngineMaterials/Substrate/Glints2/dict_0005_0135" 9500
"../../../Engine/Content/EngineMaterials/Substrate/Glints2/dict_0005_0148.uasset" 9501
"../../../Engine/Content/EngineMaterials/Substrate/Glints2/dict_0005_0149.uasset" 9502
"../../../Engine/Content/EngineMaterials/Substrate/Glints2/dict_0005_0150.uasset" 9503
"../../../Engine/Content/EngineMaterials/Substrate/Glints2/dict_0005_0151.uasset" 9504
"../../../Engine/Content/EngineMaterials/Substrate/Glints2/dict_0005_0152.uasset" 9505
"../../../Engine/Content/EngineMaterials/Substrate/Glints2/dict_0005_0153.uasset" 9506
"../../../Engine/Content/EngineMaterials/Substrate/Glints2/dict_0005_0154.uasset" 9507
"../../../Engine/Content/EngineMaterials/Substrate/Glints2/dict_0005_0155.uasset" 9508
"../../../Engine/Content/EngineMaterials/Substrate/Glints2/dict_0005_0156.uasset" 9509
"../../../Engine/Content/EngineMaterials/Substrate/Glints2/dict_0005_0157.uasset" 9510
"../../../Engine/Content/EngineMaterials/Substrate/Glints2/dict_0005_0158.uasset" 9511
"../../../Engine/Content/EngineMaterials/Substrate/Glints2/dict_0005_0159.uasset" 9512
"/Engine/EngineMaterials/Substrate/Glints2/dict_0005_0134" 9513
"/Engine/EngineMaterials/Substrate/Glints2/dict_0005_0133" 9514
"/Engine/EngineMaterials/Substrate/Glints2/dict_0005_0132" 9515
"/Engine/EngineMaterials/Substrate/Glints2/dict_0005_0131" 9516
"/Engine/EngineMaterials/Substrate/Glints2/dict_0005_0130" 9517
"/Engine/EngineMaterials/Substrate/Glints2/dict_0005_0129" 9518
"/Engine/EngineMaterials/Substrate/Glints2/dict_0005_0128" 9519
"/Engine/EngineMaterials/Substrate/Glints2/dict_0005_0159" 9520
"../../../Engine/Content/EngineMaterials/Substrate/Glints2/dict_0005_0161.uasset" 9521
"../../../Engine/Content/EngineMaterials/Substrate/Glints2/dict_0005_0163.uasset" 9522
"../../../Engine/Content/EngineMaterials/Substrate/Glints2/dict_0005_0164.uasset" 9523
"../../../Engine/Content/EngineMaterials/Substrate/Glints2/dict_0005_0160.uasset" 9524
"../../../Engine/Content/EngineMaterials/Substrate/Glints2/dict_0005_0167.uasset" 9525
"../../../Engine/Content/EngineMaterials/Substrate/Glints2/dict_0005_0166.uasset" 9526
"../../../Engine/Content/EngineMaterials/Substrate/Glints2/dict_0005_0162.uasset" 9527
"../../../Engine/Content/EngineMaterials/Substrate/Glints2/dict_0005_0168.uasset" 9528
"../../../Engine/Content/EngineMaterials/Substrate/Glints2/dict_0005_0165.uasset" 9529
"/Engine/EngineMaterials/Substrate/Glints2/dict_0005_0158" 9530
"/Engine/EngineMaterials/Substrate/Glints2/dict_0005_0157" 9531
"/Engine/EngineMaterials/Substrate/Glints2/dict_0005_0156" 9532
"/Engine/EngineMaterials/Substrate/Glints2/dict_0005_0155" 9533
"/Engine/EngineMaterials/Substrate/Glints2/dict_0005_0154" 9534
"/Engine/EngineMaterials/Substrate/Glints2/dict_0005_0153" 9535
"/Engine/EngineMaterials/Substrate/Glints2/dict_0005_0152" 9536
"/Engine/EngineMaterials/Substrate/Glints2/dict_0005_0151" 9537
"/Engine/EngineMaterials/Substrate/Glints2/dict_0005_0150" 9538
"/Engine/EngineMaterials/Substrate/Glints2/dict_0005_0149" 9539
"/Engine/EngineMaterials/Substrate/Glints2/dict_0005_0148" 9540
"/Engine/EngineMaterials/Substrate/Glints2/dict_0005_0147" 9541
"/Engine/EngineMaterials/Substrate/Glints2/dict_0005_0146" 9542
"/Engine/EngineMaterials/Substrate/Glints2/dict_0005_0145" 9543
"/Engine/EngineMaterials/Substrate/Glints2/dict_0005_0144" 9544
"/Engine/EngineMaterials/Substrate/Glints2/dict_0005_0143" 9545
"/Engine/EngineMaterials/Substrate/Glints2/dict_0005_0142" 9546
"/Engine/EngineMaterials/Substrate/Glints2/dict_0005_0141" 9547
"/Engine/EngineMaterials/Substrate/Glints2/dict_0005_0140" 9548
"/Engine/EngineMaterials/Substrate/Glints2/dict_0005_0139" 9549
"/Engine/EngineMaterials/Substrate/Glints2/dict_0005_0138" 9550
"/Engine/EngineMaterials/Substrate/Glints2/dict_0005_0137" 9551
"/Engine/EngineMaterials/Substrate/Glints2/dict_0005_0168" 9552
"../../../Engine/Content/EngineMaterials/Substrate/Glints2/dict_0005_0171.uasset" 9553
"../../../Engine/Content/EngineMaterials/Substrate/Glints2/dict_0005_0170.uasset" 9554
"../../../Engine/Content/EngineMaterials/Substrate/Glints2/dict_0005_0169.uasset" 9555
"../../../Engine/Content/EngineMaterials/Substrate/Glints2/dict_0005_0174.uasset" 9556
"../../../Engine/Content/EngineMaterials/Substrate/Glints2/dict_0005_0173.uasset" 9557
"../../../Engine/Content/EngineMaterials/Substrate/Glints2/dict_0005_0176.uasset" 9558
"../../../Engine/Content/EngineMaterials/Substrate/Glints2/dict_0005_0177.uasset" 9559
"../../../Engine/Content/EngineMaterials/Substrate/Glints2/dict_0005_0178.uasset" 9560
"../../../Engine/Content/EngineMaterials/Substrate/Glints2/dict_0005_0175.uasset" 9561
"../../../Engine/Content/EngineMaterials/Substrate/Glints2/dict_0005_0180.uasset" 9562
"../../../Engine/Content/EngineMaterials/Substrate/Glints2/dict_0005_0172.uasset" 9563
"../../../Engine/Content/EngineMaterials/Substrate/Glints2/dict_0005_0179.uasset" 9564
"../../../Engine/Content/EngineMaterials/Substrate/Glints2/dict_0005_0181.uasset" 9565
"../../../Engine/Content/EngineMaterials/Substrate/Glints2/dict_0005_0182.uasset" 9566
"../../../Engine/Content/EngineMaterials/Substrate/Glints2/dict_0005_0183.uasset" 9567
"/Engine/EngineMaterials/Substrate/Glints2/dict_0005_0167" 9568
"../../../Engine/Content/EngineMaterials/Substrate/Glints2/dict_0005_0190.uasset" 9569
"../../../Engine/Content/EngineMaterials/Substrate/Glints2/dict_0005_0191.uasset" 9570
"../../../Engine/Content/EngineMaterials/Substrate/Glints2/dict_0005_0186.uasset" 9571
"../../../Engine/Content/EngineMaterials/Substrate/Glints2/dict_0005_0184.uasset" 9572
"../../../Engine/Content/EngineMaterials/Substrate/Glints2/dict_0005_0188.uasset" 9573
"../../../Engine/Content/EngineMaterials/Substrate/Glints2/dict_0005_0187.uasset" 9574
"../../../Engine/Content/EngineMaterials/Substrate/Glints2/dict_0005_0189.uasset" 9575
"../../../Engine/Content/EngineMaterials/Substrate/Glints2/dict_0005_0185.uasset" 9576
"/Engine/EngineMaterials/Substrate/Glints2/dict_0005_0166" 9577
"/Engine/EngineMaterials/Substrate/Glints2/dict_0005_0165" 9578
"/Engine/EngineMaterials/Substrate/Glints2/dict_0005_0164" 9579
"/Engine/EngineMaterials/Substrate/Glints2/dict_0005_0163" 9580
"/Engine/EngineMaterials/Substrate/Glints2/dict_0005_0162" 9581
"/Engine/EngineMaterials/Substrate/Glints2/dict_0005_0161" 9582
"/Engine/EngineMaterials/Substrate/Glints2/dict_0005_0160" 9583
"/Engine/EngineMaterials/Substrate/Glints2/dict_0005_0191" 9584
"../../../Engine/Content/EngineMaterials/Substrate/Glints2/dict_0005_0194.uasset" 9585
"../../../Engine/Content/EngineMaterials/Substrate/Glints2/dict_0005_0193.uasset" 9586
"../../../Engine/Content/EngineMaterials/Substrate/Glints2/dict_0005_0196.uasset" 9587
"../../../Engine/Content/EngineMaterials/Substrate/Glints2/dict_0005_0195.uasset" 9588
"../../../Engine/Content/EngineMaterials/Substrate/Glints2/dict_0005_0197.uasset" 9589
"../../../Engine/Content/EngineMaterials/Substrate/Glints2/dict_0005_0199.uasset" 9590
"../../../Engine/Content/EngineMaterials/Substrate/Glints2/dict_0005_0192.uasset" 9591
"../../../Engine/Content/EngineMaterials/Substrate/Glints2/dict_0005_0198.uasset" 9592
"../../../Engine/Content/EngineMaterials/Substrate/Glints2/dict_0005_0200.uasset" 9593
"/Engine/EngineMaterials/Substrate/Glints2/dict_0005_0190" 9594
"/Engine/EngineMaterials/Substrate/Glints2/dict_0005_0189" 9595
"/Engine/EngineMaterials/Substrate/Glints2/dict_0005_0188" 9596
"/Engine/EngineMaterials/Substrate/Glints2/dict_0005_0187" 9597
"/Engine/EngineMaterials/Substrate/Glints2/dict_0005_0186" 9598
"/Engine/EngineMaterials/Substrate/Glints2/dict_0005_0185" 9599
"/Engine/EngineMaterials/Substrate/Glints2/dict_0005_0184" 9600
"/Engine/EngineMaterials/Substrate/Glints2/dict_0005_0183" 9601
"/Engine/EngineMaterials/Substrate/Glints2/dict_0005_0182" 9602
"/Engine/EngineMaterials/Substrate/Glints2/dict_0005_0181" 9603
"/Engine/EngineMaterials/Substrate/Glints2/dict_0005_0180" 9604
"/Engine/EngineMaterials/Substrate/Glints2/dict_0005_0179" 9605
"/Engine/EngineMaterials/Substrate/Glints2/dict_0005_0178" 9606
"/Engine/EngineMaterials/Substrate/Glints2/dict_0005_0177" 9607
"/Engine/EngineMaterials/Substrate/Glints2/dict_0005_0176" 9608
"/Engine/EngineMaterials/Substrate/Glints2/dict_0005_0175" 9609
"/Engine/EngineMaterials/Substrate/Glints2/dict_0005_0174" 9610
"/Engine/EngineMaterials/Substrate/Glints2/dict_0005_0173" 9611
"/Engine/EngineMaterials/Substrate/Glints2/dict_0005_0172" 9612
"/Engine/EngineMaterials/Substrate/Glints2/dict_0005_0171" 9613
"/Engine/EngineMaterials/Substrate/Glints2/dict_0005_0170" 9614
"/Engine/EngineMaterials/Substrate/Glints2/dict_0005_0169" 9615
"/Engine/EngineMaterials/Substrate/Glints2/dict_0005_0200" 9616
"../../../Engine/Content/EngineMaterials/Substrate/Glints2/dict_0005_0208.uasset" 9617
"../../../Engine/Content/EngineMaterials/Substrate/Glints2/dict_0005_0209.uasset" 9618
"../../../Engine/Content/EngineMaterials/Substrate/Glints2/dict_0005_0202.uasset" 9619
"../../../Engine/Content/EngineMaterials/Substrate/Glints2/dict_0005_0201.uasset" 9620
"../../../Engine/Content/EngineMaterials/Substrate/Glints2/dict_0005_0210.uasset" 9621
"../../../Engine/Content/EngineMaterials/Substrate/Glints2/dict_0005_0205.uasset" 9622
"../../../Engine/Content/EngineMaterials/Substrate/Glints2/dict_0005_0207.uasset" 9623
"../../../Engine/Content/EngineMaterials/Substrate/Glints2/dict_0005_0211.uasset" 9624
"../../../Engine/Content/EngineMaterials/Substrate/Glints2/dict_0005_0203.uasset" 9625
"../../../Engine/Content/EngineMaterials/Substrate/Glints2/dict_0005_0206.uasset" 9626
"../../../Engine/Content/EngineMaterials/Substrate/Glints2/dict_0005_0204.uasset" 9627
"../../../Engine/Content/EngineMaterials/Substrate/Glints2/dict_0005_0213.uasset" 9628
"../../../Engine/Content/EngineMaterials/Substrate/Glints2/dict_0005_0214.uasset" 9629
"/Engine/EngineMaterials/Substrate/Glints2/dict_0005_0199" 9630
"../../../Engine/Content/EngineMaterials/Substrate/Glints2/dict_0005_0216.uasset" 9631
"../../../Engine/Content/EngineMaterials/Substrate/Glints2/dict_0005_0212.uasset" 9632
"../../../Engine/Content/EngineMaterials/Substrate/Glints2/dict_0005_0217.uasset" 9633
"../../../Engine/Content/EngineMaterials/Substrate/Glints2/dict_0005_0215.uasset" 9634
"../../../Engine/Content/EngineMaterials/Substrate/Glints2/dict_0005_0219.uasset" 9635
"../../../Engine/Content/EngineMaterials/Substrate/Glints2/dict_0005_0218.uasset" 9636
"../../../Engine/Content/EngineMaterials/Substrate/Glints2/dict_0005_0221.uasset" 9637
"../../../Engine/Content/EngineMaterials/Substrate/Glints2/dict_0005_0222.uasset" 9638
"../../../Engine/Content/EngineMaterials/Substrate/Glints2/dict_0005_0223.uasset" 9639
"../../../Engine/Content/EngineMaterials/Substrate/Glints2/dict_0005_0220.uasset" 9640
"/Engine/EngineMaterials/Substrate/Glints2/dict_0005_0198" 9641
"/Engine/EngineMaterials/Substrate/Glints2/dict_0005_0197" 9642
"/Engine/EngineMaterials/Substrate/Glints2/dict_0005_0196" 9643
"/Engine/EngineMaterials/Substrate/Glints2/dict_0005_0195" 9644
"/Engine/EngineMaterials/Substrate/Glints2/dict_0005_0194" 9645
"/Engine/EngineMaterials/Substrate/Glints2/dict_0005_0193" 9646
"/Engine/EngineMaterials/Substrate/Glints2/dict_0005_0192" 9647
"/Engine/EngineMaterials/Substrate/Glints2/dict_0005_0223" 9648
"../../../Engine/Content/EngineMaterials/Substrate/Glints2/dict_0005_0225.uasset" 9649
"../../../Engine/Content/EngineMaterials/Substrate/Glints2/dict_0005_0224.uasset" 9650
"../../../Engine/Content/EngineMaterials/Substrate/Glints2/dict_0005_0227.uasset" 9651
"../../../Engine/Content/EngineMaterials/Substrate/Glints2/dict_0005_0228.uasset" 9652
"../../../Engine/Content/EngineMaterials/Substrate/Glints2/dict_0005_0230.uasset" 9653
"../../../Engine/Content/EngineMaterials/Substrate/Glints2/dict_0005_0229.uasset" 9654
"../../../Engine/Content/EngineMaterials/Substrate/Glints2/dict_0005_0231.uasset" 9655
"../../../Engine/Content/EngineMaterials/Substrate/Glints2/dict_0005_0226.uasset" 9656
"../../../Engine/Content/EngineMaterials/Substrate/Glints2/dict_0005_0232.uasset" 9657
"/Engine/EngineMaterials/Substrate/Glints2/dict_0005_0222" 9658
"/Engine/EngineMaterials/Substrate/Glints2/dict_0005_0221" 9659
"/Engine/EngineMaterials/Substrate/Glints2/dict_0005_0220" 9660
"/Engine/EngineMaterials/Substrate/Glints2/dict_0005_0219" 9661
"/Engine/EngineMaterials/Substrate/Glints2/dict_0005_0218" 9662
"/Engine/EngineMaterials/Substrate/Glints2/dict_0005_0217" 9663
"/Engine/EngineMaterials/Substrate/Glints2/dict_0005_0216" 9664
"/Engine/EngineMaterials/Substrate/Glints2/dict_0005_0215" 9665
"/Engine/EngineMaterials/Substrate/Glints2/dict_0005_0214" 9666
"/Engine/EngineMaterials/Substrate/Glints2/dict_0005_0213" 9667
"/Engine/EngineMaterials/Substrate/Glints2/dict_0005_0212" 9668
"/Engine/EngineMaterials/Substrate/Glints2/dict_0005_0211" 9669
"/Engine/EngineMaterials/Substrate/Glints2/dict_0005_0210" 9670
"/Engine/EngineMaterials/Substrate/Glints2/dict_0005_0209" 9671
"/Engine/EngineMaterials/Substrate/Glints2/dict_0005_0208" 9672
"/Engine/EngineMaterials/Substrate/Glints2/dict_0005_0207" 9673
"/Engine/EngineMaterials/Substrate/Glints2/dict_0005_0206" 9674
"/Engine/EngineMaterials/Substrate/Glints2/dict_0005_0205" 9675
"/Engine/EngineMaterials/Substrate/Glints2/dict_0005_0204" 9676
"/Engine/EngineMaterials/Substrate/Glints2/dict_0005_0203" 9677
"/Engine/EngineMaterials/Substrate/Glints2/dict_0005_0202" 9678
"/Engine/EngineMaterials/Substrate/Glints2/dict_0005_0201" 9679
"/Engine/EngineMaterials/Substrate/Glints2/dict_0005_0232" 9680
"../../../Engine/Content/EngineMaterials/Substrate/Glints2/dict_0005_0239.uasset" 9681
"../../../Engine/Content/EngineMaterials/Substrate/Glints2/dict_0005_0238.uasset" 9682
"../../../Engine/Content/EngineMaterials/Substrate/Glints2/dict_0005_0237.uasset" 9683
"../../../Engine/Content/EngineMaterials/Substrate/Glints2/dict_0005_0235.uasset" 9684
"../../../Engine/Content/EngineMaterials/Substrate/Glints2/dict_0005_0233.uasset" 9685
"../../../Engine/Content/EngineMaterials/Substrate/Glints2/dict_0005_0241.uasset" 9686
"../../../Engine/Content/EngineMaterials/Substrate/Glints2/dict_0005_0240.uasset" 9687
"../../../Engine/Content/EngineMaterials/Substrate/Glints2/dict_0005_0234.uasset" 9688
"../../../Engine/Content/EngineMaterials/Substrate/Glints2/dict_0005_0242.uasset" 9689
"../../../Engine/Content/EngineMaterials/Substrate/Glints2/dict_0005_0236.uasset" 9690
"../../../Engine/Content/EngineMaterials/Substrate/Glints2/dict_0005_0244.uasset" 9691
"../../../Engine/Content/EngineMaterials/Substrate/Glints2/dict_0005_0246.uasset" 9692
"/Engine/EngineMaterials/Substrate/Glints2/dict_0005_0231" 9693
"../../../Engine/Content/EngineMaterials/Substrate/Glints2/dict_0005_0245.uasset" 9694
"../../../Engine/Content/EngineMaterials/Substrate/Glints2/dict_0005_0247.uasset" 9695
"../../../Engine/Content/EngineMaterials/Substrate/Glints2/dict_0005_0243.uasset" 9696
"../../../Engine/Content/EngineMaterials/Substrate/Glints2/dict_0005_0249.uasset" 9697
"../../../Engine/Content/EngineMaterials/Substrate/Glints2/dict_0005_0248.uasset" 9698
"../../../Engine/Content/EngineMaterials/Substrate/Glints2/dict_0005_0252.uasset" 9699
"../../../Engine/Content/EngineMaterials/Substrate/Glints2/dict_0005_0251.uasset" 9700
"../../../Engine/Content/EngineMaterials/Substrate/Glints2/dict_0005_0250.uasset" 9701
"../../../Engine/Content/EngineMaterials/Substrate/Glints2/dict_0005_0253.uasset" 9702
"../../../Engine/Content/EngineMaterials/Substrate/Glints2/dict_0005_0254.uasset" 9703
"../../../Engine/Content/EngineMaterials/Substrate/Glints2/dict_0005_0255.uasset" 9704
"/Engine/EngineMaterials/Substrate/Glints2/dict_0005_0230" 9705
"/Engine/EngineMaterials/Substrate/Glints2/dict_0005_0229" 9706
"/Engine/EngineMaterials/Substrate/Glints2/dict_0005_0228" 9707
"/Engine/EngineMaterials/Substrate/Glints2/dict_0005_0227" 9708
"/Engine/EngineMaterials/Substrate/Glints2/dict_0005_0226" 9709
"/Engine/EngineMaterials/Substrate/Glints2/dict_0005_0225" 9710
"/Engine/EngineMaterials/Substrate/Glints2/dict_0005_0224" 9711
"/Engine/EngineMaterials/Substrate/Glints2/dict_0005_0255" 9712
"../../../Engine/Content/EngineMaterials/Substrate/Glints2/dict_0006_0002.uasset" 9713
"../../../Engine/Content/EngineMaterials/Substrate/Glints2/dict_0006_0001.uasset" 9714
"../../../Engine/Content/EngineMaterials/Substrate/Glints2/dict_0006_0000.uasset" 9715
"../../../Engine/Content/EngineMaterials/Substrate/Glints2/dict_0006_0005.uasset" 9716
"../../../Engine/Content/EngineMaterials/Substrate/Glints2/dict_0006_0007.uasset" 9717
"../../../Engine/Content/EngineMaterials/Substrate/Glints2/dict_0006_0008.uasset" 9718
"../../../Engine/Content/EngineMaterials/Substrate/Glints2/dict_0006_0006.uasset" 9719
"../../../Engine/Content/EngineMaterials/Substrate/Glints2/dict_0006_0003.uasset" 9720
"../../../Engine/Content/EngineMaterials/Substrate/Glints2/dict_0006_0004.uasset" 9721
"/Engine/EngineMaterials/Substrate/Glints2/dict_0005_0254" 9722
"/Engine/EngineMaterials/Substrate/Glints2/dict_0005_0253" 9723
"/Engine/EngineMaterials/Substrate/Glints2/dict_0005_0252" 9724
"/Engine/EngineMaterials/Substrate/Glints2/dict_0005_0251" 9725
"/Engine/EngineMaterials/Substrate/Glints2/dict_0005_0250" 9726
"/Engine/EngineMaterials/Substrate/Glints2/dict_0005_0249" 9727
"/Engine/EngineMaterials/Substrate/Glints2/dict_0005_0248" 9728
"/Engine/EngineMaterials/Substrate/Glints2/dict_0005_0247" 9729
"/Engine/EngineMaterials/Substrate/Glints2/dict_0005_0246" 9730
"/Engine/EngineMaterials/Substrate/Glints2/dict_0005_0245" 9731
"/Engine/EngineMaterials/Substrate/Glints2/dict_0005_0244" 9732
"/Engine/EngineMaterials/Substrate/Glints2/dict_0005_0243" 9733
"/Engine/EngineMaterials/Substrate/Glints2/dict_0005_0242" 9734
"/Engine/EngineMaterials/Substrate/Glints2/dict_0005_0241" 9735
"/Engine/EngineMaterials/Substrate/Glints2/dict_0005_0240" 9736
"/Engine/EngineMaterials/Substrate/Glints2/dict_0005_0239" 9737
"/Engine/EngineMaterials/Substrate/Glints2/dict_0005_0238" 9738
"/Engine/EngineMaterials/Substrate/Glints2/dict_0005_0237" 9739
"/Engine/EngineMaterials/Substrate/Glints2/dict_0005_0236" 9740
"/Engine/EngineMaterials/Substrate/Glints2/dict_0005_0235" 9741
"/Engine/EngineMaterials/Substrate/Glints2/dict_0005_0234" 9742
"/Engine/EngineMaterials/Substrate/Glints2/dict_0005_0233" 9743
"/Engine/EngineMaterials/Substrate/Glints2/dict_0006_0008" 9744
"../../../Engine/Content/EngineMaterials/Substrate/Glints2/dict_0006_0010.uasset" 9745
"../../../Engine/Content/EngineMaterials/Substrate/Glints2/dict_0006_0009.uasset" 9746
"../../../Engine/Content/EngineMaterials/Substrate/Glints2/dict_0006_0011.uasset" 9747
"../../../Engine/Content/EngineMaterials/Substrate/Glints2/dict_0006_0013.uasset" 9748
"../../../Engine/Content/EngineMaterials/Substrate/Glints2/dict_0006_0015.uasset" 9749
"../../../Engine/Content/EngineMaterials/Substrate/Glints2/dict_0006_0014.uasset" 9750
"../../../Engine/Content/EngineMaterials/Substrate/Glints2/dict_0006_0017.uasset" 9751
"../../../Engine/Content/EngineMaterials/Substrate/Glints2/dict_0006_0012.uasset" 9752
"../../../Engine/Content/EngineMaterials/Substrate/Glints2/dict_0006_0016.uasset" 9753
"../../../Engine/Content/EngineMaterials/Substrate/Glints2/dict_0006_0018.uasset" 9754
"../../../Engine/Content/EngineMaterials/Substrate/Glints2/dict_0006_0021.uasset" 9755
"../../../Engine/Content/EngineMaterials/Substrate/Glints2/dict_0006_0019.uasset" 9756
"../../../Engine/Content/EngineMaterials/Substrate/Glints2/dict_0006_0020.uasset" 9757
"../../../Engine/Content/EngineMaterials/Substrate/Glints2/dict_0006_0022.uasset" 9758
"../../../Engine/Content/EngineMaterials/Substrate/Glints2/dict_0006_0023.uasset" 9759
"../../../Engine/Content/EngineMaterials/Substrate/Glints2/dict_0006_0024.uasset" 9760
"/Engine/EngineMaterials/Substrate/Glints2/dict_0006_0007" 9761
"../../../Engine/Content/EngineMaterials/Substrate/Glints2/dict_0006_0025.uasset" 9762
"../../../Engine/Content/EngineMaterials/Substrate/Glints2/dict_0006_0028.uasset" 9763
"../../../Engine/Content/EngineMaterials/Substrate/Glints2/dict_0006_0026.uasset" 9764
"../../../Engine/Content/EngineMaterials/Substrate/Glints2/dict_0006_0027.uasset" 9765
"../../../Engine/Content/EngineMaterials/Substrate/Glints2/dict_0006_0029.uasset" 9766
"../../../Engine/Content/EngineMaterials/Substrate/Glints2/dict_0006_0030.uasset" 9767
"../../../Engine/Content/EngineMaterials/Substrate/Glints2/dict_0006_0031.uasset" 9768
"/Engine/EngineMaterials/Substrate/Glints2/dict_0006_0006" 9769
"/Engine/EngineMaterials/Substrate/Glints2/dict_0006_0005" 9770
"/Engine/EngineMaterials/Substrate/Glints2/dict_0006_0004" 9771
"/Engine/EngineMaterials/Substrate/Glints2/dict_0006_0003" 9772
"/Engine/EngineMaterials/Substrate/Glints2/dict_0006_0002" 9773
"/Engine/EngineMaterials/Substrate/Glints2/dict_0006_0001" 9774
"/Engine/EngineMaterials/Substrate/Glints2/dict_0006_0000" 9775
"/Engine/EngineMaterials/Substrate/Glints2/dict_0006_0031" 9776
"../../../Engine/Content/EngineMaterials/Substrate/Glints2/dict_0006_0033.uasset" 9777
"../../../Engine/Content/EngineMaterials/Substrate/Glints2/dict_0006_0037.uasset" 9778
"../../../Engine/Content/EngineMaterials/Substrate/Glints2/dict_0006_0035.uasset" 9779
"../../../Engine/Content/EngineMaterials/Substrate/Glints2/dict_0006_0034.uasset" 9780
"../../../Engine/Content/EngineMaterials/Substrate/Glints2/dict_0006_0036.uasset" 9781
"../../../Engine/Content/EngineMaterials/Substrate/Glints2/dict_0006_0040.uasset" 9782
"../../../Engine/Content/EngineMaterials/Substrate/Glints2/dict_0006_0038.uasset" 9783
"../../../Engine/Content/EngineMaterials/Substrate/Glints2/dict_0006_0032.uasset" 9784
"../../../Engine/Content/EngineMaterials/Substrate/Glints2/dict_0006_0039.uasset" 9785
"/Engine/EngineMaterials/Substrate/Glints2/dict_0006_0030" 9786
"/Engine/EngineMaterials/Substrate/Glints2/dict_0006_0029" 9787
"/Engine/EngineMaterials/Substrate/Glints2/dict_0006_0028" 9788
"/Engine/EngineMaterials/Substrate/Glints2/dict_0006_0027" 9789
"/Engine/EngineMaterials/Substrate/Glints2/dict_0006_0026" 9790
"/Engine/EngineMaterials/Substrate/Glints2/dict_0006_0025" 9791
"/Engine/EngineMaterials/Substrate/Glints2/dict_0006_0024" 9792
"/Engine/EngineMaterials/Substrate/Glints2/dict_0006_0023" 9793
"/Engine/EngineMaterials/Substrate/Glints2/dict_0006_0022" 9794
"/Engine/EngineMaterials/Substrate/Glints2/dict_0006_0021" 9795
"/Engine/EngineMaterials/Substrate/Glints2/dict_0006_0020" 9796
"/Engine/EngineMaterials/Substrate/Glints2/dict_0006_0019" 9797
"/Engine/EngineMaterials/Substrate/Glints2/dict_0006_0018" 9798
"/Engine/EngineMaterials/Substrate/Glints2/dict_0006_0017" 9799
"/Engine/EngineMaterials/Substrate/Glints2/dict_0006_0016" 9800
"/Engine/EngineMaterials/Substrate/Glints2/dict_0006_0015" 9801
"/Engine/EngineMaterials/Substrate/Glints2/dict_0006_0014" 9802
"/Engine/EngineMaterials/Substrate/Glints2/dict_0006_0013" 9803
"/Engine/EngineMaterials/Substrate/Glints2/dict_0006_0012" 9804
"/Engine/EngineMaterials/Substrate/Glints2/dict_0006_0011" 9805
"/Engine/EngineMaterials/Substrate/Glints2/dict_0006_0010" 9806
"/Engine/EngineMaterials/Substrate/Glints2/dict_0006_0009" 9807
"/Engine/EngineMaterials/Substrate/Glints2/dict_0006_0040" 9808
"../../../Engine/Content/EngineMaterials/Substrate/Glints2/dict_0006_0043.uasset" 9809
"../../../Engine/Content/EngineMaterials/Substrate/Glints2/dict_0006_0042.uasset" 9810
"../../../Engine/Content/EngineMaterials/Substrate/Glints2/dict_0006_0044.uasset" 9811
"../../../Engine/Content/EngineMaterials/Substrate/Glints2/dict_0006_0045.uasset" 9812
"../../../Engine/Content/EngineMaterials/Substrate/Glints2/dict_0006_0047.uasset" 9813
"../../../Engine/Content/EngineMaterials/Substrate/Glints2/dict_0006_0048.uasset" 9814
"../../../Engine/Content/EngineMaterials/Substrate/Glints2/dict_0006_0041.uasset" 9815
"../../../Engine/Content/EngineMaterials/Substrate/Glints2/dict_0006_0049.uasset" 9816
"../../../Engine/Content/EngineMaterials/Substrate/Glints2/dict_0006_0050.uasset" 9817
"../../../Engine/Content/EngineMaterials/Substrate/Glints2/dict_0006_0051.uasset" 9818
"../../../Engine/Content/EngineMaterials/Substrate/Glints2/dict_0006_0046.uasset" 9819
"../../../Engine/Content/EngineMaterials/Substrate/Glints2/dict_0006_0053.uasset" 9820
"../../../Engine/Content/EngineMaterials/Substrate/Glints2/dict_0006_0052.uasset" 9821
"../../../Engine/Content/EngineMaterials/Substrate/Glints2/dict_0006_0054.uasset" 9822
"../../../Engine/Content/EngineMaterials/Substrate/Glints2/dict_0006_0055.uasset" 9823
"../../../Engine/Content/EngineMaterials/Substrate/Glints2/dict_0006_0056.uasset" 9824
"/Engine/EngineMaterials/Substrate/Glints2/dict_0006_0039" 9825
"../../../Engine/Content/EngineMaterials/Substrate/Glints2/dict_0006_0057.uasset" 9826
"../../../Engine/Content/EngineMaterials/Substrate/Glints2/dict_0006_0058.uasset" 9827
"../../../Engine/Content/EngineMaterials/Substrate/Glints2/dict_0006_0061.uasset" 9828
"../../../Engine/Content/EngineMaterials/Substrate/Glints2/dict_0006_0062.uasset" 9829
"../../../Engine/Content/EngineMaterials/Substrate/Glints2/dict_0006_0059.uasset" 9830
"../../../Engine/Content/EngineMaterials/Substrate/Glints2/dict_0006_0063.uasset" 9831
"../../../Engine/Content/EngineMaterials/Substrate/Glints2/dict_0006_0060.uasset" 9832
"/Engine/EngineMaterials/Substrate/Glints2/dict_0006_0038" 9833
"/Engine/EngineMaterials/Substrate/Glints2/dict_0006_0037" 9834
"/Engine/EngineMaterials/Substrate/Glints2/dict_0006_0036" 9835
"/Engine/EngineMaterials/Substrate/Glints2/dict_0006_0035" 9836
"/Engine/EngineMaterials/Substrate/Glints2/dict_0006_0034" 9837
"/Engine/EngineMaterials/Substrate/Glints2/dict_0006_0033" 9838
"/Engine/EngineMaterials/Substrate/Glints2/dict_0006_0032" 9839
"/Engine/EngineMaterials/Substrate/Glints2/dict_0006_0063" 9840
"../../../Engine/Content/EngineMaterials/Substrate/Glints2/dict_0006_0064.uasset" 9841
"../../../Engine/Content/EngineMaterials/Substrate/Glints2/dict_0006_0066.uasset" 9842
"../../../Engine/Content/EngineMaterials/Substrate/Glints2/dict_0006_0067.uasset" 9843
"../../../Engine/Content/EngineMaterials/Substrate/Glints2/dict_0006_0070.uasset" 9844
"../../../Engine/Content/EngineMaterials/Substrate/Glints2/dict_0006_0065.uasset" 9845
"../../../Engine/Content/EngineMaterials/Substrate/Glints2/dict_0006_0071.uasset" 9846
"../../../Engine/Content/EngineMaterials/Substrate/Glints2/dict_0006_0072.uasset" 9847
"../../../Engine/Content/EngineMaterials/Substrate/Glints2/dict_0006_0069.uasset" 9848
"../../../Engine/Content/EngineMaterials/Substrate/Glints2/dict_0006_0068.uasset" 9849
"/Engine/EngineMaterials/Substrate/Glints2/dict_0006_0062" 9850
"/Engine/EngineMaterials/Substrate/Glints2/dict_0006_0061" 9851
"/Engine/EngineMaterials/Substrate/Glints2/dict_0006_0060" 9852
"/Engine/EngineMaterials/Substrate/Glints2/dict_0006_0059" 9853
"/Engine/EngineMaterials/Substrate/Glints2/dict_0006_0058" 9854
"/Engine/EngineMaterials/Substrate/Glints2/dict_0006_0057" 9855
"/Engine/EngineMaterials/Substrate/Glints2/dict_0006_0056" 9856
"/Engine/EngineMaterials/Substrate/Glints2/dict_0006_0055" 9857
"/Engine/EngineMaterials/Substrate/Glints2/dict_0006_0054" 9858
"/Engine/EngineMaterials/Substrate/Glints2/dict_0006_0053" 9859
"/Engine/EngineMaterials/Substrate/Glints2/dict_0006_0052" 9860
"/Engine/EngineMaterials/Substrate/Glints2/dict_0006_0051" 9861
"/Engine/EngineMaterials/Substrate/Glints2/dict_0006_0050" 9862
"/Engine/EngineMaterials/Substrate/Glints2/dict_0006_0049" 9863
"/Engine/EngineMaterials/Substrate/Glints2/dict_0006_0048" 9864
"/Engine/EngineMaterials/Substrate/Glints2/dict_0006_0047" 9865
"/Engine/EngineMaterials/Substrate/Glints2/dict_0006_0046" 9866
"/Engine/EngineMaterials/Substrate/Glints2/dict_0006_0045" 9867
"/Engine/EngineMaterials/Substrate/Glints2/dict_0006_0044" 9868
"/Engine/EngineMaterials/Substrate/Glints2/dict_0006_0043" 9869
"/Engine/EngineMaterials/Substrate/Glints2/dict_0006_0042" 9870
"/Engine/EngineMaterials/Substrate/Glints2/dict_0006_0041" 9871
"/Engine/EngineMaterials/Substrate/Glints2/dict_0006_0072" 9872
"../../../Engine/Content/EngineMaterials/Substrate/Glints2/dict_0006_0073.uasset" 9873
"../../../Engine/Content/EngineMaterials/Substrate/Glints2/dict_0006_0074.uasset" 9874
"../../../Engine/Content/EngineMaterials/Substrate/Glints2/dict_0006_0075.uasset" 9875
"../../../Engine/Content/EngineMaterials/Substrate/Glints2/dict_0006_0079.uasset" 9876
"../../../Engine/Content/EngineMaterials/Substrate/Glints2/dict_0006_0077.uasset" 9877
"../../../Engine/Content/EngineMaterials/Substrate/Glints2/dict_0006_0076.uasset" 9878
"../../../Engine/Content/EngineMaterials/Substrate/Glints2/dict_0006_0078.uasset" 9879
"../../../Engine/Content/EngineMaterials/Substrate/Glints2/dict_0006_0080.uasset" 9880
"../../../Engine/Content/EngineMaterials/Substrate/Glints2/dict_0006_0081.uasset" 9881
"../../../Engine/Content/EngineMaterials/Substrate/Glints2/dict_0006_0083.uasset" 9882
"../../../Engine/Content/EngineMaterials/Substrate/Glints2/dict_0006_0082.uasset" 9883
"../../../Engine/Content/EngineMaterials/Substrate/Glints2/dict_0006_0086.uasset" 9884
"../../../Engine/Content/EngineMaterials/Substrate/Glints2/dict_0006_0085.uasset" 9885
"/Engine/EngineMaterials/Substrate/Glints2/dict_0006_0071" 9886
"../../../Engine/Content/EngineMaterials/Substrate/Glints2/dict_0006_0084.uasset" 9887
"../../../Engine/Content/EngineMaterials/Substrate/Glints2/dict_0006_0091.uasset" 9888
"../../../Engine/Content/EngineMaterials/Substrate/Glints2/dict_0006_0088.uasset" 9889
"../../../Engine/Content/EngineMaterials/Substrate/Glints2/dict_0006_0090.uasset" 9890
"../../../Engine/Content/EngineMaterials/Substrate/Glints2/dict_0006_0087.uasset" 9891
"../../../Engine/Content/EngineMaterials/Substrate/Glints2/dict_0006_0093.uasset" 9892
"../../../Engine/Content/EngineMaterials/Substrate/Glints2/dict_0006_0092.uasset" 9893
"../../../Engine/Content/EngineMaterials/Substrate/Glints2/dict_0006_0094.uasset" 9894
"../../../Engine/Content/EngineMaterials/Substrate/Glints2/dict_0006_0095.uasset" 9895
"../../../Engine/Content/EngineMaterials/Substrate/Glints2/dict_0006_0089.uasset" 9896
"/Engine/EngineMaterials/Substrate/Glints2/dict_0006_0070" 9897
"/Engine/EngineMaterials/Substrate/Glints2/dict_0006_0069" 9898
"/Engine/EngineMaterials/Substrate/Glints2/dict_0006_0068" 9899
"/Engine/EngineMaterials/Substrate/Glints2/dict_0006_0067" 9900
"/Engine/EngineMaterials/Substrate/Glints2/dict_0006_0066" 9901
"/Engine/EngineMaterials/Substrate/Glints2/dict_0006_0065" 9902
"/Engine/EngineMaterials/Substrate/Glints2/dict_0006_0064" 9903
"/Engine/EngineMaterials/Substrate/Glints2/dict_0006_0095" 9904
"../../../Engine/Content/EngineMaterials/Substrate/Glints2/dict_0006_0098.uasset" 9905
"../../../Engine/Content/EngineMaterials/Substrate/Glints2/dict_0006_0097.uasset" 9906
"../../../Engine/Content/EngineMaterials/Substrate/Glints2/dict_0006_0096.uasset" 9907
"../../../Engine/Content/EngineMaterials/Substrate/Glints2/dict_0006_0100.uasset" 9908
"../../../Engine/Content/EngineMaterials/Substrate/Glints2/dict_0006_0101.uasset" 9909
"../../../Engine/Content/EngineMaterials/Substrate/Glints2/dict_0006_0104.uasset" 9910
"../../../Engine/Content/EngineMaterials/Substrate/Glints2/dict_0006_0102.uasset" 9911
"../../../Engine/Content/EngineMaterials/Substrate/Glints2/dict_0006_0103.uasset" 9912
"../../../Engine/Content/EngineMaterials/Substrate/Glints2/dict_0006_0099.uasset" 9913
"/Engine/EngineMaterials/Substrate/Glints2/dict_0006_0094" 9914
"/Engine/EngineMaterials/Substrate/Glints2/dict_0006_0093" 9915
"/Engine/EngineMaterials/Substrate/Glints2/dict_0006_0092" 9916
"/Engine/EngineMaterials/Substrate/Glints2/dict_0006_0091" 9917
"/Engine/EngineMaterials/Substrate/Glints2/dict_0006_0090" 9918
"/Engine/EngineMaterials/Substrate/Glints2/dict_0006_0089" 9919
"/Engine/EngineMaterials/Substrate/Glints2/dict_0006_0088" 9920
"/Engine/EngineMaterials/Substrate/Glints2/dict_0006_0087" 9921
"/Engine/EngineMaterials/Substrate/Glints2/dict_0006_0086" 9922
"/Engine/EngineMaterials/Substrate/Glints2/dict_0006_0085" 9923
"/Engine/EngineMaterials/Substrate/Glints2/dict_0006_0084" 9924
"/Engine/EngineMaterials/Substrate/Glints2/dict_0006_0083" 9925
"/Engine/EngineMaterials/Substrate/Glints2/dict_0006_0082" 9926
"/Engine/EngineMaterials/Substrate/Glints2/dict_0006_0081" 9927
"/Engine/EngineMaterials/Substrate/Glints2/dict_0006_0080" 9928
"/Engine/EngineMaterials/Substrate/Glints2/dict_0006_0079" 9929
"/Engine/EngineMaterials/Substrate/Glints2/dict_0006_0078" 9930
"/Engine/EngineMaterials/Substrate/Glints2/dict_0006_0077" 9931
"/Engine/EngineMaterials/Substrate/Glints2/dict_0006_0076" 9932
"/Engine/EngineMaterials/Substrate/Glints2/dict_0006_0075" 9933
"/Engine/EngineMaterials/Substrate/Glints2/dict_0006_0074" 9934
"/Engine/EngineMaterials/Substrate/Glints2/dict_0006_0073" 9935
"/Engine/EngineMaterials/Substrate/Glints2/dict_0006_0104" 9936
"../../../Engine/Content/EngineMaterials/Substrate/Glints2/dict_0006_0106.uasset" 9937
"../../../Engine/Content/EngineMaterials/Substrate/Glints2/dict_0006_0105.uasset" 9938
"../../../Engine/Content/EngineMaterials/Substrate/Glints2/dict_0006_0107.uasset" 9939
"../../../Engine/Content/EngineMaterials/Substrate/Glints2/dict_0006_0108.uasset" 9940
"../../../Engine/Content/EngineMaterials/Substrate/Glints2/dict_0006_0109.uasset" 9941
"../../../Engine/Content/EngineMaterials/Substrate/Glints2/dict_0006_0111.uasset" 9942
"../../../Engine/Content/EngineMaterials/Substrate/Glints2/dict_0006_0114.uasset" 9943
"../../../Engine/Content/EngineMaterials/Substrate/Glints2/dict_0006_0110.uasset" 9944
"../../../Engine/Content/EngineMaterials/Substrate/Glints2/dict_0006_0113.uasset" 9945
"../../../Engine/Content/EngineMaterials/Substrate/Glints2/dict_0006_0112.uasset" 9946
"../../../Engine/Content/EngineMaterials/Substrate/Glints2/dict_0006_0115.uasset" 9947
"../../../Engine/Content/EngineMaterials/Substrate/Glints2/dict_0006_0117.uasset" 9948
"../../../Engine/Content/EngineMaterials/Substrate/Glints2/dict_0006_0116.uasset" 9949
"/Engine/EngineMaterials/Substrate/Glints2/dict_0006_0103" 9950
"../../../Engine/Content/EngineMaterials/Substrate/Glints2/dict_0006_0118.uasset" 9951
"../../../Engine/Content/EngineMaterials/Substrate/Glints2/dict_0006_0119.uasset" 9952
"../../../Engine/Content/EngineMaterials/Substrate/Glints2/dict_0006_0121.uasset" 9953
"../../../Engine/Content/EngineMaterials/Substrate/Glints2/dict_0006_0123.uasset" 9954
"../../../Engine/Content/EngineMaterials/Substrate/Glints2/dict_0006_0120.uasset" 9955
"../../../Engine/Content/EngineMaterials/Substrate/Glints2/dict_0006_0124.uasset" 9956
"../../../Engine/Content/EngineMaterials/Substrate/Glints2/dict_0006_0125.uasset" 9957
"../../../Engine/Content/EngineMaterials/Substrate/Glints2/dict_0006_0126.uasset" 9958
"../../../Engine/Content/EngineMaterials/Substrate/Glints2/dict_0006_0127.uasset" 9959
"../../../Engine/Content/EngineMaterials/Substrate/Glints2/dict_0006_0122.uasset" 9960
"/Engine/EngineMaterials/Substrate/Glints2/dict_0006_0102" 9961
"/Engine/EngineMaterials/Substrate/Glints2/dict_0006_0101" 9962
"/Engine/EngineMaterials/Substrate/Glints2/dict_0006_0100" 9963
"/Engine/EngineMaterials/Substrate/Glints2/dict_0006_0099" 9964
"/Engine/EngineMaterials/Substrate/Glints2/dict_0006_0098" 9965
"/Engine/EngineMaterials/Substrate/Glints2/dict_0006_0097" 9966
"/Engine/EngineMaterials/Substrate/Glints2/dict_0006_0096" 9967
"/Engine/EngineMaterials/Substrate/Glints2/dict_0006_0127" 9968
"../../../Engine/Content/EngineMaterials/Substrate/Glints2/dict_0006_0128.uasset" 9969
"../../../Engine/Content/EngineMaterials/Substrate/Glints2/dict_0006_0129.uasset" 9970
"../../../Engine/Content/EngineMaterials/Substrate/Glints2/dict_0006_0130.uasset" 9971
"../../../Engine/Content/EngineMaterials/Substrate/Glints2/dict_0006_0131.uasset" 9972
"../../../Engine/Content/EngineMaterials/Substrate/Glints2/dict_0006_0135.uasset" 9973
"../../../Engine/Content/EngineMaterials/Substrate/Glints2/dict_0006_0132.uasset" 9974
"../../../Engine/Content/EngineMaterials/Substrate/Glints2/dict_0006_0134.uasset" 9975
"../../../Engine/Content/EngineMaterials/Substrate/Glints2/dict_0006_0133.uasset" 9976
"../../../Engine/Content/EngineMaterials/Substrate/Glints2/dict_0006_0136.uasset" 9977
"/Engine/EngineMaterials/Substrate/Glints2/dict_0006_0126" 9978
"/Engine/EngineMaterials/Substrate/Glints2/dict_0006_0125" 9979
"/Engine/EngineMaterials/Substrate/Glints2/dict_0006_0124" 9980
"/Engine/EngineMaterials/Substrate/Glints2/dict_0006_0123" 9981
"/Engine/EngineMaterials/Substrate/Glints2/dict_0006_0122" 9982
"/Engine/EngineMaterials/Substrate/Glints2/dict_0006_0121" 9983
"/Engine/EngineMaterials/Substrate/Glints2/dict_0006_0120" 9984
"/Engine/EngineMaterials/Substrate/Glints2/dict_0006_0119" 9985
"/Engine/EngineMaterials/Substrate/Glints2/dict_0006_0118" 9986
"/Engine/EngineMaterials/Substrate/Glints2/dict_0006_0117" 9987
"/Engine/EngineMaterials/Substrate/Glints2/dict_0006_0116" 9988
"/Engine/EngineMaterials/Substrate/Glints2/dict_0006_0115" 9989
"/Engine/EngineMaterials/Substrate/Glints2/dict_0006_0114" 9990
"/Engine/EngineMaterials/Substrate/Glints2/dict_0006_0113" 9991
"/Engine/EngineMaterials/Substrate/Glints2/dict_0006_0112" 9992
"/Engine/EngineMaterials/Substrate/Glints2/dict_0006_0111" 9993
"/Engine/EngineMaterials/Substrate/Glints2/dict_0006_0110" 9994
"/Engine/EngineMaterials/Substrate/Glints2/dict_0006_0109" 9995
"/Engine/EngineMaterials/Substrate/Glints2/dict_0006_0108" 9996
"/Engine/EngineMaterials/Substrate/Glints2/dict_0006_0107" 9997
"/Engine/EngineMaterials/Substrate/Glints2/dict_0006_0106" 9998
"/Engine/EngineMaterials/Substrate/Glints2/dict_0006_0105" 9999
"/Engine/EngineMaterials/Substrate/Glints2/dict_0006_0136" 10000
"../../../Engine/Content/EngineMaterials/Substrate/Glints2/dict_0006_0137.uasset" 10001
"../../../Engine/Content/EngineMaterials/Substrate/Glints2/dict_0006_0139.uasset" 10002
"../../../Engine/Content/EngineMaterials/Substrate/Glints2/dict_0006_0138.uasset" 10003
"../../../Engine/Content/EngineMaterials/Substrate/Glints2/dict_0006_0142.uasset" 10004
"../../../Engine/Content/EngineMaterials/Substrate/Glints2/dict_0006_0145.uasset" 10005
"../../../Engine/Content/EngineMaterials/Substrate/Glints2/dict_0006_0140.uasset" 10006
"../../../Engine/Content/EngineMaterials/Substrate/Glints2/dict_0006_0144.uasset" 10007
"../../../Engine/Content/EngineMaterials/Substrate/Glints2/dict_0006_0146.uasset" 10008
"../../../Engine/Content/EngineMaterials/Substrate/Glints2/dict_0006_0143.uasset" 10009
"../../../Engine/Content/EngineMaterials/Substrate/Glints2/dict_0006_0141.uasset" 10010
"../../../Engine/Content/EngineMaterials/Substrate/Glints2/dict_0006_0147.uasset" 10011
"../../../Engine/Content/EngineMaterials/Substrate/Glints2/dict_0006_0148.uasset" 10012
"../../../Engine/Content/EngineMaterials/Substrate/Glints2/dict_0006_0151.uasset" 10013
"../../../Engine/Content/EngineMaterials/Substrate/Glints2/dict_0006_0149.uasset" 10014
"../../../Engine/Content/EngineMaterials/Substrate/Glints2/dict_0006_0150.uasset" 10015
"../../../Engine/Content/EngineMaterials/Substrate/Glints2/dict_0006_0152.uasset" 10016
"/Engine/EngineMaterials/Substrate/Glints2/dict_0006_0135" 10017
"../../../Engine/Content/EngineMaterials/Substrate/Glints2/dict_0006_0153.uasset" 10018
"../../../Engine/Content/EngineMaterials/Substrate/Glints2/dict_0006_0154.uasset" 10019
"../../../Engine/Content/EngineMaterials/Substrate/Glints2/dict_0006_0155.uasset" 10020
"../../../Engine/Content/EngineMaterials/Substrate/Glints2/dict_0006_0156.uasset" 10021
"../../../Engine/Content/EngineMaterials/Substrate/Glints2/dict_0006_0158.uasset" 10022
"../../../Engine/Content/EngineMaterials/Substrate/Glints2/dict_0006_0159.uasset" 10023
"../../../Engine/Content/EngineMaterials/Substrate/Glints2/dict_0006_0157.uasset" 10024
"/Engine/EngineMaterials/Substrate/Glints2/dict_0006_0134" 10025
"/Engine/EngineMaterials/Substrate/Glints2/dict_0006_0133" 10026
"/Engine/EngineMaterials/Substrate/Glints2/dict_0006_0132" 10027
"/Engine/EngineMaterials/Substrate/Glints2/dict_0006_0131" 10028
"/Engine/EngineMaterials/Substrate/Glints2/dict_0006_0130" 10029
"/Engine/EngineMaterials/Substrate/Glints2/dict_0006_0129" 10030
"/Engine/EngineMaterials/Substrate/Glints2/dict_0006_0128" 10031
"/Engine/EngineMaterials/Substrate/Glints2/dict_0006_0159" 10032
"../../../Engine/Content/EngineMaterials/Substrate/Glints2/dict_0006_0162.uasset" 10033
"../../../Engine/Content/EngineMaterials/Substrate/Glints2/dict_0006_0161.uasset" 10034
"../../../Engine/Content/EngineMaterials/Substrate/Glints2/dict_0006_0163.uasset" 10035
"../../../Engine/Content/EngineMaterials/Substrate/Glints2/dict_0006_0160.uasset" 10036
"../../../Engine/Content/EngineMaterials/Substrate/Glints2/dict_0006_0166.uasset" 10037
"../../../Engine/Content/EngineMaterials/Substrate/Glints2/dict_0006_0165.uasset" 10038
"../../../Engine/Content/EngineMaterials/Substrate/Glints2/dict_0006_0168.uasset" 10039
"../../../Engine/Content/EngineMaterials/Substrate/Glints2/dict_0006_0164.uasset" 10040
"../../../Engine/Content/EngineMaterials/Substrate/Glints2/dict_0006_0167.uasset" 10041
"/Engine/EngineMaterials/Substrate/Glints2/dict_0006_0158" 10042
"/Engine/EngineMaterials/Substrate/Glints2/dict_0006_0157" 10043
"/Engine/EngineMaterials/Substrate/Glints2/dict_0006_0156" 10044
"/Engine/EngineMaterials/Substrate/Glints2/dict_0006_0155" 10045
"/Engine/EngineMaterials/Substrate/Glints2/dict_0006_0154" 10046
"/Engine/EngineMaterials/Substrate/Glints2/dict_0006_0153" 10047
"/Engine/EngineMaterials/Substrate/Glints2/dict_0006_0152" 10048
"/Engine/EngineMaterials/Substrate/Glints2/dict_0006_0151" 10049
"/Engine/EngineMaterials/Substrate/Glints2/dict_0006_0150" 10050
"/Engine/EngineMaterials/Substrate/Glints2/dict_0006_0149" 10051
"/Engine/EngineMaterials/Substrate/Glints2/dict_0006_0148" 10052
"/Engine/EngineMaterials/Substrate/Glints2/dict_0006_0147" 10053
"/Engine/EngineMaterials/Substrate/Glints2/dict_0006_0146" 10054
"/Engine/EngineMaterials/Substrate/Glints2/dict_0006_0145" 10055
"/Engine/EngineMaterials/Substrate/Glints2/dict_0006_0144" 10056
"/Engine/EngineMaterials/Substrate/Glints2/dict_0006_0143" 10057
"/Engine/EngineMaterials/Substrate/Glints2/dict_0006_0142" 10058
"/Engine/EngineMaterials/Substrate/Glints2/dict_0006_0141" 10059
"/Engine/EngineMaterials/Substrate/Glints2/dict_0006_0140" 10060
"/Engine/EngineMaterials/Substrate/Glints2/dict_0006_0139" 10061
"/Engine/EngineMaterials/Substrate/Glints2/dict_0006_0138" 10062
"/Engine/EngineMaterials/Substrate/Glints2/dict_0006_0137" 10063
"/Engine/EngineMaterials/Substrate/Glints2/dict_0006_0168" 10064
"../../../Engine/Content/EngineMaterials/Substrate/Glints2/dict_0006_0172.uasset" 10065
"../../../Engine/Content/EngineMaterials/Substrate/Glints2/dict_0006_0169.uasset" 10066
"../../../Engine/Content/EngineMaterials/Substrate/Glints2/dict_0006_0176.uasset" 10067
"../../../Engine/Content/EngineMaterials/Substrate/Glints2/dict_0006_0177.uasset" 10068
"../../../Engine/Content/EngineMaterials/Substrate/Glints2/dict_0006_0170.uasset" 10069
"../../../Engine/Content/EngineMaterials/Substrate/Glints2/dict_0006_0175.uasset" 10070
"../../../Engine/Content/EngineMaterials/Substrate/Glints2/dict_0006_0178.uasset" 10071
"../../../Engine/Content/EngineMaterials/Substrate/Glints2/dict_0006_0174.uasset" 10072
"../../../Engine/Content/EngineMaterials/Substrate/Glints2/dict_0006_0173.uasset" 10073
"../../../Engine/Content/EngineMaterials/Substrate/Glints2/dict_0006_0171.uasset" 10074
"/Engine/EngineMaterials/Substrate/Glints2/dict_0006_0167" 10075
"../../../Engine/Content/EngineMaterials/Substrate/Glints2/dict_0006_0179.uasset" 10076
"../../../Engine/Content/EngineMaterials/Substrate/Glints2/dict_0006_0180.uasset" 10077
"../../../Engine/Content/EngineMaterials/Substrate/Glints2/dict_0006_0182.uasset" 10078
"../../../Engine/Content/EngineMaterials/Substrate/Glints2/dict_0006_0184.uasset" 10079
"../../../Engine/Content/EngineMaterials/Substrate/Glints2/dict_0006_0186.uasset" 10080
"../../../Engine/Content/EngineMaterials/Substrate/Glints2/dict_0006_0188.uasset" 10081
"../../../Engine/Content/EngineMaterials/Substrate/Glints2/dict_0006_0187.uasset" 10082
"../../../Engine/Content/EngineMaterials/Substrate/Glints2/dict_0006_0185.uasset" 10083
"../../../Engine/Content/EngineMaterials/Substrate/Glints2/dict_0006_0189.uasset" 10084
"../../../Engine/Content/EngineMaterials/Substrate/Glints2/dict_0006_0181.uasset" 10085
"../../../Engine/Content/EngineMaterials/Substrate/Glints2/dict_0006_0183.uasset" 10086
"../../../Engine/Content/EngineMaterials/Substrate/Glints2/dict_0006_0191.uasset" 10087
"../../../Engine/Content/EngineMaterials/Substrate/Glints2/dict_0006_0190.uasset" 10088
"/Engine/EngineMaterials/Substrate/Glints2/dict_0006_0166" 10089
"/Engine/EngineMaterials/Substrate/Glints2/dict_0006_0165" 10090
"/Engine/EngineMaterials/Substrate/Glints2/dict_0006_0164" 10091
"/Engine/EngineMaterials/Substrate/Glints2/dict_0006_0163" 10092
"/Engine/EngineMaterials/Substrate/Glints2/dict_0006_0162" 10093
"/Engine/EngineMaterials/Substrate/Glints2/dict_0006_0161" 10094
"/Engine/EngineMaterials/Substrate/Glints2/dict_0006_0160" 10095
"/Engine/EngineMaterials/Substrate/Glints2/dict_0006_0191" 10096
"../../../Engine/Content/EngineMaterials/Substrate/Glints2/dict_0006_0192.uasset" 10097
"../../../Engine/Content/EngineMaterials/Substrate/Glints2/dict_0006_0193.uasset" 10098
"../../../Engine/Content/EngineMaterials/Substrate/Glints2/dict_0006_0194.uasset" 10099
"../../../Engine/Content/EngineMaterials/Substrate/Glints2/dict_0006_0195.uasset" 10100
"../../../Engine/Content/EngineMaterials/Substrate/Glints2/dict_0006_0198.uasset" 10101
"../../../Engine/Content/EngineMaterials/Substrate/Glints2/dict_0006_0200.uasset" 10102
"../../../Engine/Content/EngineMaterials/Substrate/Glints2/dict_0006_0197.uasset" 10103
"../../../Engine/Content/EngineMaterials/Substrate/Glints2/dict_0006_0199.uasset" 10104
"../../../Engine/Content/EngineMaterials/Substrate/Glints2/dict_0006_0196.uasset" 10105
"/Engine/EngineMaterials/Substrate/Glints2/dict_0006_0190" 10106
"/Engine/EngineMaterials/Substrate/Glints2/dict_0006_0189" 10107
"/Engine/EngineMaterials/Substrate/Glints2/dict_0006_0188" 10108
"/Engine/EngineMaterials/Substrate/Glints2/dict_0006_0187" 10109
"/Engine/EngineMaterials/Substrate/Glints2/dict_0006_0186" 10110
"/Engine/EngineMaterials/Substrate/Glints2/dict_0006_0185" 10111
"/Engine/EngineMaterials/Substrate/Glints2/dict_0006_0184" 10112
"/Engine/EngineMaterials/Substrate/Glints2/dict_0006_0183" 10113
"/Engine/EngineMaterials/Substrate/Glints2/dict_0006_0182" 10114
"/Engine/EngineMaterials/Substrate/Glints2/dict_0006_0181" 10115
"/Engine/EngineMaterials/Substrate/Glints2/dict_0006_0180" 10116
"/Engine/EngineMaterials/Substrate/Glints2/dict_0006_0179" 10117
"/Engine/EngineMaterials/Substrate/Glints2/dict_0006_0178" 10118
"/Engine/EngineMaterials/Substrate/Glints2/dict_0006_0177" 10119
"/Engine/EngineMaterials/Substrate/Glints2/dict_0006_0176" 10120
"/Engine/EngineMaterials/Substrate/Glints2/dict_0006_0175" 10121
"/Engine/EngineMaterials/Substrate/Glints2/dict_0006_0174" 10122
"/Engine/EngineMaterials/Substrate/Glints2/dict_0006_0173" 10123
"/Engine/EngineMaterials/Substrate/Glints2/dict_0006_0172" 10124
"/Engine/EngineMaterials/Substrate/Glints2/dict_0006_0171" 10125
"/Engine/EngineMaterials/Substrate/Glints2/dict_0006_0170" 10126
"/Engine/EngineMaterials/Substrate/Glints2/dict_0006_0169" 10127
"/Engine/EngineMaterials/Substrate/Glints2/dict_0006_0200" 10128
"../../../Engine/Content/EngineMaterials/Substrate/Glints2/dict_0006_0201.uasset" 10129
"../../../Engine/Content/EngineMaterials/Substrate/Glints2/dict_0006_0204.uasset" 10130
"../../../Engine/Content/EngineMaterials/Substrate/Glints2/dict_0006_0202.uasset" 10131
"../../../Engine/Content/EngineMaterials/Substrate/Glints2/dict_0006_0206.uasset" 10132
"../../../Engine/Content/EngineMaterials/Substrate/Glints2/dict_0006_0209.uasset" 10133
"../../../Engine/Content/EngineMaterials/Substrate/Glints2/dict_0006_0205.uasset" 10134
"../../../Engine/Content/EngineMaterials/Substrate/Glints2/dict_0006_0207.uasset" 10135
"../../../Engine/Content/EngineMaterials/Substrate/Glints2/dict_0006_0203.uasset" 10136
"../../../Engine/Content/EngineMaterials/Substrate/Glints2/dict_0006_0208.uasset" 10137
"../../../Engine/Content/EngineMaterials/Substrate/Glints2/dict_0006_0210.uasset" 10138
"../../../Engine/Content/EngineMaterials/Substrate/Glints2/dict_0006_0211.uasset" 10139
"/Engine/EngineMaterials/Substrate/Glints2/dict_0006_0199" 10140
"../../../Engine/Content/EngineMaterials/Substrate/Glints2/dict_0006_0212.uasset" 10141
"../../../Engine/Content/EngineMaterials/Substrate/Glints2/dict_0006_0213.uasset" 10142
"../../../Engine/Content/EngineMaterials/Substrate/Glints2/dict_0006_0214.uasset" 10143
"../../../Engine/Content/EngineMaterials/Substrate/Glints2/dict_0006_0215.uasset" 10144
"../../../Engine/Content/EngineMaterials/Substrate/Glints2/dict_0006_0216.uasset" 10145
"../../../Engine/Content/EngineMaterials/Substrate/Glints2/dict_0006_0217.uasset" 10146
"../../../Engine/Content/EngineMaterials/Substrate/Glints2/dict_0006_0219.uasset" 10147
"../../../Engine/Content/EngineMaterials/Substrate/Glints2/dict_0006_0220.uasset" 10148
"../../../Engine/Content/EngineMaterials/Substrate/Glints2/dict_0006_0221.uasset" 10149
"../../../Engine/Content/EngineMaterials/Substrate/Glints2/dict_0006_0218.uasset" 10150
"../../../Engine/Content/EngineMaterials/Substrate/Glints2/dict_0006_0222.uasset" 10151
"../../../Engine/Content/EngineMaterials/Substrate/Glints2/dict_0006_0223.uasset" 10152
"/Engine/EngineMaterials/Substrate/Glints2/dict_0006_0198" 10153
"/Engine/EngineMaterials/Substrate/Glints2/dict_0006_0197" 10154
"/Engine/EngineMaterials/Substrate/Glints2/dict_0006_0196" 10155
"/Engine/EngineMaterials/Substrate/Glints2/dict_0006_0195" 10156
"/Engine/EngineMaterials/Substrate/Glints2/dict_0006_0194" 10157
"/Engine/EngineMaterials/Substrate/Glints2/dict_0006_0193" 10158
"/Engine/EngineMaterials/Substrate/Glints2/dict_0006_0192" 10159
"../../../Engine/Content/EngineMaterials/Substrate/Glints2/dict_0006_0224.uasset" 10160
"../../../Engine/Content/EngineMaterials/Substrate/Glints2/dict_0006_0225.uasset" 10161
"/Engine/EngineMaterials/Substrate/Glints2/dict_0006_0223" 10162
"../../../Engine/Content/EngineMaterials/Substrate/Glints2/dict_0006_0226.uasset" 10163
"../../../Engine/Content/EngineMaterials/Substrate/Glints2/dict_0006_0227.uasset" 10164
"../../../Engine/Content/EngineMaterials/Substrate/Glints2/dict_0006_0229.uasset" 10165
"../../../Engine/Content/EngineMaterials/Substrate/Glints2/dict_0006_0228.uasset" 10166
"../../../Engine/Content/EngineMaterials/Substrate/Glints2/dict_0006_0230.uasset" 10167
"../../../Engine/Content/EngineMaterials/Substrate/Glints2/dict_0006_0232.uasset" 10168
"../../../Engine/Content/EngineMaterials/Substrate/Glints2/dict_0006_0231.uasset" 10169
"/Engine/EngineMaterials/Substrate/Glints2/dict_0006_0222" 10170
"/Engine/EngineMaterials/Substrate/Glints2/dict_0006_0221" 10171
"/Engine/EngineMaterials/Substrate/Glints2/dict_0006_0220" 10172
"/Engine/EngineMaterials/Substrate/Glints2/dict_0006_0219" 10173
"/Engine/EngineMaterials/Substrate/Glints2/dict_0006_0218" 10174
"/Engine/EngineMaterials/Substrate/Glints2/dict_0006_0217" 10175
"/Engine/EngineMaterials/Substrate/Glints2/dict_0006_0216" 10176
"/Engine/EngineMaterials/Substrate/Glints2/dict_0006_0215" 10177
"/Engine/EngineMaterials/Substrate/Glints2/dict_0006_0214" 10178
"/Engine/EngineMaterials/Substrate/Glints2/dict_0006_0213" 10179
"/Engine/EngineMaterials/Substrate/Glints2/dict_0006_0212" 10180
"/Engine/EngineMaterials/Substrate/Glints2/dict_0006_0211" 10181
"/Engine/EngineMaterials/Substrate/Glints2/dict_0006_0210" 10182
"/Engine/EngineMaterials/Substrate/Glints2/dict_0006_0209" 10183
"/Engine/EngineMaterials/Substrate/Glints2/dict_0006_0208" 10184
"/Engine/EngineMaterials/Substrate/Glints2/dict_0006_0207" 10185
"/Engine/EngineMaterials/Substrate/Glints2/dict_0006_0206" 10186
"/Engine/EngineMaterials/Substrate/Glints2/dict_0006_0205" 10187
"/Engine/EngineMaterials/Substrate/Glints2/dict_0006_0204" 10188
"/Engine/EngineMaterials/Substrate/Glints2/dict_0006_0203" 10189
"/Engine/EngineMaterials/Substrate/Glints2/dict_0006_0202" 10190
"/Engine/EngineMaterials/Substrate/Glints2/dict_0006_0201" 10191
"/Engine/EngineMaterials/Substrate/Glints2/dict_0006_0232" 10192
"../../../Engine/Content/EngineMaterials/Substrate/Glints2/dict_0006_0236.uasset" 10193
"../../../Engine/Content/EngineMaterials/Substrate/Glints2/dict_0006_0235.uasset" 10194
"../../../Engine/Content/EngineMaterials/Substrate/Glints2/dict_0006_0238.uasset" 10195
"../../../Engine/Content/EngineMaterials/Substrate/Glints2/dict_0006_0234.uasset" 10196
"../../../Engine/Content/EngineMaterials/Substrate/Glints2/dict_0006_0241.uasset" 10197
"../../../Engine/Content/EngineMaterials/Substrate/Glints2/dict_0006_0240.uasset" 10198
"../../../Engine/Content/EngineMaterials/Substrate/Glints2/dict_0006_0237.uasset" 10199
"../../../Engine/Content/EngineMaterials/Substrate/Glints2/dict_0006_0233.uasset" 10200
"../../../Engine/Content/EngineMaterials/Substrate/Glints2/dict_0006_0239.uasset" 10201
"../../../Engine/Content/EngineMaterials/Substrate/Glints2/dict_0006_0243.uasset" 10202
"../../../Engine/Content/EngineMaterials/Substrate/Glints2/dict_0006_0242.uasset" 10203
"../../../Engine/Content/EngineMaterials/Substrate/Glints2/dict_0006_0244.uasset" 10204
"../../../Engine/Content/EngineMaterials/Substrate/Glints2/dict_0006_0245.uasset" 10205
"../../../Engine/Content/EngineMaterials/Substrate/Glints2/dict_0006_0246.uasset" 10206
"../../../Engine/Content/EngineMaterials/Substrate/Glints2/dict_0006_0247.uasset" 10207
"../../../Engine/Content/EngineMaterials/Substrate/Glints2/dict_0006_0249.uasset" 10208
"../../../Engine/Content/EngineMaterials/Substrate/Glints2/dict_0006_0250.uasset" 10209
"../../../Engine/Content/EngineMaterials/Substrate/Glints2/dict_0006_0253.uasset" 10210
"../../../Engine/Content/EngineMaterials/Substrate/Glints2/dict_0006_0248.uasset" 10211
"../../../Engine/Content/EngineMaterials/Substrate/Glints2/dict_0006_0252.uasset" 10212
"/Engine/EngineMaterials/Substrate/Glints2/dict_0006_0231" 10213
"../../../Engine/Content/EngineMaterials/Substrate/Glints2/dict_0006_0251.uasset" 10214
"../../../Engine/Content/EngineMaterials/Substrate/Glints2/dict_0006_0254.uasset" 10215
"../../../Engine/Content/EngineMaterials/Substrate/Glints2/dict_0006_0255.uasset" 10216
"/Engine/EngineMaterials/Substrate/Glints2/dict_0006_0230" 10217
"/Engine/EngineMaterials/Substrate/Glints2/dict_0006_0229" 10218
"/Engine/EngineMaterials/Substrate/Glints2/dict_0006_0228" 10219
"/Engine/EngineMaterials/Substrate/Glints2/dict_0006_0227" 10220
"/Engine/EngineMaterials/Substrate/Glints2/dict_0006_0226" 10221
"/Engine/EngineMaterials/Substrate/Glints2/dict_0006_0225" 10222
"/Engine/EngineMaterials/Substrate/Glints2/dict_0006_0224" 10223
"/Engine/EngineMaterials/Substrate/Glints2/dict_0006_0255" 10224
"../../../Engine/Content/EngineMaterials/Substrate/Glints2/dict_0007_0001.uasset" 10225
"../../../Engine/Content/EngineMaterials/Substrate/Glints2/dict_0007_0000.uasset" 10226
"../../../Engine/Content/EngineMaterials/Substrate/Glints2/dict_0007_0002.uasset" 10227
"../../../Engine/Content/EngineMaterials/Substrate/Glints2/dict_0007_0004.uasset" 10228
"../../../Engine/Content/EngineMaterials/Substrate/Glints2/dict_0007_0003.uasset" 10229
"../../../Engine/Content/EngineMaterials/Substrate/Glints2/dict_0007_0006.uasset" 10230
"../../../Engine/Content/EngineMaterials/Substrate/Glints2/dict_0007_0008.uasset" 10231
"../../../Engine/Content/EngineMaterials/Substrate/Glints2/dict_0007_0007.uasset" 10232
"/Engine/EngineMaterials/Substrate/Glints2/dict_0006_0254" 10233
"../../../Engine/Content/EngineMaterials/Substrate/Glints2/dict_0007_0005.uasset" 10234
"/Engine/EngineMaterials/Substrate/Glints2/dict_0006_0253" 10235
"/Engine/EngineMaterials/Substrate/Glints2/dict_0006_0252" 10236
"/Engine/EngineMaterials/Substrate/Glints2/dict_0006_0251" 10237
"/Engine/EngineMaterials/Substrate/Glints2/dict_0006_0250" 10238
"/Engine/EngineMaterials/Substrate/Glints2/dict_0006_0249" 10239
"/Engine/EngineMaterials/Substrate/Glints2/dict_0006_0248" 10240
"/Engine/EngineMaterials/Substrate/Glints2/dict_0006_0247" 10241
"/Engine/EngineMaterials/Substrate/Glints2/dict_0006_0246" 10242
"/Engine/EngineMaterials/Substrate/Glints2/dict_0006_0245" 10243
"/Engine/EngineMaterials/Substrate/Glints2/dict_0006_0244" 10244
"/Engine/EngineMaterials/Substrate/Glints2/dict_0006_0243" 10245
"/Engine/EngineMaterials/Substrate/Glints2/dict_0006_0242" 10246
"/Engine/EngineMaterials/Substrate/Glints2/dict_0006_0241" 10247
"/Engine/EngineMaterials/Substrate/Glints2/dict_0006_0240" 10248
"/Engine/EngineMaterials/Substrate/Glints2/dict_0006_0239" 10249
"/Engine/EngineMaterials/Substrate/Glints2/dict_0006_0238" 10250
"/Engine/EngineMaterials/Substrate/Glints2/dict_0006_0237" 10251
"/Engine/EngineMaterials/Substrate/Glints2/dict_0006_0236" 10252
"/Engine/EngineMaterials/Substrate/Glints2/dict_0006_0235" 10253
"/Engine/EngineMaterials/Substrate/Glints2/dict_0006_0234" 10254
"/Engine/EngineMaterials/Substrate/Glints2/dict_0006_0233" 10255
"/Engine/EngineMaterials/Substrate/Glints2/dict_0007_0008" 10256
"../../../Engine/Content/EngineMaterials/Substrate/Glints2/dict_0007_0009.uasset" 10257
"../../../Engine/Content/EngineMaterials/Substrate/Glints2/dict_0007_0013.uasset" 10258
"../../../Engine/Content/EngineMaterials/Substrate/Glints2/dict_0007_0012.uasset" 10259
"../../../Engine/Content/EngineMaterials/Substrate/Glints2/dict_0007_0017.uasset" 10260
"../../../Engine/Content/EngineMaterials/Substrate/Glints2/dict_0007_0010.uasset" 10261
"../../../Engine/Content/EngineMaterials/Substrate/Glints2/dict_0007_0014.uasset" 10262
"../../../Engine/Content/EngineMaterials/Substrate/Glints2/dict_0007_0015.uasset" 10263
"../../../Engine/Content/EngineMaterials/Substrate/Glints2/dict_0007_0016.uasset" 10264
"../../../Engine/Content/EngineMaterials/Substrate/Glints2/dict_0007_0011.uasset" 10265
"../../../Engine/Content/EngineMaterials/Substrate/Glints2/dict_0007_0018.uasset" 10266
"/Engine/EngineMaterials/Substrate/Glints2/dict_0007_0007" 10267
"../../../Engine/Content/EngineMaterials/Substrate/Glints2/dict_0007_0019.uasset" 10268
"../../../Engine/Content/EngineMaterials/Substrate/Glints2/dict_0007_0020.uasset" 10269
"../../../Engine/Content/EngineMaterials/Substrate/Glints2/dict_0007_0022.uasset" 10270
"../../../Engine/Content/EngineMaterials/Substrate/Glints2/dict_0007_0021.uasset" 10271
"../../../Engine/Content/EngineMaterials/Substrate/Glints2/dict_0007_0023.uasset" 10272
"../../../Engine/Content/EngineMaterials/Substrate/Glints2/dict_0007_0024.uasset" 10273
"../../../Engine/Content/EngineMaterials/Substrate/Glints2/dict_0007_0025.uasset" 10274
"../../../Engine/Content/EngineMaterials/Substrate/Glints2/dict_0007_0026.uasset" 10275
"../../../Engine/Content/EngineMaterials/Substrate/Glints2/dict_0007_0027.uasset" 10276
"../../../Engine/Content/EngineMaterials/Substrate/Glints2/dict_0007_0030.uasset" 10277
"../../../Engine/Content/EngineMaterials/Substrate/Glints2/dict_0007_0031.uasset" 10278
"../../../Engine/Content/EngineMaterials/Substrate/Glints2/dict_0007_0029.uasset" 10279
"../../../Engine/Content/EngineMaterials/Substrate/Glints2/dict_0007_0028.uasset" 10280
"/Engine/EngineMaterials/Substrate/Glints2/dict_0007_0006" 10281
"/Engine/EngineMaterials/Substrate/Glints2/dict_0007_0005" 10282
"/Engine/EngineMaterials/Substrate/Glints2/dict_0007_0004" 10283
"/Engine/EngineMaterials/Substrate/Glints2/dict_0007_0003" 10284
"/Engine/EngineMaterials/Substrate/Glints2/dict_0007_0002" 10285
"/Engine/EngineMaterials/Substrate/Glints2/dict_0007_0001" 10286
"/Engine/EngineMaterials/Substrate/Glints2/dict_0007_0000" 10287
"/Engine/EngineMaterials/Substrate/Glints2/dict_0007_0031" 10288
"../../../Engine/Content/EngineMaterials/Substrate/Glints2/dict_0007_0034.uasset" 10289
"../../../Engine/Content/EngineMaterials/Substrate/Glints2/dict_0007_0035.uasset" 10290
"../../../Engine/Content/EngineMaterials/Substrate/Glints2/dict_0007_0033.uasset" 10291
"../../../Engine/Content/EngineMaterials/Substrate/Glints2/dict_0007_0038.uasset" 10292
"../../../Engine/Content/EngineMaterials/Substrate/Glints2/dict_0007_0032.uasset" 10293
"../../../Engine/Content/EngineMaterials/Substrate/Glints2/dict_0007_0040.uasset" 10294
"../../../Engine/Content/EngineMaterials/Substrate/Glints2/dict_0007_0039.uasset" 10295
"../../../Engine/Content/EngineMaterials/Substrate/Glints2/dict_0007_0036.uasset" 10296
"../../../Engine/Content/EngineMaterials/Substrate/Glints2/dict_0007_0037.uasset" 10297
"/Engine/EngineMaterials/Substrate/Glints2/dict_0007_0030" 10298
"/Engine/EngineMaterials/Substrate/Glints2/dict_0007_0029" 10299
"/Engine/EngineMaterials/Substrate/Glints2/dict_0007_0028" 10300
"/Engine/EngineMaterials/Substrate/Glints2/dict_0007_0027" 10301
"/Engine/EngineMaterials/Substrate/Glints2/dict_0007_0026" 10302
"/Engine/EngineMaterials/Substrate/Glints2/dict_0007_0025" 10303
"/Engine/EngineMaterials/Substrate/Glints2/dict_0007_0024" 10304
"/Engine/EngineMaterials/Substrate/Glints2/dict_0007_0023" 10305
"/Engine/EngineMaterials/Substrate/Glints2/dict_0007_0022" 10306
"/Engine/EngineMaterials/Substrate/Glints2/dict_0007_0021" 10307
"/Engine/EngineMaterials/Substrate/Glints2/dict_0007_0020" 10308
"/Engine/EngineMaterials/Substrate/Glints2/dict_0007_0019" 10309
"/Engine/EngineMaterials/Substrate/Glints2/dict_0007_0018" 10310
"/Engine/EngineMaterials/Substrate/Glints2/dict_0007_0017" 10311
"/Engine/EngineMaterials/Substrate/Glints2/dict_0007_0016" 10312
"/Engine/EngineMaterials/Substrate/Glints2/dict_0007_0015" 10313
"/Engine/EngineMaterials/Substrate/Glints2/dict_0007_0014" 10314
"/Engine/EngineMaterials/Substrate/Glints2/dict_0007_0013" 10315
"/Engine/EngineMaterials/Substrate/Glints2/dict_0007_0012" 10316
"/Engine/EngineMaterials/Substrate/Glints2/dict_0007_0011" 10317
"/Engine/EngineMaterials/Substrate/Glints2/dict_0007_0010" 10318
"/Engine/EngineMaterials/Substrate/Glints2/dict_0007_0009" 10319
"/Engine/EngineMaterials/Substrate/Glints2/dict_0007_0040" 10320
"../../../Engine/Content/EngineMaterials/Substrate/Glints2/dict_0007_0042.uasset" 10321
"../../../Engine/Content/EngineMaterials/Substrate/Glints2/dict_0007_0044.uasset" 10322
"../../../Engine/Content/EngineMaterials/Substrate/Glints2/dict_0007_0045.uasset" 10323
"../../../Engine/Content/EngineMaterials/Substrate/Glints2/dict_0007_0041.uasset" 10324
"../../../Engine/Content/EngineMaterials/Substrate/Glints2/dict_0007_0047.uasset" 10325
"../../../Engine/Content/EngineMaterials/Substrate/Glints2/dict_0007_0043.uasset" 10326
"../../../Engine/Content/EngineMaterials/Substrate/Glints2/dict_0007_0050.uasset" 10327
"../../../Engine/Content/EngineMaterials/Substrate/Glints2/dict_0007_0046.uasset" 10328
"../../../Engine/Content/EngineMaterials/Substrate/Glints2/dict_0007_0054.uasset" 10329
"../../../Engine/Content/EngineMaterials/Substrate/Glints2/dict_0007_0052.uasset" 10330
"/Engine/EngineMaterials/Substrate/Glints2/dict_0007_0039" 10331
"../../../Engine/Content/EngineMaterials/Substrate/Glints2/dict_0007_0053.uasset" 10332
"../../../Engine/Content/EngineMaterials/Substrate/Glints2/dict_0007_0048.uasset" 10333
"../../../Engine/Content/EngineMaterials/Substrate/Glints2/dict_0007_0051.uasset" 10334
"../../../Engine/Content/EngineMaterials/Substrate/Glints2/dict_0007_0055.uasset" 10335
"../../../Engine/Content/EngineMaterials/Substrate/Glints2/dict_0007_0049.uasset" 10336
"../../../Engine/Content/EngineMaterials/Substrate/Glints2/dict_0007_0056.uasset" 10337
"../../../Engine/Content/EngineMaterials/Substrate/Glints2/dict_0007_0058.uasset" 10338
"../../../Engine/Content/EngineMaterials/Substrate/Glints2/dict_0007_0061.uasset" 10339
"../../../Engine/Content/EngineMaterials/Substrate/Glints2/dict_0007_0057.uasset" 10340
"../../../Engine/Content/EngineMaterials/Substrate/Glints2/dict_0007_0059.uasset" 10341
"/Engine/EngineMaterials/Substrate/Glints2/dict_0007_0038" 10342
"../../../Engine/Content/EngineMaterials/Substrate/Glints2/dict_0007_0063.uasset" 10343
"../../../Engine/Content/EngineMaterials/Substrate/Glints2/dict_0007_0062.uasset" 10344
"../../../Engine/Content/EngineMaterials/Substrate/Glints2/dict_0007_0060.uasset" 10345
"/Engine/EngineMaterials/Substrate/Glints2/dict_0007_0037" 10346
"/Engine/EngineMaterials/Substrate/Glints2/dict_0007_0036" 10347
"/Engine/EngineMaterials/Substrate/Glints2/dict_0007_0035" 10348
"/Engine/EngineMaterials/Substrate/Glints2/dict_0007_0034" 10349
"/Engine/EngineMaterials/Substrate/Glints2/dict_0007_0033" 10350
"/Engine/EngineMaterials/Substrate/Glints2/dict_0007_0032" 10351
"/Engine/EngineMaterials/Substrate/Glints2/dict_0007_0063" 10352
"../../../Engine/Content/EngineMaterials/Substrate/Glints2/dict_0007_0064.uasset" 10353
"../../../Engine/Content/EngineMaterials/Substrate/Glints2/dict_0007_0067.uasset" 10354
"../../../Engine/Content/EngineMaterials/Substrate/Glints2/dict_0007_0068.uasset" 10355
"../../../Engine/Content/EngineMaterials/Substrate/Glints2/dict_0007_0065.uasset" 10356
"../../../Engine/Content/EngineMaterials/Substrate/Glints2/dict_0007_0066.uasset" 10357
"../../../Engine/Content/EngineMaterials/Substrate/Glints2/dict_0007_0071.uasset" 10358
"../../../Engine/Content/EngineMaterials/Substrate/Glints2/dict_0007_0072.uasset" 10359
"../../../Engine/Content/EngineMaterials/Substrate/Glints2/dict_0007_0069.uasset" 10360
"../../../Engine/Content/EngineMaterials/Substrate/Glints2/dict_0007_0070.uasset" 10361
"/Engine/EngineMaterials/Substrate/Glints2/dict_0007_0062" 10362
"/Engine/EngineMaterials/Substrate/Glints2/dict_0007_0061" 10363
"/Engine/EngineMaterials/Substrate/Glints2/dict_0007_0060" 10364
"/Engine/EngineMaterials/Substrate/Glints2/dict_0007_0059" 10365
"/Engine/EngineMaterials/Substrate/Glints2/dict_0007_0058" 10366
"/Engine/EngineMaterials/Substrate/Glints2/dict_0007_0057" 10367
"/Engine/EngineMaterials/Substrate/Glints2/dict_0007_0056" 10368
"/Engine/EngineMaterials/Substrate/Glints2/dict_0007_0055" 10369
"/Engine/EngineMaterials/Substrate/Glints2/dict_0007_0054" 10370
"/Engine/EngineMaterials/Substrate/Glints2/dict_0007_0053" 10371
"/Engine/EngineMaterials/Substrate/Glints2/dict_0007_0052" 10372
"/Engine/EngineMaterials/Substrate/Glints2/dict_0007_0051" 10373
"/Engine/EngineMaterials/Substrate/Glints2/dict_0007_0050" 10374
"/Engine/EngineMaterials/Substrate/Glints2/dict_0007_0049" 10375
"/Engine/EngineMaterials/Substrate/Glints2/dict_0007_0048" 10376
"/Engine/EngineMaterials/Substrate/Glints2/dict_0007_0047" 10377
"/Engine/EngineMaterials/Substrate/Glints2/dict_0007_0046" 10378
"/Engine/EngineMaterials/Substrate/Glints2/dict_0007_0045" 10379
"/Engine/EngineMaterials/Substrate/Glints2/dict_0007_0044" 10380
"/Engine/EngineMaterials/Substrate/Glints2/dict_0007_0043" 10381
"/Engine/EngineMaterials/Substrate/Glints2/dict_0007_0042" 10382
"/Engine/EngineMaterials/Substrate/Glints2/dict_0007_0041" 10383
"../../../Engine/Content/EngineMaterials/Substrate/Glints2/dict_0007_0075.uasset" 10384
"../../../Engine/Content/EngineMaterials/Substrate/Glints2/dict_0007_0076.uasset" 10385
"../../../Engine/Content/EngineMaterials/Substrate/Glints2/dict_0007_0073.uasset" 10386
"../../../Engine/Content/EngineMaterials/Substrate/Glints2/dict_0007_0074.uasset" 10387
"../../../Engine/Content/EngineMaterials/Substrate/Glints2/dict_0007_0079.uasset" 10388
"../../../Engine/Content/EngineMaterials/Substrate/Glints2/dict_0007_0078.uasset" 10389
"/Engine/EngineMaterials/Substrate/Glints2/dict_0007_0072" 10390
"../../../Engine/Content/EngineMaterials/Substrate/Glints2/dict_0007_0080.uasset" 10391
"../../../Engine/Content/EngineMaterials/Substrate/Glints2/dict_0007_0083.uasset" 10392
"../../../Engine/Content/EngineMaterials/Substrate/Glints2/dict_0007_0077.uasset" 10393
"../../../Engine/Content/EngineMaterials/Substrate/Glints2/dict_0007_0081.uasset" 10394
"../../../Engine/Content/EngineMaterials/Substrate/Glints2/dict_0007_0085.uasset" 10395
"../../../Engine/Content/EngineMaterials/Substrate/Glints2/dict_0007_0082.uasset" 10396
"../../../Engine/Content/EngineMaterials/Substrate/Glints2/dict_0007_0086.uasset" 10397
"../../../Engine/Content/EngineMaterials/Substrate/Glints2/dict_0007_0084.uasset" 10398
"../../../Engine/Content/EngineMaterials/Substrate/Glints2/dict_0007_0088.uasset" 10399
"../../../Engine/Content/EngineMaterials/Substrate/Glints2/dict_0007_0087.uasset" 10400
"../../../Engine/Content/EngineMaterials/Substrate/Glints2/dict_0007_0089.uasset" 10401
"../../../Engine/Content/EngineMaterials/Substrate/Glints2/dict_0007_0091.uasset" 10402
"../../../Engine/Content/EngineMaterials/Substrate/Glints2/dict_0007_0095.uasset" 10403
"../../../Engine/Content/EngineMaterials/Substrate/Glints2/dict_0007_0093.uasset" 10404
"../../../Engine/Content/EngineMaterials/Substrate/Glints2/dict_0007_0094.uasset" 10405
"../../../Engine/Content/EngineMaterials/Substrate/Glints2/dict_0007_0092.uasset" 10406
"../../../Engine/Content/EngineMaterials/Substrate/Glints2/dict_0007_0090.uasset" 10407
"/Engine/EngineMaterials/Substrate/Glints2/dict_0007_0071" 10408
"/Engine/EngineMaterials/Substrate/Glints2/dict_0007_0070" 10409
"/Engine/EngineMaterials/Substrate/Glints2/dict_0007_0069" 10410
"/Engine/EngineMaterials/Substrate/Glints2/dict_0007_0068" 10411
"/Engine/EngineMaterials/Substrate/Glints2/dict_0007_0067" 10412
"/Engine/EngineMaterials/Substrate/Glints2/dict_0007_0066" 10413
"/Engine/EngineMaterials/Substrate/Glints2/dict_0007_0065" 10414
"/Engine/EngineMaterials/Substrate/Glints2/dict_0007_0064" 10415
"/Engine/EngineMaterials/Substrate/Glints2/dict_0007_0095" 10416
"../../../Engine/Content/EngineMaterials/Substrate/Glints2/dict_0007_0099.uasset" 10417
"../../../Engine/Content/EngineMaterials/Substrate/Glints2/dict_0007_0096.uasset" 10418
"../../../Engine/Content/EngineMaterials/Substrate/Glints2/dict_0007_0102.uasset" 10419
"../../../Engine/Content/EngineMaterials/Substrate/Glints2/dict_0007_0103.uasset" 10420
"../../../Engine/Content/EngineMaterials/Substrate/Glints2/dict_0007_0101.uasset" 10421
"../../../Engine/Content/EngineMaterials/Substrate/Glints2/dict_0007_0097.uasset" 10422
"../../../Engine/Content/EngineMaterials/Substrate/Glints2/dict_0007_0098.uasset" 10423
"../../../Engine/Content/EngineMaterials/Substrate/Glints2/dict_0007_0100.uasset" 10424
"../../../Engine/Content/EngineMaterials/Substrate/Glints2/dict_0007_0104.uasset" 10425
"/Engine/EngineMaterials/Substrate/Glints2/dict_0007_0094" 10426
"/Engine/EngineMaterials/Substrate/Glints2/dict_0007_0093" 10427
"/Engine/EngineMaterials/Substrate/Glints2/dict_0007_0092" 10428
"/Engine/EngineMaterials/Substrate/Glints2/dict_0007_0091" 10429
"/Engine/EngineMaterials/Substrate/Glints2/dict_0007_0090" 10430
"/Engine/EngineMaterials/Substrate/Glints2/dict_0007_0089" 10431
"/Engine/EngineMaterials/Substrate/Glints2/dict_0007_0088" 10432
"/Engine/EngineMaterials/Substrate/Glints2/dict_0007_0087" 10433
"/Engine/EngineMaterials/Substrate/Glints2/dict_0007_0086" 10434
"/Engine/EngineMaterials/Substrate/Glints2/dict_0007_0085" 10435
"/Engine/EngineMaterials/Substrate/Glints2/dict_0007_0084" 10436
"/Engine/EngineMaterials/Substrate/Glints2/dict_0007_0083" 10437
"/Engine/EngineMaterials/Substrate/Glints2/dict_0007_0082" 10438
"/Engine/EngineMaterials/Substrate/Glints2/dict_0007_0081" 10439
"/Engine/EngineMaterials/Substrate/Glints2/dict_0007_0080" 10440
"/Engine/EngineMaterials/Substrate/Glints2/dict_0007_0079" 10441
"/Engine/EngineMaterials/Substrate/Glints2/dict_0007_0078" 10442
"/Engine/EngineMaterials/Substrate/Glints2/dict_0007_0077" 10443
"/Engine/EngineMaterials/Substrate/Glints2/dict_0007_0076" 10444
"/Engine/EngineMaterials/Substrate/Glints2/dict_0007_0075" 10445
"/Engine/EngineMaterials/Substrate/Glints2/dict_0007_0074" 10446
"/Engine/EngineMaterials/Substrate/Glints2/dict_0007_0073" 10447
"/Engine/EngineMaterials/Substrate/Glints2/dict_0007_0104" 10448
"../../../Engine/Content/EngineMaterials/Substrate/Glints2/dict_0007_0107.uasset" 10449
"../../../Engine/Content/EngineMaterials/Substrate/Glints2/dict_0007_0105.uasset" 10450
"../../../Engine/Content/EngineMaterials/Substrate/Glints2/dict_0007_0109.uasset" 10451
"../../../Engine/Content/EngineMaterials/Substrate/Glints2/dict_0007_0110.uasset" 10452
"../../../Engine/Content/EngineMaterials/Substrate/Glints2/dict_0007_0112.uasset" 10453
"../../../Engine/Content/EngineMaterials/Substrate/Glints2/dict_0007_0108.uasset" 10454
"../../../Engine/Content/EngineMaterials/Substrate/Glints2/dict_0007_0113.uasset" 10455
"../../../Engine/Content/EngineMaterials/Substrate/Glints2/dict_0007_0111.uasset" 10456
"../../../Engine/Content/EngineMaterials/Substrate/Glints2/dict_0007_0106.uasset" 10457
"../../../Engine/Content/EngineMaterials/Substrate/Glints2/dict_0007_0114.uasset" 10458
"../../../Engine/Content/EngineMaterials/Substrate/Glints2/dict_0007_0116.uasset" 10459
"../../../Engine/Content/EngineMaterials/Substrate/Glints2/dict_0007_0115.uasset" 10460
"../../../Engine/Content/EngineMaterials/Substrate/Glints2/dict_0007_0120.uasset" 10461
"../../../Engine/Content/EngineMaterials/Substrate/Glints2/dict_0007_0117.uasset" 10462
"../../../Engine/Content/EngineMaterials/Substrate/Glints2/dict_0007_0121.uasset" 10463
"../../../Engine/Content/EngineMaterials/Substrate/Glints2/dict_0007_0118.uasset" 10464
"/Engine/EngineMaterials/Substrate/Glints2/dict_0007_0103" 10465
"../../../Engine/Content/EngineMaterials/Substrate/Glints2/dict_0007_0123.uasset" 10466
"../../../Engine/Content/EngineMaterials/Substrate/Glints2/dict_0007_0119.uasset" 10467
"../../../Engine/Content/EngineMaterials/Substrate/Glints2/dict_0007_0122.uasset" 10468
"../../../Engine/Content/EngineMaterials/Substrate/Glints2/dict_0007_0127.uasset" 10469
"../../../Engine/Content/EngineMaterials/Substrate/Glints2/dict_0007_0124.uasset" 10470
"../../../Engine/Content/EngineMaterials/Substrate/Glints2/dict_0007_0125.uasset" 10471
"../../../Engine/Content/EngineMaterials/Substrate/Glints2/dict_0007_0126.uasset" 10472
"/Engine/EngineMaterials/Substrate/Glints2/dict_0007_0102" 10473
"/Engine/EngineMaterials/Substrate/Glints2/dict_0007_0101" 10474
"/Engine/EngineMaterials/Substrate/Glints2/dict_0007_0100" 10475
"/Engine/EngineMaterials/Substrate/Glints2/dict_0007_0099" 10476
"/Engine/EngineMaterials/Substrate/Glints2/dict_0007_0098" 10477
"/Engine/EngineMaterials/Substrate/Glints2/dict_0007_0097" 10478
"/Engine/EngineMaterials/Substrate/Glints2/dict_0007_0096" 10479
"/Engine/EngineMaterials/Substrate/Glints2/dict_0007_0127" 10480
"../../../Engine/Content/EngineMaterials/Substrate/Glints2/dict_0007_0129.uasset" 10481
"../../../Engine/Content/EngineMaterials/Substrate/Glints2/dict_0007_0131.uasset" 10482
"../../../Engine/Content/EngineMaterials/Substrate/Glints2/dict_0007_0134.uasset" 10483
"../../../Engine/Content/EngineMaterials/Substrate/Glints2/dict_0007_0133.uasset" 10484
"../../../Engine/Content/EngineMaterials/Substrate/Glints2/dict_0007_0132.uasset" 10485
"../../../Engine/Content/EngineMaterials/Substrate/Glints2/dict_0007_0135.uasset" 10486
"../../../Engine/Content/EngineMaterials/Substrate/Glints2/dict_0007_0130.uasset" 10487
"../../../Engine/Content/EngineMaterials/Substrate/Glints2/dict_0007_0128.uasset" 10488
"../../../Engine/Content/EngineMaterials/Substrate/Glints2/dict_0007_0136.uasset" 10489
"/Engine/EngineMaterials/Substrate/Glints2/dict_0007_0126" 10490
"/Engine/EngineMaterials/Substrate/Glints2/dict_0007_0125" 10491
"/Engine/EngineMaterials/Substrate/Glints2/dict_0007_0124" 10492
"/Engine/EngineMaterials/Substrate/Glints2/dict_0007_0123" 10493
"/Engine/EngineMaterials/Substrate/Glints2/dict_0007_0122" 10494
"/Engine/EngineMaterials/Substrate/Glints2/dict_0007_0121" 10495
"/Engine/EngineMaterials/Substrate/Glints2/dict_0007_0120" 10496
"/Engine/EngineMaterials/Substrate/Glints2/dict_0007_0119" 10497
"/Engine/EngineMaterials/Substrate/Glints2/dict_0007_0118" 10498
"/Engine/EngineMaterials/Substrate/Glints2/dict_0007_0117" 10499
"/Engine/EngineMaterials/Substrate/Glints2/dict_0007_0116" 10500
"/Engine/EngineMaterials/Substrate/Glints2/dict_0007_0115" 10501
"/Engine/EngineMaterials/Substrate/Glints2/dict_0007_0114" 10502
"/Engine/EngineMaterials/Substrate/Glints2/dict_0007_0113" 10503
"/Engine/EngineMaterials/Substrate/Glints2/dict_0007_0112" 10504
"/Engine/EngineMaterials/Substrate/Glints2/dict_0007_0111" 10505
"/Engine/EngineMaterials/Substrate/Glints2/dict_0007_0110" 10506
"/Engine/EngineMaterials/Substrate/Glints2/dict_0007_0109" 10507
"/Engine/EngineMaterials/Substrate/Glints2/dict_0007_0108" 10508
"/Engine/EngineMaterials/Substrate/Glints2/dict_0007_0107" 10509
"/Engine/EngineMaterials/Substrate/Glints2/dict_0007_0106" 10510
"/Engine/EngineMaterials/Substrate/Glints2/dict_0007_0105" 10511
"/Engine/EngineMaterials/Substrate/Glints2/dict_0007_0136" 10512
"../../../Engine/Content/EngineMaterials/Substrate/Glints2/dict_0007_0137.uasset" 10513
"../../../Engine/Content/EngineMaterials/Substrate/Glints2/dict_0007_0140.uasset" 10514
"../../../Engine/Content/EngineMaterials/Substrate/Glints2/dict_0007_0143.uasset" 10515
"../../../Engine/Content/EngineMaterials/Substrate/Glints2/dict_0007_0142.uasset" 10516
"../../../Engine/Content/EngineMaterials/Substrate/Glints2/dict_0007_0146.uasset" 10517
"../../../Engine/Content/EngineMaterials/Substrate/Glints2/dict_0007_0141.uasset" 10518
"../../../Engine/Content/EngineMaterials/Substrate/Glints2/dict_0007_0138.uasset" 10519
"../../../Engine/Content/EngineMaterials/Substrate/Glints2/dict_0007_0144.uasset" 10520
"../../../Engine/Content/EngineMaterials/Substrate/Glints2/dict_0007_0145.uasset" 10521
"../../../Engine/Content/EngineMaterials/Substrate/Glints2/dict_0007_0139.uasset" 10522
"/Engine/EngineMaterials/Substrate/Glints2/dict_0007_0135" 10523
"../../../Engine/Content/EngineMaterials/Substrate/Glints2/dict_0007_0148.uasset" 10524
"../../../Engine/Content/EngineMaterials/Substrate/Glints2/dict_0007_0147.uasset" 10525
"../../../Engine/Content/EngineMaterials/Substrate/Glints2/dict_0007_0149.uasset" 10526
"../../../Engine/Content/EngineMaterials/Substrate/Glints2/dict_0007_0151.uasset" 10527
"../../../Engine/Content/EngineMaterials/Substrate/Glints2/dict_0007_0152.uasset" 10528
"../../../Engine/Content/EngineMaterials/Substrate/Glints2/dict_0007_0154.uasset" 10529
"../../../Engine/Content/EngineMaterials/Substrate/Glints2/dict_0007_0155.uasset" 10530
"../../../Engine/Content/EngineMaterials/Substrate/Glints2/dict_0007_0150.uasset" 10531
"../../../Engine/Content/EngineMaterials/Substrate/Glints2/dict_0007_0153.uasset" 10532
"../../../Engine/Content/EngineMaterials/Substrate/Glints2/dict_0007_0157.uasset" 10533
"../../../Engine/Content/EngineMaterials/Substrate/Glints2/dict_0007_0159.uasset" 10534
"../../../Engine/Content/EngineMaterials/Substrate/Glints2/dict_0007_0158.uasset" 10535
"../../../Engine/Content/EngineMaterials/Substrate/Glints2/dict_0007_0156.uasset" 10536
"/Engine/EngineMaterials/Substrate/Glints2/dict_0007_0134" 10537
"/Engine/EngineMaterials/Substrate/Glints2/dict_0007_0133" 10538
"/Engine/EngineMaterials/Substrate/Glints2/dict_0007_0132" 10539
"/Engine/EngineMaterials/Substrate/Glints2/dict_0007_0131" 10540
"/Engine/EngineMaterials/Substrate/Glints2/dict_0007_0130" 10541
"/Engine/EngineMaterials/Substrate/Glints2/dict_0007_0129" 10542
"/Engine/EngineMaterials/Substrate/Glints2/dict_0007_0128" 10543
"/Engine/EngineMaterials/Substrate/Glints2/dict_0007_0159" 10544
"../../../Engine/Content/EngineMaterials/Substrate/Glints2/dict_0007_0163.uasset" 10545
"../../../Engine/Content/EngineMaterials/Substrate/Glints2/dict_0007_0165.uasset" 10546
"../../../Engine/Content/EngineMaterials/Substrate/Glints2/dict_0007_0166.uasset" 10547
"../../../Engine/Content/EngineMaterials/Substrate/Glints2/dict_0007_0167.uasset" 10548
"../../../Engine/Content/EngineMaterials/Substrate/Glints2/dict_0007_0164.uasset" 10549
"../../../Engine/Content/EngineMaterials/Substrate/Glints2/dict_0007_0168.uasset" 10550
"../../../Engine/Content/EngineMaterials/Substrate/Glints2/dict_0007_0160.uasset" 10551
"../../../Engine/Content/EngineMaterials/Substrate/Glints2/dict_0007_0162.uasset" 10552
"../../../Engine/Content/EngineMaterials/Substrate/Glints2/dict_0007_0161.uasset" 10553
"/Engine/EngineMaterials/Substrate/Glints2/dict_0007_0158" 10554
"/Engine/EngineMaterials/Substrate/Glints2/dict_0007_0157" 10555
"/Engine/EngineMaterials/Substrate/Glints2/dict_0007_0156" 10556
"/Engine/EngineMaterials/Substrate/Glints2/dict_0007_0155" 10557
"/Engine/EngineMaterials/Substrate/Glints2/dict_0007_0154" 10558
"/Engine/EngineMaterials/Substrate/Glints2/dict_0007_0153" 10559
"/Engine/EngineMaterials/Substrate/Glints2/dict_0007_0152" 10560
"/Engine/EngineMaterials/Substrate/Glints2/dict_0007_0151" 10561
"/Engine/EngineMaterials/Substrate/Glints2/dict_0007_0150" 10562
"/Engine/EngineMaterials/Substrate/Glints2/dict_0007_0149" 10563
"/Engine/EngineMaterials/Substrate/Glints2/dict_0007_0148" 10564
"/Engine/EngineMaterials/Substrate/Glints2/dict_0007_0147" 10565
"/Engine/EngineMaterials/Substrate/Glints2/dict_0007_0146" 10566
"/Engine/EngineMaterials/Substrate/Glints2/dict_0007_0145" 10567
"/Engine/EngineMaterials/Substrate/Glints2/dict_0007_0144" 10568
"/Engine/EngineMaterials/Substrate/Glints2/dict_0007_0143" 10569
"/Engine/EngineMaterials/Substrate/Glints2/dict_0007_0142" 10570
"/Engine/EngineMaterials/Substrate/Glints2/dict_0007_0141" 10571
"/Engine/EngineMaterials/Substrate/Glints2/dict_0007_0140" 10572
"/Engine/EngineMaterials/Substrate/Glints2/dict_0007_0139" 10573
"/Engine/EngineMaterials/Substrate/Glints2/dict_0007_0138" 10574
"/Engine/EngineMaterials/Substrate/Glints2/dict_0007_0137" 10575
"/Engine/EngineMaterials/Substrate/Glints2/dict_0007_0168" 10576
"../../../Engine/Content/EngineMaterials/Substrate/Glints2/dict_0007_0170.uasset" 10577
"../../../Engine/Content/EngineMaterials/Substrate/Glints2/dict_0007_0172.uasset" 10578
"../../../Engine/Content/EngineMaterials/Substrate/Glints2/dict_0007_0177.uasset" 10579
"../../../Engine/Content/EngineMaterials/Substrate/Glints2/dict_0007_0169.uasset" 10580
"../../../Engine/Content/EngineMaterials/Substrate/Glints2/dict_0007_0176.uasset" 10581
"../../../Engine/Content/EngineMaterials/Substrate/Glints2/dict_0007_0175.uasset" 10582
"../../../Engine/Content/EngineMaterials/Substrate/Glints2/dict_0007_0174.uasset" 10583
"../../../Engine/Content/EngineMaterials/Substrate/Glints2/dict_0007_0173.uasset" 10584
"../../../Engine/Content/EngineMaterials/Substrate/Glints2/dict_0007_0171.uasset" 10585
"/Engine/EngineMaterials/Substrate/Glints2/dict_0007_0167" 10586
"../../../Engine/Content/EngineMaterials/Substrate/Glints2/dict_0007_0178.uasset" 10587
"../../../Engine/Content/EngineMaterials/Substrate/Glints2/dict_0007_0184.uasset" 10588
"../../../Engine/Content/EngineMaterials/Substrate/Glints2/dict_0007_0181.uasset" 10589
"../../../Engine/Content/EngineMaterials/Substrate/Glints2/dict_0007_0180.uasset" 10590
"../../../Engine/Content/EngineMaterials/Substrate/Glints2/dict_0007_0182.uasset" 10591
"../../../Engine/Content/EngineMaterials/Substrate/Glints2/dict_0007_0179.uasset" 10592
"../../../Engine/Content/EngineMaterials/Substrate/Glints2/dict_0007_0183.uasset" 10593
"../../../Engine/Content/EngineMaterials/Substrate/Glints2/dict_0007_0187.uasset" 10594
"../../../Engine/Content/EngineMaterials/Substrate/Glints2/dict_0007_0185.uasset" 10595
"../../../Engine/Content/EngineMaterials/Substrate/Glints2/dict_0007_0188.uasset" 10596
"../../../Engine/Content/EngineMaterials/Substrate/Glints2/dict_0007_0186.uasset" 10597
"../../../Engine/Content/EngineMaterials/Substrate/Glints2/dict_0007_0189.uasset" 10598
"../../../Engine/Content/EngineMaterials/Substrate/Glints2/dict_0007_0190.uasset" 10599
"/Engine/EngineMaterials/Substrate/Glints2/dict_0007_0166" 10600
"../../../Engine/Content/EngineMaterials/Substrate/Glints2/dict_0007_0191.uasset" 10601
"/Engine/EngineMaterials/Substrate/Glints2/dict_0007_0165" 10602
"/Engine/EngineMaterials/Substrate/Glints2/dict_0007_0164" 10603
"/Engine/EngineMaterials/Substrate/Glints2/dict_0007_0163" 10604
"/Engine/EngineMaterials/Substrate/Glints2/dict_0007_0162" 10605
"/Engine/EngineMaterials/Substrate/Glints2/dict_0007_0161" 10606
"/Engine/EngineMaterials/Substrate/Glints2/dict_0007_0160" 10607
"/Engine/EngineMaterials/Substrate/Glints2/dict_0007_0191" 10608
"../../../Engine/Content/EngineMaterials/Substrate/Glints2/dict_0007_0193.uasset" 10609
"../../../Engine/Content/EngineMaterials/Substrate/Glints2/dict_0007_0200.uasset" 10610
"../../../Engine/Content/EngineMaterials/Substrate/Glints2/dict_0007_0197.uasset" 10611
"../../../Engine/Content/EngineMaterials/Substrate/Glints2/dict_0007_0194.uasset" 10612
"../../../Engine/Content/EngineMaterials/Substrate/Glints2/dict_0007_0196.uasset" 10613
"../../../Engine/Content/EngineMaterials/Substrate/Glints2/dict_0007_0192.uasset" 10614
"../../../Engine/Content/EngineMaterials/Substrate/Glints2/dict_0007_0199.uasset" 10615
"../../../Engine/Content/EngineMaterials/Substrate/Glints2/dict_0007_0198.uasset" 10616
"../../../Engine/Content/EngineMaterials/Substrate/Glints2/dict_0007_0195.uasset" 10617
"/Engine/EngineMaterials/Substrate/Glints2/dict_0007_0190" 10618
"/Engine/EngineMaterials/Substrate/Glints2/dict_0007_0189" 10619
"/Engine/EngineMaterials/Substrate/Glints2/dict_0007_0188" 10620
"/Engine/EngineMaterials/Substrate/Glints2/dict_0007_0187" 10621
"/Engine/EngineMaterials/Substrate/Glints2/dict_0007_0186" 10622
"/Engine/EngineMaterials/Substrate/Glints2/dict_0007_0185" 10623
"/Engine/EngineMaterials/Substrate/Glints2/dict_0007_0184" 10624
"/Engine/EngineMaterials/Substrate/Glints2/dict_0007_0183" 10625
"/Engine/EngineMaterials/Substrate/Glints2/dict_0007_0182" 10626
"/Engine/EngineMaterials/Substrate/Glints2/dict_0007_0181" 10627
"/Engine/EngineMaterials/Substrate/Glints2/dict_0007_0180" 10628
"/Engine/EngineMaterials/Substrate/Glints2/dict_0007_0179" 10629
"/Engine/EngineMaterials/Substrate/Glints2/dict_0007_0178" 10630
"/Engine/EngineMaterials/Substrate/Glints2/dict_0007_0177" 10631
"/Engine/EngineMaterials/Substrate/Glints2/dict_0007_0176" 10632
"/Engine/EngineMaterials/Substrate/Glints2/dict_0007_0175" 10633
"/Engine/EngineMaterials/Substrate/Glints2/dict_0007_0174" 10634
"/Engine/EngineMaterials/Substrate/Glints2/dict_0007_0173" 10635
"/Engine/EngineMaterials/Substrate/Glints2/dict_0007_0172" 10636
"/Engine/EngineMaterials/Substrate/Glints2/dict_0007_0171" 10637
"/Engine/EngineMaterials/Substrate/Glints2/dict_0007_0170" 10638
"/Engine/EngineMaterials/Substrate/Glints2/dict_0007_0169" 10639
"/Engine/EngineMaterials/Substrate/Glints2/dict_0007_0200" 10640
"../../../Engine/Content/EngineMaterials/Substrate/Glints2/dict_0007_0203.uasset" 10641
"../../../Engine/Content/EngineMaterials/Substrate/Glints2/dict_0007_0202.uasset" 10642
"../../../Engine/Content/EngineMaterials/Substrate/Glints2/dict_0007_0205.uasset" 10643
"../../../Engine/Content/EngineMaterials/Substrate/Glints2/dict_0007_0206.uasset" 10644
"../../../Engine/Content/EngineMaterials/Substrate/Glints2/dict_0007_0208.uasset" 10645
"../../../Engine/Content/EngineMaterials/Substrate/Glints2/dict_0007_0209.uasset" 10646
"../../../Engine/Content/EngineMaterials/Substrate/Glints2/dict_0007_0204.uasset" 10647
"../../../Engine/Content/EngineMaterials/Substrate/Glints2/dict_0007_0207.uasset" 10648
"../../../Engine/Content/EngineMaterials/Substrate/Glints2/dict_0007_0201.uasset" 10649
"../../../Engine/Content/EngineMaterials/Substrate/Glints2/dict_0007_0210.uasset" 10650
"/Engine/EngineMaterials/Substrate/Glints2/dict_0007_0199" 10651
"../../../Engine/Content/EngineMaterials/Substrate/Glints2/dict_0007_0211.uasset" 10652
"../../../Engine/Content/EngineMaterials/Substrate/Glints2/dict_0007_0213.uasset" 10653
"../../../Engine/Content/EngineMaterials/Substrate/Glints2/dict_0007_0212.uasset" 10654
"../../../Engine/Content/EngineMaterials/Substrate/Glints2/dict_0007_0214.uasset" 10655
"../../../Engine/Content/EngineMaterials/Substrate/Glints2/dict_0007_0215.uasset" 10656
"../../../Engine/Content/EngineMaterials/Substrate/Glints2/dict_0007_0217.uasset" 10657
"../../../Engine/Content/EngineMaterials/Substrate/Glints2/dict_0007_0216.uasset" 10658
"../../../Engine/Content/EngineMaterials/Substrate/Glints2/dict_0007_0218.uasset" 10659
"../../../Engine/Content/EngineMaterials/Substrate/Glints2/dict_0007_0219.uasset" 10660
"../../../Engine/Content/EngineMaterials/Substrate/Glints2/dict_0007_0220.uasset" 10661
"../../../Engine/Content/EngineMaterials/Substrate/Glints2/dict_0007_0221.uasset" 10662
"../../../Engine/Content/EngineMaterials/Substrate/Glints2/dict_0007_0223.uasset" 10663
"../../../Engine/Content/EngineMaterials/Substrate/Glints2/dict_0007_0222.uasset" 10664
"/Engine/EngineMaterials/Substrate/Glints2/dict_0007_0198" 10665
"/Engine/EngineMaterials/Substrate/Glints2/dict_0007_0197" 10666
"/Engine/EngineMaterials/Substrate/Glints2/dict_0007_0196" 10667
"/Engine/EngineMaterials/Substrate/Glints2/dict_0007_0195" 10668
"/Engine/EngineMaterials/Substrate/Glints2/dict_0007_0194" 10669
"/Engine/EngineMaterials/Substrate/Glints2/dict_0007_0193" 10670
"/Engine/EngineMaterials/Substrate/Glints2/dict_0007_0192" 10671
"/Engine/EngineMaterials/Substrate/Glints2/dict_0007_0223" 10672
"../../../Engine/Content/EngineMaterials/Substrate/Glints2/dict_0007_0224.uasset" 10673
"../../../Engine/Content/EngineMaterials/Substrate/Glints2/dict_0007_0225.uasset" 10674
"../../../Engine/Content/EngineMaterials/Substrate/Glints2/dict_0007_0228.uasset" 10675
"../../../Engine/Content/EngineMaterials/Substrate/Glints2/dict_0007_0227.uasset" 10676
"../../../Engine/Content/EngineMaterials/Substrate/Glints2/dict_0007_0226.uasset" 10677
"../../../Engine/Content/EngineMaterials/Substrate/Glints2/dict_0007_0229.uasset" 10678
"../../../Engine/Content/EngineMaterials/Substrate/Glints2/dict_0007_0232.uasset" 10679
"../../../Engine/Content/EngineMaterials/Substrate/Glints2/dict_0007_0230.uasset" 10680
"../../../Engine/Content/EngineMaterials/Substrate/Glints2/dict_0007_0231.uasset" 10681
"/Engine/EngineMaterials/Substrate/Glints2/dict_0007_0222" 10682
"/Engine/EngineMaterials/Substrate/Glints2/dict_0007_0221" 10683
"/Engine/EngineMaterials/Substrate/Glints2/dict_0007_0220" 10684
"/Engine/EngineMaterials/Substrate/Glints2/dict_0007_0219" 10685
"/Engine/EngineMaterials/Substrate/Glints2/dict_0007_0218" 10686
"/Engine/EngineMaterials/Substrate/Glints2/dict_0007_0217" 10687
"/Engine/EngineMaterials/Substrate/Glints2/dict_0007_0216" 10688
"/Engine/EngineMaterials/Substrate/Glints2/dict_0007_0215" 10689
"/Engine/EngineMaterials/Substrate/Glints2/dict_0007_0214" 10690
"/Engine/EngineMaterials/Substrate/Glints2/dict_0007_0213" 10691
"/Engine/EngineMaterials/Substrate/Glints2/dict_0007_0212" 10692
"/Engine/EngineMaterials/Substrate/Glints2/dict_0007_0211" 10693
"/Engine/EngineMaterials/Substrate/Glints2/dict_0007_0210" 10694
"/Engine/EngineMaterials/Substrate/Glints2/dict_0007_0209" 10695
"/Engine/EngineMaterials/Substrate/Glints2/dict_0007_0208" 10696
"/Engine/EngineMaterials/Substrate/Glints2/dict_0007_0207" 10697
"/Engine/EngineMaterials/Substrate/Glints2/dict_0007_0206" 10698
"/Engine/EngineMaterials/Substrate/Glints2/dict_0007_0205" 10699
"/Engine/EngineMaterials/Substrate/Glints2/dict_0007_0204" 10700
"/Engine/EngineMaterials/Substrate/Glints2/dict_0007_0203" 10701
"/Engine/EngineMaterials/Substrate/Glints2/dict_0007_0202" 10702
"/Engine/EngineMaterials/Substrate/Glints2/dict_0007_0201" 10703
"/Engine/EngineMaterials/Substrate/Glints2/dict_0007_0232" 10704
"../../../Engine/Content/EngineMaterials/Substrate/Glints2/dict_0007_0236.uasset" 10705
"../../../Engine/Content/EngineMaterials/Substrate/Glints2/dict_0007_0237.uasset" 10706
"../../../Engine/Content/EngineMaterials/Substrate/Glints2/dict_0007_0233.uasset" 10707
"../../../Engine/Content/EngineMaterials/Substrate/Glints2/dict_0007_0238.uasset" 10708
"../../../Engine/Content/EngineMaterials/Substrate/Glints2/dict_0007_0241.uasset" 10709
"../../../Engine/Content/EngineMaterials/Substrate/Glints2/dict_0007_0240.uasset" 10710
"../../../Engine/Content/EngineMaterials/Substrate/Glints2/dict_0007_0242.uasset" 10711
"../../../Engine/Content/EngineMaterials/Substrate/Glints2/dict_0007_0234.uasset" 10712
"../../../Engine/Content/EngineMaterials/Substrate/Glints2/dict_0007_0235.uasset" 10713
"../../../Engine/Content/EngineMaterials/Substrate/Glints2/dict_0007_0239.uasset" 10714
"/Engine/EngineMaterials/Substrate/Glints2/dict_0007_0231" 10715
"../../../Engine/Content/EngineMaterials/Substrate/Glints2/dict_0007_0243.uasset" 10716
"../../../Engine/Content/EngineMaterials/Substrate/Glints2/dict_0007_0244.uasset" 10717
"../../../Engine/Content/EngineMaterials/Substrate/Glints2/dict_0007_0245.uasset" 10718
"../../../Engine/Content/EngineMaterials/Substrate/Glints2/dict_0007_0246.uasset" 10719
"../../../Engine/Content/EngineMaterials/Substrate/Glints2/dict_0007_0250.uasset" 10720
"../../../Engine/Content/EngineMaterials/Substrate/Glints2/dict_0007_0247.uasset" 10721
"../../../Engine/Content/EngineMaterials/Substrate/Glints2/dict_0007_0251.uasset" 10722
"../../../Engine/Content/EngineMaterials/Substrate/Glints2/dict_0007_0249.uasset" 10723
"../../../Engine/Content/EngineMaterials/Substrate/Glints2/dict_0007_0252.uasset" 10724
"../../../Engine/Content/EngineMaterials/Substrate/Glints2/dict_0007_0253.uasset" 10725
"../../../Engine/Content/EngineMaterials/Substrate/Glints2/dict_0007_0248.uasset" 10726
"/Engine/EngineMaterials/Substrate/Glints2/dict_0007_0230" 10727
"../../../Engine/Content/EngineMaterials/Substrate/Glints2/dict_0007_0255.uasset" 10728
"../../../Engine/Content/EngineMaterials/Substrate/Glints2/dict_0007_0254.uasset" 10729
"/Engine/EngineMaterials/Substrate/Glints2/dict_0007_0229" 10730
"/Engine/EngineMaterials/Substrate/Glints2/dict_0007_0228" 10731
"/Engine/EngineMaterials/Substrate/Glints2/dict_0007_0227" 10732
"/Engine/EngineMaterials/Substrate/Glints2/dict_0007_0226" 10733
"/Engine/EngineMaterials/Substrate/Glints2/dict_0007_0225" 10734
"/Engine/EngineMaterials/Substrate/Glints2/dict_0007_0224" 10735
"../../../Engine/Content/EngineMaterials/Substrate/Glints2/AGlintTex2dArray2.uasset" 10736
"../../../Engine/Content/EngineMaterials/Substrate/Volume/SubstrateSimpleVolumeLUT2D.uasset" 10737
"../../../Engine/Content/EngineMaterials/Substrate/Volume/SubstrateSimpleVolumeEnvLUT2D.uasset" 10738
"../../../Engine/Content/EngineMaterials/Substrate/Volume/SubstrateSimpleVolumeEnvLUT3D.uasset" 10739
"../../../Engine/Content/EngineMaterials/DefaultCalibrationGrayscale.uasset" 10740
"../../../Engine/Content/EngineMaterials/PPM_DefaultCalibrationColor.uasset" 10741
"../../../Engine/Content/EngineMaterials/Substrate/Volume/SubstrateSimpleVolumeLUT3D.uasset" 10742
"../../../Engine/Content/EngineMaterials/PPM_DefaultCalibrationGrayscale.uasset" 10743
"/Engine/EngineMaterials/Substrate/Glints2/dict_0007_0255" 10744
"../../../Engine/Content/EngineMaterials/DefaultCalibrationColor.uasset" 10745
"/Engine/EngineMaterials/Substrate/Glints2/dict_0007_0254" 10746
"/Engine/EngineMaterials/Substrate/Glints2/dict_0007_0253" 10747
"/Engine/EngineMaterials/Substrate/Glints2/dict_0007_0252" 10748
"/Engine/EngineMaterials/Substrate/Glints2/dict_0007_0251" 10749
"/Engine/EngineMaterials/Substrate/Glints2/dict_0007_0250" 10750
"/Engine/EngineMaterials/Substrate/Glints2/dict_0007_0249" 10751
"/Engine/EngineMaterials/Substrate/Glints2/dict_0007_0248" 10752
"/Engine/EngineMaterials/Substrate/Glints2/dict_0007_0247" 10753
"/Engine/EngineMaterials/Substrate/Glints2/dict_0007_0246" 10754
"/Engine/EngineMaterials/Substrate/Glints2/dict_0007_0245" 10755
"/Engine/EngineMaterials/Substrate/Glints2/dict_0007_0244" 10756
"/Engine/EngineMaterials/Substrate/Glints2/dict_0007_0243" 10757
"/Engine/EngineMaterials/Substrate/Glints2/dict_0007_0242" 10758
"/Engine/EngineMaterials/Substrate/Glints2/dict_0007_0241" 10759
"/Engine/EngineMaterials/Substrate/Glints2/dict_0007_0240" 10760
"/Engine/EngineMaterials/Substrate/Glints2/dict_0007_0239" 10761
"/Engine/EngineMaterials/Substrate/Glints2/dict_0007_0238" 10762
"/Engine/EngineMaterials/Substrate/Glints2/dict_0007_0237" 10763
"/Engine/EngineMaterials/Substrate/Glints2/dict_0007_0236" 10764
"/Engine/EngineMaterials/Substrate/Glints2/dict_0007_0235" 10765
"/Engine/EngineMaterials/Substrate/Glints2/dict_0007_0234" 10766
"/Engine/EngineMaterials/Substrate/Glints2/dict_0007_0233" 10767
"../../../Engine/Content/Functions/MaterialLayerFunctions/MatLayerBlend_OverrideOpacity.uasset" 10768
"../../../Engine/Content/Functions/Engine_MaterialFunctions03/Procedurals/HeightToNormalSmooth.uasset" 10769
"../../../Engine/Plugins/Interchange/Assets/Content/Functions/MX_Surface.uasset" 10770
"../../../Engine/Content/Functions/Engine_MaterialFunctions02/Utility/BlendAngleCorrectedNormals.uasset" 10771
"../../../Engine/Plugins/NNE/NNEDenoiser/Content/NNEDIM_ColorAlbedoNormal_Alpha.uasset" 10772
"../../../Engine/Plugins/NNE/NNEDenoiser/Content/NNEDIM_ColorAlbedoNormal_Default.uasset" 10773
"../../../Engine/Plugins/NNE/NNEDenoiser/Content/NNEDIM_HighQuality_Alpha.uasset" 10774
"../../../Engine/Plugins/NNE/NNEDenoiser/Content/NNEDOM_Output_Alpha.uasset" 10775
"../../../Engine/Plugins/NNE/NNEDenoiser/Content/NNEDIM_HighQuality_Default.uasset" 10776
"../../../Engine/Plugins/Interchange/Assets/Content/Functions/MX_Displacement.uasset" 10777
"/Engine/EngineMaterials/PPM_DefaultCalibrationGrayscale" 10778
"../../../Engine/Plugins/NNE/NNEDenoiser/Content/NNEDOM_Output_Default.uasset" 10779
"../../../Engine/Plugins/NNE/NNEDenoiser/Content/NNEDTIM_ColorAlbedoNormal_Alpha.uasset" 10780
"../../../Engine/Plugins/NNE/NNEDenoiser/Content/NNEDTIM_ColorAlbedoNormal_Default.uasset" 10781
"../../../Engine/Plugins/NNE/NNEDenoiser/Content/NNEDTOM_Output_Default.uasset" 10782
"../../../Engine/Plugins/NNE/NNEDenoiser/Content/NNEDTOM_Output_Alpha.uasset" 10783
"../../../Engine/Plugins/NNE/NNEDenoiser/Content/NNEDT_Oidn2-3_Balanced_Alpha.uasset" 10784
"../../../Engine/Plugins/NNE/NNEDenoiser/Content/NNED_Oidn2-3_Balanced.uasset" 10785
"../../../Engine/Plugins/NNE/NNEDenoiser/Content/NNEDT_Oidn2-3_Balanced.uasset" 10786
"../../../Engine/Plugins/NNE/NNEDenoiser/Content/NNED_Oidn2-3_Balanced_Alpha.uasset" 10787
"../../../Engine/Plugins/NNE/NNEDenoiser/Content/NNED_Oidn2-3_Fast_Alpha.uasset" 10788
"../../../Engine/Plugins/NNE/NNEDenoiser/Content/NNED_Oidn2-3_HighQuality.uasset" 10789
"../../../Engine/Plugins/NNE/NNEDenoiser/Content/NNED_Oidn2-3_Fast.uasset" 10790
"../../../Engine/Plugins/NNE/NNEDenoiser/Content/NNED_Oidn2-3_HighQuality_Alpha.uasset" 10791
"/Engine/EngineMaterials/PPM_DefaultCalibrationColor" 10792
"/Engine/EngineMaterials/Substrate/Volume/SubstrateSimpleVolumeEnvLUT3D" 10793
"/Engine/EngineMaterials/Substrate/Volume/SubstrateSimpleVolumeLUT3D" 10794
"/Engine/EngineMaterials/Substrate/Glints2/AGlintTex2dArray2" 10795
"/Engine/Functions/Engine_MaterialFunctions02/Utility/BlendAngleCorrectedNormals" 10796
"/Engine/Functions/Engine_MaterialFunctions03/Procedurals/HeightToNormalSmooth" 10797
"/InterchangeAssets/Functions/MX_Surface" 10798
"/NNEDenoiser/NNED_Oidn2-3_HighQuality_Alpha" 10799
"../../../Engine/Plugins/NNE/NNEDenoiser/Content/NNE_oidn2-3-0_rt_hdr_alb_nrm_small__dyn__fp16_opset11_ForwardAlpha.uasset" 10800
"../../../Engine/Plugins/NNE/NNEDenoiser/Content/NNE_oidn2-3-0_rt_hdr_alb_nrm_small__dyn__fp16_opset11_DenoiseAlpha.uasset" 10801
"../../../Engine/Plugins/NNE/NNEDenoiser/Content/NNE_oidn2-3-0_rt_hdr_calb_cnrm_large__dyn__fp16_opset11_DenoiseAlpha.uasset" 10802
"../../../Engine/Plugins/NNE/NNEDenoiser/Content/NNE_oidn2-3-0_rt_hdr_calb_cnrm_large__dyn__fp16_opset11_ForwardAlpha.uasset" 10803
"../../../Engine/Plugins/NNE/NNEDenoiser/Content/NNE_oidn2-3-0_rt_hdr_alb_nrm__dyn__fp16_opset11_DenoiseAlpha.uasset" 10804
"../../../Engine/Plugins/NNE/NNEDenoiser/Content/NNE_oidn2-3-0_rt_hdr_alb_nrm__dyn__fp16_opset11_ForwardAlpha.uasset" 10805
"/NNEDenoiser/NNED_Oidn2-3_HighQuality" 10806
"/NNEDenoiser/NNED_Oidn2-3_Fast_Alpha" 10807
"/NNEDenoiser/NNED_Oidn2-3_Fast" 10808
"/NNEDenoiser/NNED_Oidn2-3_Balanced_Alpha" 10809
"/NNEDenoiser/NNED_Oidn2-3_Balanced" 10810
"/NNEDenoiser/NNEDT_Oidn2-3_Balanced_Alpha" 10811
"/NNEDenoiser/NNEDT_Oidn2-3_Balanced" 10812
"/NNEDenoiser/NNEDTOM_Output_Default" 10813
"/NNEDenoiser/NNEDTOM_Output_Alpha" 10814
"/NNEDenoiser/NNEDTIM_ColorAlbedoNormal_Default" 10815
"/NNEDenoiser/NNEDTIM_ColorAlbedoNormal_Alpha" 10816
"/NNEDenoiser/NNEDOM_Output_Default" 10817
"/NNEDenoiser/NNEDOM_Output_Alpha" 10818
"/NNEDenoiser/NNEDIM_HighQuality_Default" 10819
"/NNEDenoiser/NNEDIM_HighQuality_Alpha" 10820
"/NNEDenoiser/NNEDIM_ColorAlbedoNormal_Default" 10821
"/NNEDenoiser/NNEDIM_ColorAlbedoNormal_Alpha" 10822
"/InterchangeAssets/Functions/MX_Displacement" 10823
"/NNEDenoiser/NNE_oidn2-3-0_rt_hdr_calb_cnrm_large__dyn__fp16_opset11_ForwardAlpha" 10824
"/NNEDenoiser/NNE_oidn2-3-0_rt_hdr_calb_cnrm_large__dyn__fp16_opset11_DenoiseAlpha" 10825
"/NNEDenoiser/NNE_oidn2-3-0_rt_hdr_alb_nrm__dyn__fp16_opset11_ForwardAlpha" 10826
"/NNEDenoiser/NNE_oidn2-3-0_rt_hdr_alb_nrm__dyn__fp16_opset11_DenoiseAlpha" 10827
"/NNEDenoiser/NNE_oidn2-3-0_rt_hdr_alb_nrm_small__dyn__fp16_opset11_ForwardAlpha" 10828
"/NNEDenoiser/NNE_oidn2-3-0_rt_hdr_alb_nrm_small__dyn__fp16_opset11_DenoiseAlpha" 10829
"C:/Users/symbi/Documents/School Stuff/LvlDesign2/Project2/Emily/LvlDesign02_TeamLuminous_Project02/Intermediate/ORTOptimizerPass_Optimized34ACE5BC4827E812B62D1380FE58BA8A.onnx" 10830
"C:/Users/symbi/Documents/School Stuff/LvlDesign2/Project2/Emily/LvlDesign02_TeamLuminous_Project02/Intermediate/ORTOptimizerPass_OptimizedD7F00230407E5A2BFE9235824BBDE2BD.onnx" 10831
"C:/Users/symbi/Documents/School Stuff/LvlDesign2/Project2/Emily/LvlDesign02_TeamLuminous_Project02/Intermediate/ORTOptimizerPass_Optimized80B3FDAD45DF84D58F03E7BA6660D1DE.onnx" 10832
"C:/Users/symbi/Documents/School Stuff/LvlDesign2/Project2/Emily/LvlDesign02_TeamLuminous_Project02/Intermediate/ORTOptimizerPass_OptimizedA5CBA48141546C68D4D821A1251BD36E.onnx" 10833
"C:/Users/symbi/Documents/School Stuff/LvlDesign2/Project2/Emily/LvlDesign02_TeamLuminous_Project02/Intermediate/ORTOptimizerPass_Optimized334AA9A149DEC6D93A54D4972213DC7D.onnx" 10834
"C:/Users/symbi/Documents/School Stuff/LvlDesign2/Project2/Emily/LvlDesign02_TeamLuminous_Project02/Intermediate/ORTOptimizerPass_Optimized41C2D3634418A9344112B083891A362F.onnx" 10835
"C:/Users/symbi/Documents/School Stuff/LvlDesign2/Project2/Emily/LvlDesign02_TeamLuminous_Project02/Intermediate/ORTOptimizerPass_Optimized92C4F71A4B8D6AC04BF9D89F13D0BAB8.onnx" 10836
"C:/Users/symbi/Documents/School Stuff/LvlDesign2/Project2/Emily/LvlDesign02_TeamLuminous_Project02/Intermediate/ORTOptimizerPass_Optimized33207C6748317D007FCC378CDAC841DA.onnx" 10837
"C:/Users/symbi/Documents/School Stuff/LvlDesign2/Project2/Emily/LvlDesign02_TeamLuminous_Project02/Intermediate/ORTOptimizerPass_Optimized445A31244EFF07A3B6A348B7AF10111D.onnx" 10838
"C:/Users/symbi/Documents/School Stuff/LvlDesign2/Project2/Emily/LvlDesign02_TeamLuminous_Project02/Intermediate/ORTOptimizerPass_OptimizedC98B73E94E705074B9E4459CF90FC391.onnx" 10839
"C:/Users/symbi/Documents/School Stuff/LvlDesign2/Project2/Emily/LvlDesign02_TeamLuminous_Project02/Intermediate/ORTOptimizerPass_OptimizedD24A35534AF6F82FA1A400840EF756E2.onnx" 10840
"C:/Users/symbi/Documents/School Stuff/LvlDesign2/Project2/Emily/LvlDesign02_TeamLuminous_Project02/Intermediate/ORTOptimizerPass_Optimized83C353F142051AD5AA28B9BAD9A81130.onnx" 10841
"C:/Users/symbi/Documents/School Stuff/LvlDesign2/Project2/Emily/LvlDesign02_TeamLuminous_Project02/DerivedDataCache/VT/TEXTURE_7C16439390E24F1F9468894FB4D4BC55_VTCHUNK44B429B40BB45A070EB17C1259C28734996A2F49" 10842
"C:/Users/symbi/Documents/School Stuff/LvlDesign2/Project2/Emily/LvlDesign02_TeamLuminous_Project02/DerivedDataCache/VT/TEXTURE_7C16439390E24F1F9468894FB4D4BC55_VTCHUNK967C747FFC357A828288FA05D93CD5DCECDA891B" 10843
"C:/Users/symbi/Documents/School Stuff/LvlDesign2/Project2/Emily/LvlDesign02_TeamLuminous_Project02/DerivedDataCache/VT/TEXTURE_7C16439390E24F1F9468894FB4D4BC55_VTCHUNK2A5F9F60441DA258D18B46D59C64D5BAD50E8EE3" 10844
"../../../Engine/Content/EngineMaterials/DefaultBloomKernel.uasset" 10845
"../../../Engine/Content/EngineResources/FilmGrains/Marcie_Grain_v3_128_M2_000.uasset" 10846
"../../../Engine/Content/EngineResources/Development/ZenLogo_64.uasset" 10847
"../../../Engine/Content/EditorResources/BSPVertex.uasset" 10848
"../../../Engine/Content/EngineMaterials/FastBlueNoise_scalar_128x128x64.uasset" 10849
"../../../Engine/Content/EngineMaterials/LTC/Sheen_LTC.uasset" 10850
"../../../Engine/Content/EngineMaterials/FastBlueNoise_scalar_128x128x8.uasset" 10851
"../../../Engine/Content/EngineDebugMaterials/DebugEditorMaterial.uasset" 10852
"../../../Engine/Content/EngineMaterials/FastBlueNoise_vec2_128x128x64.uasset" 10853
"../../../Engine/Content/EngineMaterials/EnergyConservation/Sheen_Energy.uasset" 10854
"C:/Users/symbi/Documents/School Stuff/LvlDesign2/Project2/Emily/LvlDesign02_TeamLuminous_Project02/DerivedDataCache/VT/TEXTURE_7C16439390E24F1F9468894FB4D4BC55_VTCHUNKC0393DE8C5B4673D99D1BECB92AA8C1F72FEB491" 10855
"C:/Users/symbi/Documents/School Stuff/LvlDesign2/Project2/Emily/LvlDesign02_TeamLuminous_Project02/DerivedDataCache/VT/TEXTURE_7C16439390E24F1F9468894FB4D4BC55_VTCHUNK02D4C3BCAD7DFA48AB32B8281FB06B8B83DB6275" 10856
"/Engine/EngineMaterials/EnergyConservation/Sheen_Energy" 10857
"/Engine/EngineMaterials/LTC/Sheen_LTC" 10858
"/Engine/EngineMaterials/FastBlueNoise_vec2_128x128x64" 10859
"/Engine/EngineMaterials/FastBlueNoise_scalar_128x128x8" 10860
"/Engine/EngineMaterials/FastBlueNoise_scalar_128x128x64" 10861
"/Engine/EngineDebugMaterials/DebugEditorMaterial" 10862
"/Engine/EngineResources/Development/ZenLogo_64" 10863
"/Engine/EngineResources/FilmGrains/Marcie_Grain_v3_128_M2_000" 10864
"/Engine/EngineMaterials/DefaultBloomKernel" 10865
"/Engine/EditorResources/BSPVertex" 10866
"../../../Engine/Content/EngineSounds/Master.uasset" 10867
"../../../Engine/Content/EngineMaterials/EnergyConservation/Diffuse_Energy.uasset" 10868
"../../../Engine/Plugins/Interchange/Runtime/Content/Pipelines/DefaultAssetsPipeline.uasset" 10869
"../../../Engine/Plugins/Interchange/Runtime/Content/Pipelines/DefaultGLTFAssetsPipeline.uasset" 10870
"../../../Engine/Plugins/Interchange/Runtime/Content/Pipelines/DefaultMaterialXPipeline.uasset" 10871
"../../../Engine/Plugins/Interchange/Runtime/Content/Pipelines/DefaultMaterialPipeline.uasset" 10872
"../../../Engine/Plugins/Interchange/Runtime/Content/Pipelines/DefaultGLTFPipeline.uasset" 10873
"../../../Engine/Plugins/Interchange/Runtime/Content/Pipelines/DefaultSceneLevelPipeline.uasset" 10874
"../../../Engine/Plugins/Interchange/Runtime/Content/Pipelines/DefaultGLTFSceneAssetsPipeline.uasset" 10875
"../../../Engine/Plugins/Interchange/Runtime/Content/Pipelines/DefaultSceneAssetsPipeline.uasset" 10876
"../../../Engine/Plugins/Interchange/Runtime/Content/Pipelines/DefaultTexturePipeline.uasset" 10877
"../../../Engine/Plugins/Interchange/Assets/Content/Functions/MX_UsdPreviewSurface.uasset" 10878
"../../../Engine/Plugins/Interchange/Assets/Content/Functions/MX_BurleyDiffuseBSDF.uasset" 10879
"../../../Engine/Plugins/Interchange/Assets/Content/Functions/MX_SurfaceUnlit.uasset" 10880
"../../../Engine/Plugins/Interchange/Assets/Content/Functions/MX_OrenNayarBSDF.uasset" 10881
"../../../Engine/Plugins/Interchange/Assets/Content/Functions/MX_TranslucentBSDF.uasset" 10882
"../../../Engine/Plugins/Interchange/Assets/Content/Functions/MX_ConductorBSDF.uasset" 10883
"../../../Engine/Plugins/Interchange/Assets/Content/Functions/MX_DielectricBSDF.uasset" 10884
"../../../Engine/Plugins/Interchange/Assets/Content/Functions/MX_GeneralizedSchlickBSDF.uasset" 10885
"../../../Engine/Plugins/Animation/ControlRig/Content/Controls/ControlRigGizmoMaterial.uasset" 10886
"../../../Engine/Plugins/Interchange/Assets/Content/Functions/MX_SheenBSDF.uasset" 10887
"../../../Engine/Plugins/Interchange/Assets/Content/Functions/MX_ThinFilmBSDF.uasset" 10888
"../../../Engine/Plugins/Interchange/Assets/Content/Functions/MX_UniformEDF.uasset" 10889
"../../../Engine/Plugins/Interchange/Assets/Content/Functions/MX_SubsurfaceBSDF.uasset" 10890
"../../../Engine/Plugins/Interchange/Assets/Content/Functions/MX_ConicalEDF.uasset" 10891
"../../../Engine/Plugins/Interchange/Assets/Content/Functions/MX_MeasuredEDF.uasset" 10892
"../../../Engine/Plugins/Interchange/Assets/Content/Functions/MX_AnisotropicVDF.uasset" 10893
"../../../Engine/Plugins/Interchange/Assets/Content/Functions/MX_AbsorptionVDF.uasset" 10894
"/InterchangeAssets/Functions/MX_MeasuredEDF" 10895
"/InterchangeAssets/Functions/MX_ConicalEDF" 10896
"/InterchangeAssets/Functions/MX_UniformEDF" 10897
"/InterchangeAssets/Functions/MX_ThinFilmBSDF" 10898
"/InterchangeAssets/Functions/MX_SheenBSDF" 10899
"/InterchangeAssets/Functions/MX_SubsurfaceBSDF" 10900
"/InterchangeAssets/Functions/MX_GeneralizedSchlickBSDF" 10901
"/InterchangeAssets/Functions/MX_ConductorBSDF" 10902
"/InterchangeAssets/Functions/MX_DielectricBSDF" 10903
"/InterchangeAssets/Functions/MX_TranslucentBSDF" 10904
"/InterchangeAssets/Functions/MX_BurleyDiffuseBSDF" 10905
"/InterchangeAssets/Functions/MX_OrenNayarBSDF" 10906
"/InterchangeAssets/Functions/MX_UsdPreviewSurface" 10907
"/InterchangeAssets/Functions/MX_SurfaceUnlit" 10908
"/Interchange/Pipelines/DefaultGLTFSceneAssetsPipeline" 10909
"/Interchange/Pipelines/DefaultSceneLevelPipeline" 10910
"/Interchange/Pipelines/DefaultSceneAssetsPipeline" 10911
"/Interchange/Pipelines/DefaultTexturePipeline" 10912
"/Interchange/Pipelines/DefaultMaterialPipeline" 10913
"/ControlRig/Controls/ControlRigGizmoMaterial" 10914
"/InterchangeAssets/Functions/MX_AnisotropicVDF" 10915
"/InterchangeAssets/Functions/MX_AbsorptionVDF" 10916
"/Interchange/Pipelines/DefaultGLTFPipeline" 10917
"/Interchange/Pipelines/DefaultGLTFAssetsPipeline" 10918
"/Interchange/Pipelines/DefaultMaterialXPipeline" 10919
"/Interchange/Pipelines/DefaultAssetsPipeline" 10920
"/Engine/EngineSounds/Master" 10921
"/Engine/EngineMaterials/EnergyConservation/Diffuse_Energy" 10922
"C:/Users/symbi/Documents/School Stuff/LvlDesign2/Project2/Emily/LvlDesign02_TeamLuminous_Project02/Saved/Cooked/Windows/MyProject3/Metadata/CookedSettings.txt" 10923
